{
  "difficulty": "EASY",
  "objects": [
    {
      "id": "box",
      "image_urls": [
        "https://www.mysteryboxkopen.nl/wp-content/uploads/2019/01/Mystery_Box_V01-e1548633735113.png",
        "https://www.doggy-box.com/wp-content/themes/doggy-box/img/open-box.png",
        "https://static.cdn.packhelp.com/wp-content/uploads/2021/05/05134118/Packhelp24945-1-1.png",
        "https://cdn.shopify.com/s/files/1/0300/7227/4989/files/box_logo_white_bg_300x300.png",
        "https://cdn.shopify.com/s/files/1/0380/2146/4203/products/Cardboard-box-Silver-transparent_600x.png"
      ],
      "definitions": [
        "a (usually rectangular) container; may have a lid",
        "private area in a theater or grandstand where a small group can watch the performance",
        "the quantity contained in a box",
        "a predicament from which a skillful or graceful escape is impossible",
        "a rectangular drawing",
        "evergreen shrubs or small trees",
        "any one of several designated areas on a ball field where the batter or catcher or coaches are positioned",
        "the driver's seat on a coach",
        "separate partitioned area in a public place for a few people",
        "a blow with the hand (usually on the ear)"
      ]
    },
    {
      "id": "universe",
      "image_urls": [
        "https://static.wikia.nocookie.net/beyond-universe/images/5/54/Universe.png",
        "https://static.wikia.nocookie.net/beyond-universe/images/5/54/Universe.png",
        "https://thumbor.forbes.com/thumbor/fit-in/1200x0/https%3A%2F%2Fblogs-images.forbes.com%2Fstartswithabang%2Ffiles%2F2016%2F06%2FObservable_universe_logarithmic_illustration.png",
        "https://images.theconversation.com/files/301116/original/file-20191111-194633-1hal3qv.png",
        "https://grammartop.com/wp-content/uploads/2020/11/universe-27e98be8dcee446934a63f2e0ab8bba493692257.png"
      ],
      "definitions": [
        "everything that exists anywhere",
        "(statistics) the entire aggregation of items from which samples can be drawn",
        "everything stated or assumed in a given discussion"
      ]
    },
    {
      "id": "answer",
      "image_urls": [
        "https://www.netreviews.com/wp-content/uploads/2020/12/visuel_QR.png",
        "https://answergarden.ch/pics/answergarden-logo.png",
        "https://thewriteonproject.files.wordpress.com/2012/02/answer-button.png",
        "https://cdn0.iconfinder.com/data/icons/customer-service-and-feedback-part-2/64/Q_A-session-512.png",
        "https://writingexplained.org/wp-content/uploads/how-to-spell-answer.png"
      ],
      "definitions": [
        "a statement (either spoken or written) that is made to reply to a question or request or criticism or accusation",
        "a statement that solves a problem or explains how to solve the problem",
        "the speech act of replying to a question",
        "the principal pleading by the defendant in response to plaintiff's complaint; in criminal law it consists of the defendant's plea of `guilty' or `not guilty' (or nolo contendere); in civil law it must contain denials of all allegations in the plaintiff's complaint that the defendant hopes to controvert and it can contain affirmative defenses or counterclaims",
        "a nonverbal reaction"
      ]
    },
    {
      "id": "front",
      "image_urls": [
        "https://fractiefront.nl/wp-content/uploads/2017/03/front-logo-vereniging.png",
        "https://s2.coinmarketcap.com/static/img/coins/200x200/5893.png",
        "https://gdm-catalog-fmapi-prod.imgix.net/ProductLogo/60d95cd1-3673-4923-a6d6-958f305517c1.png",
        "https://paganresearch.io/images/frontapp.png",
        "https://cdn.front.com/assets/pages/homepage/homepage-screenshot-small.png"
      ],
      "definitions": [
        "the side that is forward or prominent",
        "the line along which opposing armies face each other",
        "the outward appearance of a person",
        "the side that is seen or that goes first",
        "a person used as a cover for some questionable activity",
        "a sphere of activity involving effort",
        "(meteorology) the atmospheric phenomenon created at the boundary between two different air masses",
        "the immediate proximity of someone or something",
        "the part of something that is nearest to the normal viewer",
        "a group of people with a common ideology who try together to achieve certain general goals"
      ]
    },
    {
      "id": "space",
      "image_urls": [
        "https://www.leolabs.space/wp-content/uploads/2020/04/earth.png",
        "https://pbs.twimg.com/profile_images/549322703589486592/o97AmUsa.png",
        "https://plate-attachments.s3.amazonaws.com/images/fde605768b/logoSEkleur150%20transp-48521.png",
        "https://resources.jetbrains.com/storage/products/space/img/meta/logo.png",
        "https://3718aeafc638f96f5bd6-d4a9ca15fc46ba40e71f94dec0aad28c.ssl.cf1.rackcdn.com/journal-astronomy-and-space-sciences.png"
      ],
      "definitions": [
        "the unlimited expanse in which everything is located",
        "an empty area (usually bounded in some way between things)",
        "an area reserved for some particular purpose",
        "any location outside the Earth's atmosphere",
        "a blank character used to separate successive words in writing or printing",
        "the interval between two times",
        "a blank area",
        "one of the areas between or below or above the lines of a musical staff",
        "(printing) a block of type without a raised letter; used for spacing between words or sentences"
      ]
    },
    {
      "id": "ballpark",
      "image_urls": [
        "https://images.squarespace-cdn.com/content/v1/5ace9d148f5130a183b3a87e/1574914259334-Q9DHTM9SZ4YF3GFGG864/BALLPARK+BRANDMARK_MASTER_RGB.png",
        "https://www.ballparkbrand.com/themes/custom/ballpark/images/Ballpark_Logo_Blue.png",
        "https://www.ballparkbrand.com/favicons/apple-touch-icon-180x180-precomposed.png",
        "https://mlbballparkpassport.com/wp-content/uploads/2014/05/21.png",
        "https://images.squarespace-cdn.com/content/v1/5846fa02bebafb624c0783dd/1549834631841-M9G4KNZD400XEKXUSPGD/Ballpark+Collective+Logo_Color_300ppi.png"
      ],
      "definitions": [
        "a facility in which ball games are played (especially baseball games)",
        "near to the scope or range of something"
      ]
    },
    {
      "id": "peanuts",
      "image_urls": [
        "https://upload.wikimedia.org/wikipedia/en/4/40/Peanuts_gang.png",
        "https://peanut-institute.com/wp-content/uploads/2017/08/peanut-home-focus.png",
        "https://cdn.shopify.com/s/files/1/0277/8474/0935/products/Bikaji-Classic-Salted-Peanuts-200g.png",
        "https://www.bikaji.com/pub/media/catalog/product/cache/b3b166914d87ce343d4dc5ec5117b502/h/i/hing-jeera-peanut-new-front.png",
        "https://swartberg.com/app/uploads/2018/04/peanuts_private_label_bag_medium-500x500.png"
      ],
      "definitions": [
        "underground pod of the peanut vine",
        "widely cultivated American plant cultivated in tropical and warm regions; showy yellow flowers on stalks that bend over to the soil so that seed pods ripen underground",
        "a young child who is small for his age",
        "pod of the peanut vine containing usually 2 nuts or seeds; `groundnut' and `monkey nut' are British terms"
      ]
    },
    {
      "id": "jar",
      "image_urls": [
        "https://www.etos.nl/dw/image/v2/BCTN_PRD/on/demandware.static/-/Sites-etos-master-catalog/default/dw953883ce/images/120527860/120527860_MCM_PACK_150516.png",
        "https://www.etos.nl/dw/image/v2/BCTN_PRD/on/demandware.static/-/Sites-etos-master-catalog/default/dw116bec09/images/120527771/120527771_MCM_PACK_150532.png",
        "https://www.candlewarmers.com/cache/PRODUCTIMAGE4018MAR.png",
        "https://www.oasisfloral.co.uk/media/catalog/product/cache/73fdfc624587e8942c64b15b96a5e275/4/5/45-03255_group_new_hailey_clear_and_green.png",
        "https://www.nutella.com/nl/sites/nutella20_nl/files/styles/scale_width_475/public/2020-09/de-nutella-pot-leeg-glas.png"
      ],
      "definitions": [
        "a vessel (usually cylindrical) with a wide mouth and without handles",
        "the quantity contained in a jar",
        "a sudden jarring impact"
      ]
    }
  ]
}