{
  "difficulty": "EASY",
  "objects": [
    {
      "id": "ontario",
      "image_urls": [
        "https://www.northeasternontario.com/wp-content/uploads/2021/01/ontario-map.png",
        "https://drivewyze.com/wp-content/uploads/Ontario-Site-Map-e1550871984839.png",
        "https://www.oahi.com/_images/regions/0.png",
        "https://www.ombudsman.on.ca/Media/ombudsman/ombudsman/Homepage/banner-logo.png",
        "https://www.ontario.ca/img/ontario@2x-print.png"
      ],
      "definitions": [
        "the smallest of the Great Lakes",
        "a prosperous and industrialized province in central Canada"
      ]
    },
    {
      "id": "canada",
      "image_urls": [
        "https://upload.wikimedia.org/wikipedia/commons/thumb/9/92/Political_map_of_Canada.svg/1200px-Political_map_of_Canada.svg.png",
        "https://upload.wikimedia.org/wikipedia/commons/thumb/9/92/Political_map_of_Canada.svg/350px-Political_map_of_Canada.svg.png",
        "https://upload.wikimedia.org/wikipedia/commons/thumb/3/3e/Canada_on_the_globe_%28North_America_centered%29.svg/1200px-Canada_on_the_globe_%28North_America_centered%29.svg.png",
        "https://www.rabobank.com/en/images/canada.png",
        "https://www.startupcan.ca/wp-content/themes/startup-canada/assets/img/canada-map.png"
      ],
      "definitions": [
        "a nation in northern North America; the French were the first Europeans to settle in mainland Canada"
      ]
    },
    {
      "id": "kentucky",
      "image_urls": [
        "https://static01.nyt.com/newsgraphics/2021/coronavirus-tracking/images/maps/USA-21/hotspots.png",
        "https://www.bls.gov/regions/southeast/images/18773.png",
        "https://images.squarespace-cdn.com/content/v1/5c96c17de5f7d145081a1f94/1566487739354-HM9I6GODVY37M7GBNTFU/Kentucky.png",
        "https://www.worldatlas.com/r/w768/upload/ae/30/f3/kentuckybend.png",
        "https://lirp.cdn-website.com/56c59ccd/dms3rep/multi/opt/AKA+Logo+Color-640w.png"
      ],
      "definitions": [
        "a state in east central United States; a border state during the American Civil War; famous for breeding race horses"
      ]
    },
    {
      "id": "books",
      "image_urls": [
        "https://hollandbooks.nl/wp-content/uploads/2018/01/books.png",
        "https://londonbooks.eu/wp-content/uploads/2021/03/VintageStudy-GNTAUS-768x667.png",
        "https://bulkbooks.com/assets/spree/frontend/parallax/home-p-back-d632f485ae844ad12f0e0d6b87f052e644e41b4b7f47f0e400095e19323a2645.png",
        "https://www.spl.org/Seattle-Public-Library/images/icons/online-resources/icons_115x115_1-18_books-reading.png",
        "https://emojipedia-us.s3.amazonaws.com/source/skype/289/books_1f4da.png"
      ],
      "definitions": [
        "a written work or composition that has been published (printed on pages bound together)",
        "physical objects consisting of a number of pages bound together",
        "a compilation of the known facts regarding something or someone",
        "a written version of a play or other dramatic composition; used in preparing for a performance",
        "a record in which commercial accounts are recorded",
        "a collection of playing cards satisfying the rules of a card game",
        "a collection of rules or prescribed standards on the basis of which decisions are made",
        "the sacred writings of Islam revealed by God to the prophet Muhammad during his life at Mecca and Medina",
        "the sacred writings of the Christian religions",
        "a major division of a long written composition",
        "a number of sheets (ticket or stamps etc.) bound together on one edge"
      ]
    },
    {
      "id": "beaver",
      "image_urls": [
        "https://images.twinkl.co.uk/tr/image/upload/t_illustration/illustation/beaver.png",
        "https://www.yourconcept.nl/site/wp-content/uploads/2019/10/beaver-builder-wordpress.png",
        "https://static.wikia.nocookie.net/fallout/images/6/6e/FO76_creature_radbeaver.png",
        "https://pleistocenegenomicscom.files.wordpress.com/2020/02/beaver-4292308_960_720.png",
        "https://d3sujgifhk94se.cloudfront.net/wp-content/uploads/2019/11/04100341/Beaver-with-logs-1.png"
      ],
      "definitions": [
        "the soft brown fur of the beaver",
        "a native or resident of Oregon",
        "a full beard",
        "a man's hat with a tall crown; usually covered with silk or with beaver fur",
        "a movable piece of armor on a medieval helmet used to protect the lower face",
        "a hat made with the fur of a beaver (or similar material)",
        "large semiaquatic rodent with webbed hind feet and a broad flat tail; construct complex dams and underwater lodges"
      ]
    },
    {
      "id": "washington",
      "image_urls": [
        "https://www.experiencewa.com/sites/all/themes/experiencewa_omega/images/maps/map_mobile.png",
        "https://assets-global.website-files.com/6070f12f4cba9bd0eef4fe43/60a73763f3cff4131a583388_Washington-state-congressional-district-map-2.png",
        "https://b.fssta.com/uploads/application/nba/headshots/3243.png",
        "https://www.seattleymca.org/sites/default/files/styles/media_full/public/2020-06/2020_washington_y_map_image_update_42328.png",
        "https://cdn.nba.com/headshots/nba/latest/1040x760/1629023.png"
      ],
      "definitions": [
        "the capital of the United States in the District of Columbia and a tourist mecca; George Washington commissioned Charles L'Enfant to lay out the city in 1791",
        "a state in northwestern United States on the Pacific",
        "the federal government of the United States",
        "1st President of the United States; commander-in-chief of the Continental Army during the American Revolution (1732-1799)",
        "United States educator who was born a slave but became educated and founded a college at Tuskegee in Alabama (1856-1915)"
      ]
    },
    {
      "id": "montana",
      "image_urls": [
        "https://tiogatours.nl/dynamic/img/amerika/montana/seal.6.b958.png",
        "https://mt.gov/images/mtmap.png",
        "https://cdn.werkenmetmerken.nl/img/Montana_Gold_5-t-500x333.png",
        "https://static.thuisbezorgd.nl/images/restaurants/nl/QR11N/logo_465x320.png",
        "https://montana-glass.com/wp-content/uploads/2018/01/logo.png"
      ],
      "definitions": [
        "a state in northwestern United States on the Canadian border"
      ]
    },
    {
      "id": "desert",
      "image_urls": [
        "https://images.twinkl.co.uk/tr/image/upload/illustation/ks2-desert-landscape.png",
        "https://images.twinkl.co.uk/tr/image/upload/illustation/Sahara-Desert--Terrain-Hot-Geography-KS2.png",
        "https://images.twinkl.co.uk/tr/image/upload/illustation/desert-habitat.png",
        "https://i.pinimg.com/originals/4b/45/6c/4b456c02c9ab0835d9f97482f95a2873.png",
        "https://www.elcidtour.com/wp-content/uploads/2020/11/Picture4.png"
      ],
      "definitions": [
        "arid land with little or no vegetation",
        "(usually plural) a person's deservingness of or entitlement to reward or punishment"
      ]
    }
  ]
}