{
  "difficulty": "EASY",
  "objects": [
    {
      "id": "outside",
      "image_urls": [
        "https://www.outsideonline.com/wp-content/uploads/2021/07/logo-outside.png",
        "https://bucketeer-e05bbc84-baa3-437e-9518-adb32be77984.s3.amazonaws.com/public/images/0648392b-f957-41de-99eb-16c1c98465ca_621x597.png",
        "https://www.outsidebrand.co/wp-content/uploads/2020/09/Black-Logo.png",
        "https://grammartop.com/wp-content/uploads/2020/11/outside-dfa613493274c050ffd66b46aa56cd48ddf3a2ee.png",
        "https://outsidehoutentuin.nl/wp-content/uploads/2020/09/Outside-beeldmerk.png"
      ],
      "definitions": [
        "the region that is outside of something",
        "the outer side or surface of something"
      ]
    },
    {
      "id": "home",
      "image_urls": [
        "https://upload.wikimedia.org/wikipedia/commons/thumb/4/47/Go-home-2.svg/1200px-Go-home-2.svg.png",
        "https://upload.wikimedia.org/wikipedia/commons/thumb/3/34/Home-icon.svg/2048px-Home-icon.svg.png",
        "https://s3-eu-west-1.amazonaws.com/zkn/files/df172fd7066470da8c916409ba3f75c4.png",
        "https://occ-0-1068-1722.1.nflxso.net/dnm/api/v6/LmEnxtiAuzezXBjYXPuDgfZ4zZQ/AAAABajVV54Z0yXvIDzrA3hPAm6UAxTjm9xPYG0NfkeRky2wjDbVDEmX-vKnRx00rWSvsAGCrsXy2UxenzhVYnVNGx3Bzs7FsErHOOq7.png",
        "https://www.somfy.nl/common/img/library///700x350/15-smart-home.png"
      ],
      "definitions": [
        "where you live at a particular time",
        "housing that someone is living in",
        "the country or state or city where you live",
        "(baseball) base consisting of a rubber slab where the batter stands; it must be touched by a base runner in order to score",
        "the place where you are stationed and from which missions start and end",
        "place where something began and flourished",
        "an environment offering affection and security",
        "a social unit living together",
        "an institution where people are cared for"
      ]
    },
    {
      "id": "backyard",
      "image_urls": [
        "https://backyarddesign.nl/wp-content/uploads/2021/03/Backyard-Website-Icon.png",
        "https://writingexplained.org/wp-content/uploads/backyard-versus-back-yard.png",
        "https://f.hubspotusercontent30.net/hubfs/17432/add-a-sauna-for-backyard-retreat.png",
        "https://backyardgardenshow.com.au/images/Backyard-and-Garden-Show-Garden.png",
        "https://images.twinkl.co.uk/tr/image/upload/t_illustration/illustation/Backyard.png"
      ],
      "definitions": [
        "the grounds in back of a house"
      ]
    },
    {
      "id": "bedroom",
      "image_urls": [
        "https://cdn.shopify.com/s/files/1/1176/2130/files/BedImage_1024x1024.png",
        "https://i1.wp.com/designeddecor.com/wp-content/uploads/2018/06/Big-Impact-Bedroom-Changes-6-Simple.png",
        "https://www.howdens.com/-/media/howdens/assets/clh_asset_products/clh_asset_levela_21790013/clh_asset_levelb_25449111/ass_cat_img_25449114.png",
        "https://cdn.furn.online/media/image/3534/bedroom-queen-style.png",
        "https://www.singersl.com/sites/default/files/images/products/2020-02/SFU_LF-OREGON-BRS.png"
      ],
      "definitions": [
        "a room used primarily for sleeping"
      ]
    },
    {
      "id": "microwave",
      "image_urls": [
        "https://www.electrolux.com.sg/globalassets/appliances/mwo/ems3087x-700x700-cropped.png",
        "https://www.ifbappliances.com/media/catalog/product/2/0/20sc2_20l_convection_microwave_fv_4.png",
        "https://www.voltasbeko.com/media/catalog/product/m/c/mc23bsd_1.png",
        "https://www.ifbappliances.com/media/catalog/product/cache/a96f5e352a9941ad6b2c6bd82f558c4a/3/0/30frc2_30l_rotisserie_convection_microwave_fv_4.png",
        "https://media.croma.com/image/upload/f_auto,q_auto,d_Croma%20Assets:no-product-image.jpg,h_260,w_260/v1605128699/Croma%20Assets/Small%20Appliances/Microwave%20or%20OTG/Images/8941290553374.png"
      ],
      "definitions": [
        "a short electromagnetic wave (longer than infrared but shorter than radio waves); used for radar and microwave ovens and for transmitting telephone, facsimile, video and data",
        "kitchen appliance that cooks food by passing an electromagnetic wave through it; heat results from the absorption of energy by the water molecules in the food"
      ]
    },
    {
      "id": "cat",
      "image_urls": [
        "https://www.hillspet.nl/content/dam/pim/hills/nl_nl/sd/dry/sp-feline-science-plan-sterilised-cat-young-adult-chicken-dry-productShot_500.png",
        "https://images-na.ssl-images-amazon.com/images/I/71+mDoHG4mL.png",
        "https://medicalpetshirts.com/wp-content/uploads/sites/5/%C2%A9-MPS-ANNOTATED-IMAGE-PROTECTIVE-BODY-SHIRT.CAT-01-V01.2019.png",
        "https://avalonpetfood.com/wp-content/uploads/2020/04/Avalon-Optimal-Cat-V2-web2.png",
        "https://jngnposwzs-flywheel.netdna-ssl.com/wp-content/uploads/2019/05/Transparent-OrangeWhiteCat-764x1024.png"
      ],
      "definitions": [
        "feline mammal usually having thick soft fur and no ability to roar: domestic cats; wildcats",
        "an informal term for a youth or man",
        "a spiteful woman gossip",
        "the leaves of the shrub Catha edulis which are chewed like tobacco or used to make tea; has the effect of a euphoric stimulant",
        "a whip with nine knotted cords",
        "a large tracked vehicle that is propelled by two endless metal belts; frequently used for moving earth in construction and farm work",
        "any of several large cats typically able to roar and living in the wild",
        "a method of examining body organs by scanning them with X rays and using a computer to construct a series of cross-sectional scans along a single axis"
      ]
    },
    {
      "id": "nature",
      "image_urls": [
        "https://www.fromnature2you.com/wp-content/uploads/logo-fromnature-transparant.png",
        "https://we-are-nature.nl/wp-content/uploads/2019/02/wearenature-logo.png",
        "https://natureforlife.world/wp-content/uploads/2018/02/LOGO4.png",
        "https://www.natureskins.nl/wp-content/uploads/2019/11/nature_skins_logo_web.png",
        "https://www.fromnature2you.com/wp-content/uploads/fromnature-tak-1.png"
      ],
      "definitions": [
        "the essential qualities or characteristics by which something is recognized",
        "a causal agent creating and controlling things in the universe",
        "the natural physical world including plants and animals and landscapes etc.",
        "the complex of emotional and intellectual attributes that determine a person's characteristic actions and reactions",
        "a particular type of thing"
      ]
    },
    {
      "id": "trouble",
      "image_urls": [
        "https://images.squarespace-cdn.com/content/v1/5caa8b9e809d8e64e388b186/1558347693039-1YXXPSOC1X3VPZ9SR97T/Trouble_logo_yellow1.png",
        "https://images.squarespace-cdn.com/content/v1/5caa8b9e809d8e64e388b186/1558347693039-1YXXPSOC1X3VPZ9SR97T/Trouble_logo_yellow1.png",
        "https://occ-0-1723-92.1.nflxso.net/dnm/api/v6/LmEnxtiAuzezXBjYXPuDgfZ4zZQ/AAAABZhKBph6n8-EBppzfnvUn29KQnfKCTosmPwscgvcjoI3mtMEfk8nNGVNXk14-tt6EnFdRJXPfWtUw1SD2nB5M3IC4Y1NjvPyWoZ5.png",
        "https://images.squarespace-cdn.com/content/v1/5c0714f2b40b9d1bd887c614/1600113128998-SCHNO8RGWR5KCWK07I01/Trouble_combologo_purple.png",
        "https://static.wikia.nocookie.net/logopedia/images/b/bc/Trouble_logo_1997.png"
      ],
      "definitions": [
        "a source of difficulty",
        "an angry disturbance",
        "an event causing distress or pain",
        "an effort that is inconvenient",
        "a strong feeling of anxiety",
        "an unwanted pregnancy"
      ]
    }
  ]
}