{
  "difficulty": "EASY",
  "objects": [
    {
      "id": "countryside",
      "image_urls": [
        "https://cdn-icons-png.flaticon.com/512/2374/2374937.png",
        "https://cdn-icons-png.flaticon.com/512/2374/2374951.png",
        "https://cdn-icons-png.flaticon.com/512/3337/3337976.png",
        "https://cdn2.iconfinder.com/data/icons/ecology-industry-city-and-countryside/50/28-512.png",
        "https://www.pikpng.com/pngl/b/415-4150247_an-icon-a-day-countryside-icon-png-clipart.png"
      ],
      "definitions": [
        "rural regions"
      ]
    },
    {
      "id": "painting",
      "image_urls": [
        "https://www.artbybettina.com/wp-content/uploads/2020/05/Original-Painting-The-ocean-in-the-forest-20200515-020557.png",
        "https://cdn.shopify.com/s/files/1/0409/5226/6904/products/12_161e4792-20a3-487e-b2cd-c19ff3f4e155_600x600.png",
        "https://i.pinimg.com/originals/b8/db/9f/b8db9fcbc78062f20cf644e80916eb82.png",
        "https://d1e00ek4ebabms.cloudfront.net/production/d65475c6-8d16-4fa8-b6a5-de8170e6a1d9.png",
        "https://www.oilpixel.com/ast/uploads/2021/08/child-painting-home-slider.png"
      ],
      "definitions": [
        "graphic art consisting of an artistic composition made by applying paints to a surface",
        "creating a picture with paints",
        "the act of applying paint to a surface",
        "the occupation of a house painter"
      ]
    },
    {
      "id": "village",
      "image_urls": [
        "https://static.wikia.nocookie.net/minecraft_gamepedia/images/1/11/Savanna_Small_House_7.png",
        "https://www.dreamvillage.nl/2019/lay/2019/landing-logo.png",
        "https://fotovillage.nl/wp-content/uploads/2020/10/fotovillage-logo.png",
        "https://welcometothevillage.nl/wp-content/themes/welcometothevillage/dist/img/wttv-18-juli.png",
        "https://www.dreamvillage.nl/2019/lay/2019/logo-dreamvillage-400pxw.png"
      ],
      "definitions": [
        "a community of people smaller than a town",
        "a settlement smaller than a town",
        "a mainly residential district of Manhattan; `the Village' became a home for many writers and artists in the 20th century"
      ]
    },
    {
      "id": "train",
      "image_urls": [
        "https://www.skeletontech.com/hs-fs/hubfs/trains.png",
        "https://dinnertrain.eu/wp-content/uploads/2019/01/Logo-Klein.png",
        "https://static.wikia.nocookie.net/satisfactory_gamepedia_en/images/8/86/Electric_Locomotive.png",
        "https://cdn-icons-png.flaticon.com/512/2767/2767400.png",
        "https://media-cdn.dovetailgames.com/2021/082021/08/TSW2-RH-DTL-Assets3.png"
      ],
      "definitions": [
        "public transport provided by a line of railway cars coupled together and drawn by a locomotive",
        "a sequentially ordered set of things or events or ideas in which each successive member is related to the preceding",
        "a procession (of wagons or mules or camels) traveling together in single file",
        "a series of consequences wrought by an event",
        "piece of cloth forming the long back section of a gown that is drawn along the floor",
        "wheelwork consisting of a connected set of rotating gears by which force is transmitted or motion or torque is changed"
      ]
    },
    {
      "id": "ground",
      "image_urls": [
        "https://lightlife.com/wp-content/uploads/2020/05/Img_OurFood_Ground_med_CA-1.png",
        "https://www.uva.nl/binaries/_ht_1557240385793/cardmedium/content/gallery/faculteiten-en-diensten/fgw-met-restricties/disciplines/conservering/projecten/down-to-the-ground-logo.png",
        "https://www.jennieo.com/wp-content/uploads/2019/10/image-product_lean-ground-turkey-roll-16oz-500x500-2.png",
        "https://www.shakyground.nl/wp-content/uploads/2020/01/ShakyGround-logo-260x189-1.png",
        "https://www.tyson.com/static/db3fdabc3b4fa366fe867bcfb905462e/03e29/tyson_ground_chicken_665x547.png"
      ],
      "definitions": [
        "the solid part of the earth's surface",
        "a rational motive for a belief or action",
        "the loose soft material that makes up a large part of the land surface",
        "a relation that provides the foundation for something",
        "a position to be won or defended in battle (or as if in battle)",
        "the part of a scene (or picture) that lies behind objects in the foreground",
        "material in the top layer of the surface of the earth in which plants can grow (especially with reference to its quality or use)",
        "a relatively homogeneous percept extending back of the figure on which attention is focused",
        "a connection between an electrical device and a large conducting body, such as the earth (which is taken to be at zero voltage)",
        "(art) the surface (as a wall or canvas) prepared to take the paint for a painting",
        "the first or preliminary coat of paint or size applied to a surface"
      ]
    },
    {
      "id": "mountains",
      "image_urls": [
        "https://mountainsflame.nl/wp-content/uploads/2019/10/Mountainsflame-logo.png",
        "https://i.pinimg.com/originals/2a/00/84/2a0084395045a7613ab1efa7ee069fd5.png",
        "https://dejpknyizje2n.cloudfront.net/svgcustom/clipart/preview/mountains-2766-14039-550x550.png",
        "https://images.twinkl.co.uk/tw1n/image/private/t_630_eco/website/uploaded/ks1-mount-taranaki-new-zealand-mountain-landscape-peak-colour-rgb-1583146682.png",
        "https://images.twinkl.co.uk/tr/image/upload/illustation/high-mountain.png"
      ],
      "definitions": [
        "a land mass that projects well above its surroundings; higher than a hill",
        "(often followed by `of') a large number or amount or extent"
      ]
    },
    {
      "id": "rock",
      "image_urls": [
        "https://www.aquariumplantenshop.nl/Files/10/290000/290411/ProductPhotos/1000x525/1509512632.png",
        "https://occ-0-1722-1723.1.nflxso.net/dnm/api/v6/LmEnxtiAuzezXBjYXPuDgfZ4zZQ/AAAABRG7ojED6WBlaaQgN03u4yr9XvJOoy_2u5ZOCtShgMyWJBVteB0BkyNK2FwjSg0C5qINg2ODnntS6urMgz-6yNSD07HahQh8xYne.png",
        "https://www.rockyourworld.nl/wp-content/uploads/2019/03/Rock-your-Crystals-HC-3d.png",
        "https://cdn.sera.de/fileadmin/user_upload/articlepictures/16763-04001942523752d010bqx0101.png",
        "https://static.wikia.nocookie.net/prowrestling/images/a/ad/Wwe_the_rock_png_by_double_a1698_day9ylt-pre_%281%29.png"
      ],
      "definitions": [
        "a lump or mass of hard consolidated mineral matter",
        "material consisting of the aggregate of minerals like those making up the Earth's crust",
        "United States gynecologist and devout Catholic who conducted the first clinical trials of the oral contraceptive pill (1890-1984)",
        "(figurative) someone who is strong and stable and dependable; ; --Gospel According to Matthew",
        "hard bright-colored stick candy (typically flavored with peppermint)",
        "a genre of popular music originating in the 1950s; a blend of black rhythm-and-blues with white country-and-western",
        "pitching dangerously to one side"
      ]
    },
    {
      "id": "cottage",
      "image_urls": [
        "https://static.wikia.nocookie.net/forgeofempires/images/1/1f/Ponds_Cottage.png",
        "https://www.villamagnolia.nl/cached_images/fp_holiday_cottage_63_upper_view_2-min-2f006fcc.png",
        "https://www.aldi.nl/content/dam/aldi/netherlands/aldi_merken/0979_01.png",
        "https://www.villamagnolia.nl/cached_images/fp_holiday_cottage_63_upper_top_down-min-18bcd277.png",
        "https://www.kinginternational.com/app/uploads/2017/11/85530-800.png"
      ],
      "definitions": [
        "a small house with a single story"
      ]
    }
  ]
}