{
  "difficulty": "EASY",
  "objects": [
    {
      "id": "school",
      "image_urls": [
        "https://images.hogeschoolrotterdam.nl/Blob/817efb595f7a4885af113a6c3f300bb4/af2d9d6e65024ab1a991c081facc690d.png",
        "https://www.cedgroep.nl/files/De-Vreedzame-School/Afbeeldingen/logo-Vreedzame-school-5dec.png",
        "https://www.youngbusinessschool.nl/media/28415/unknown.png",
        "https://upload.wikimedia.org/wikipedia/commons/thumb/0/03/Dutch_Education_System-en.svg/1200px-Dutch_Education_System-en.svg.png",
        "https://www.expatdesknijmegen.nl/wp-content/uploads/2018/06/rivers-international-school-arnhem-logo.480x0.png"
      ],
      "definitions": [
        "an educational institution",
        "a building where young people receive education",
        "the process of being formally educated at a school",
        "a body of creative artists or writers or thinkers linked by a similar style or by similar teachers",
        "the period of instruction in a school; the time period when school is in session",
        "an educational institution's faculty and students",
        "a large group of fish"
      ]
    },
    {
      "id": "porch",
      "image_urls": [
        "https://i.pinimg.com/originals/8f/cc/98/8fcc983ef3dbc51f6193218d2d4806ae.png",
        "https://www.theporchspecialist.com/wp-content/uploads/2021/06/full-2.png",
        "https://www.pinuphouses.com/wp-content/uploads/cabin-with-screened-porch-plans.png",
        "https://www.theporchspecialist.com/wp-content/uploads/2021/05/wall-mounted-2.png",
        "https://images.squarespace-cdn.com/content/v1/537d02bae4b03c36028df3c0/1474580906337-Z2J6H0MP2JNODOG26GQT/3D+FRONT+OF+LARGE+OAK+PORCH+WITH+JOWL+POSTS.png"
      ],
      "definitions": [
        "a structure attached to the exterior of a building often forming a covered entrance"
      ]
    },
    {
      "id": "newspaper",
      "image_urls": [
        "https://www.la-streetfood.com/604/0/0/1/ffffff00/a9bb3cf9/35ea27e4ce63bcfaba82217a87415406e1c63698baf20f4b7df88daea19811aa/newspaper-new-york-1952-30x30.png",
        "https://images.twinkl.co.uk/tr/image/upload/t_illustration/illustation/Daily-Citizen-Newspaper--Object-Global-Citizenship-Life-KS2.png",
        "https://cdn.shopify.com/s/files/1/2717/4124/products/NewspaperDesign_gestalten_book_editorial_journalism_inside03_2000x.png",
        "https://www.neh.gov/sites/default/files/styles/medium/public/2018-06/WisconsinDNP.png",
        "https://cdn-assets.timesofmalta.com/epapers/newspapers-2x.png"
      ],
      "definitions": [
        "a daily or weekly publication on folded sheets; contains news and articles and advertisements",
        "a business firm that publishes newspapers",
        "the physical object that is the product of a newspaper publisher",
        "cheap paper made from wood pulp and used for printing newspapers"
      ]
    },
    {
      "id": "house",
      "image_urls": [
        "https://www.marjoleininhetklein.com/wp-content/uploads/2020/03/Free-house-plans-truoba-mini-619-grey.png",
        "https://www.marjoleininhetklein.com/wp-content/uploads/2020/03/Free-house-plans-truoba-mini-619-red-1000x462.png",
        "https://s3-eu-west-1.amazonaws.com/tpd/logos/5f2d3ef71b8cda000105194e/0x0.png",
        "https://www.houseofbeta.nl/app/uploads/2020/09/HoB-logo-cmyk-staand.png",
        "https://tinyhouse-store.nl/wp-content/uploads/2020/11/wat-kost-tiny.png"
      ],
      "definitions": [
        "a dwelling that serves as living quarters for one or more families",
        "the members of a business organization that owns or operates one or more establishments",
        "the members of a religious community living together",
        "the audience gathered together in a theatre or cinema",
        "an official assembly having legislative powers",
        "aristocratic family line",
        "play in which children take the roles of father or mother or children and pretend to interact like adults",
        "(astrology) one of 12 equal areas into which the zodiac is divided",
        "the management of a gambling house or casino",
        "a social unit living together",
        "a building where theatrical performances or motion-picture shows can be presented",
        "a building in which something is sheltered or located"
      ]
    },
    {
      "id": "college",
      "image_urls": [
        "https://www.gstatic.com/ui/v1/menu/light_thumbnail2.png",
        "https://www.gstatic.com/ui/v1/menu/dark_thumbnail2.png",
        "https://www.gstatic.com/ui/v1/menu/device_default_thumbnail2.png",
        "https://collegelife.co/nl/wp-content/uploads/sites/14/2019/06/artboard-27-copy0.5x-400x270.png",
        "https://www.wolfert.nl/college/wp-content/uploads/sites/2/2017/11/wolfert_college_compact_RGB_268x150px.png"
      ],
      "definitions": [
        "the body of faculty and students of a college",
        "an institution of higher education created to educate and grant degrees; often a part of a university",
        "a complex of buildings in which an institution of higher education is housed"
      ]
    },
    {
      "id": "hotel",
      "image_urls": [
        "https://media.hrs.com/media/image/01/99/b7/hotel-dummy.png",
        "https://www.thejames.nl/images/logo-the-james-gold.png",
        "https://www.wijck.com/upload/producten/1024x1024/hotel-new-york-lijst15009154163.png",
        "https://www.hotelfreeland.com/images/logo-hotel-freeland-full-white.png",
        "https://www.thebudgethotel.nl/wp-content/uploads/2021/04/the-budget-hotel-diap-def.png"
      ],
      "definitions": [
        "a building where travelers can pay for lodging and meals and other services"
      ]
    },
    {
      "id": "jail",
      "image_urls": [
        "https://cdn.icon-icons.com/icons2/2070/PNG/512/jail_icon_126169.png",
        "https://cdn-icons-png.flaticon.com/512/1685/1685853.png",
        "https://assets.website-files.com/6005e7e461f4ba3355a5d5b1/600b00c9c739b6d9140f308d_Icon%20Jail%20260.png",
        "https://static.thenounproject.com/png/55081-200.png",
        "https://www.nicepng.com/png/full/4-42502_jail-transparent-png-jail-png.png"
      ],
      "definitions": [
        "a correctional institution used to detain persons who are in the lawful custody of the government (either accused persons awaiting trial or convicted persons serving a sentence)"
      ]
    },
    {
      "id": "library",
      "image_urls": [
        "https://www.tua.nl/assets/admin/plugins/kcfinder/upload/images/Bibliotheek/Home_borrowing3.png",
        "https://www.openingthebook.com/media/1034/public-library-design.png",
        "https://duluthlibrary.org/media/11866/homeimage2.png",
        "https://i0.wp.com/harlingenlibrary.org/wp-content/uploads/2018/10/cropped-Logo-1-clear-2.png",
        "https://static.wikia.nocookie.net/civilization/images/5/57/Great_Library_%28Civ6%29.png"
      ],
      "definitions": [
        "a room where books are kept",
        "a collection of literary documents or records kept for reference or borrowing",
        "a depository built to contain books and other materials for reading and study",
        "(computing) a collection of standard programs and subroutines that are stored and available for immediate use",
        "a building that houses a collection of books and other materials"
      ]
    }
  ]
}