{
  "difficulty": "EASY",
  "objects": [
    {
      "id": "person",
      "image_urls": [
        "https://cdn.icon-icons.com/icons2/1674/PNG/512/person_110935.png",
        "https://cargonaut.nl/wp-content/uploads/2019/06/person-icon-silhouette-png-0.png",
        "https://freeyourmindexperience.com/wp-content/uploads/person-icon-person-icon-clipart-image-from-our-icon-clipart-category-9-500x500.png",
        "https://static-00.iconduck.com/assets.00/person-icon-486x512-eeiy7owm.png",
        "https://www.freeiconspng.com/thumbs/human-icon-png/white-person-icon-png-people-black-icon-png-persons-12.png"
      ],
      "definitions": [
        "a human being",
        "a human body (usually including the clothing)",
        "a grammatical category used in the classification of pronouns, possessive determiners, and verb forms according to whether they indicate the speaker, the addressee, or a third party"
      ]
    },
    {
      "id": "demonstration",
      "image_urls": [
        "https://tvsd.colvee.org/pluginfile.php/21849/mod_book/chapter/11271/practical%20demonstration.png",
        "https://cdn2.iconfinder.com/data/icons/university-tuition-and-college-1/140/Icons-01-512.png",
        "https://cdn.dataworks-ed.com/wordpress-content/uploads/20200127152945/LessonDemonstration_02.png",
        "https://cdn4.iconfinder.com/data/icons/miscellaneous-6-1/128/demo_exhibition_demonstration-512.png",
        "https://static.thenounproject.com/png/1923465-200.png"
      ],
      "definitions": [
        "a show or display; the act of presenting something to sight or view",
        "a show of military force or preparedness",
        "a public display of group feelings (usually of a political nature)",
        "proof by a process of argument or a series of proposition proving an asserted conclusion",
        "a visual presentation showing how something works"
      ]
    },
    {
      "id": "assessment",
      "image_urls": [
        "https://cijferreeksenoefenen.nl/wp-content/uploads/2020/12/rollenspel-assessment-oefenen-e1609359727456.png",
        "https://surveyanyplace.com/wp-content/uploads/Assessment-tools-explaining-table-1024x717.png",
        "https://cdn-ajjpg.nitrocdn.com/NKUMXHVeaIRWRATTUEAQmIXraEtEPvQw/assets/static/optimized/rev-443d138/wp-content/uploads/2019/03/assessment-game-matrix-oefenen-t-l.png",
        "https://careerhandling.nl/images/2019/01/24/assessment-voorbereiding-3.png",
        "https://www.container-solutions.com/hubfs/Technical%20Assesment.png"
      ],
      "definitions": [
        "the classification of someone or something with respect to its worth",
        "an amount determined as payable",
        "the market value set on assets",
        "the act of judging or assessing a person or situation or event"
      ]
    },
    {
      "id": "garage",
      "image_urls": [
        "https://dc94gqcjteixu.cloudfront.net/3658c972715f3bbce64008ef08123606/original_4612AC_1.png",
        "https://bouwkenners.nl/wp-content/uploads/2015/05/Omgevingsvergunning-garage.png",
        "https://de-garage.com/wp-content/uploads/2020/03/logo_degaragewebsite.png",
        "https://www.tuin-huis-winkel.nl/media/image/13/c5/33/280x180px_Doppel_Garage_Sandvig_44_Kachel.png",
        "https://www.thegarage39.com/wp-content/uploads/2018/01/thegarage36-logo-1.png"
      ],
      "definitions": [
        "an outbuilding (or part of a building) for housing automobiles",
        "a repair shop where cars and trucks are serviced and repaired"
      ]
    },
    {
      "id": "building",
      "image_urls": [
        "https://atrium-amsterdam.nl/site/wp-content/uploads/2018/12/temp-gebouw.png",
        "https://maken.wikiwijs.nl/userfiles/598c8bd864267ab3e0204870ff42d9946e3b047e.png",
        "https://i.pinimg.com/originals/cd/95/86/cd958642f00e5082060ff6f15f282866.png",
        "https://cdn-icons-png.flaticon.com/512/188/188379.png",
        "https://gresb.com/wp-content/uploads/2017/10/real-foundations.png"
      ],
      "definitions": [
        "a structure that has a roof and walls and stands more or less permanently in one place",
        "the act of constructing something",
        "the commercial activity involved in repairing old structures or constructing new ones",
        "the occupants of a building"
      ]
    },
    {
      "id": "mouth",
      "image_urls": [
        "https://stickershop.line-scdn.net/stickershop/v1/product/3201802/LINEStorePC/main.png",
        "https://cdn.shopify.com/s/files/1/1061/1924/products/58_large.png",
        "https://cdn.sanity.io/images/0b678gck/buoy-public-site/a37b771cee517ba7da048a08beff53c9fe26fe5c-2000x1400.png",
        "https://images.twinkl.co.uk/tr/image/upload/t_illustration/illustation/Laughing-Mouth.png",
        "https://cdn.sanity.io/images/0b678gck/buoy-public-site/10c460690134d228495248088d2ab0ce22ce452f-2000x1400.png"
      ],
      "definitions": [
        "the opening through which food is taken in and vocalizations emerge",
        "the externally visible part of the oral cavity on the face and the system of organs surrounding the opening",
        "an opening that resembles a mouth (as of a cave or a gorge)",
        "the point where a stream issues into a larger body of water",
        "a person conceived as a consumer of food",
        "a spokesperson (as a lawyer)",
        "an impudent or insolent rejoinder",
        "the opening of a jar or bottle"
      ]
    },
    {
      "id": "conference",
      "image_urls": [
        "https://one-conference.nl/uploads/21402040_ECP_One-conference-2021.png",
        "https://www.besteverconference.com/hubfs/Mask%20Group.png",
        "https://conference.issa.nl/sites/default/files/ISSA_Conference.png",
        "https://www.eden-online.org/wp-content/uploads/2021/01/madrid_website_header_madrid-news-transparent-01.png",
        "https://www.iaoms.org/IAOMS/assets/File/IAOMS-Virtual-Conference-logo.png"
      ],
      "definitions": [
        "a prearranged meeting for consultation or exchange of information or discussion (especially one with a formal agenda)",
        "an association of sports teams that organizes matches for its members",
        "a discussion among participants who have an agreed (serious) topic"
      ]
    },
    {
      "id": "speaker",
      "image_urls": [
        "https://www.jbl.nl/dw/image/v2/AAUJ_PRD/on/demandware.static/-/Sites-masterCatalog_Harman/default/dw3c54ef02/JBL_FlipEssential_Hero_005_x1.png",
        "https://www.logitech.com/content/dam/logitech/en/products/speakers/z607/gallery/z607-gallery-1.png",
        "https://www.jbl.nl/on/demandware.static/-/Sites-masterCatalog_Harman/default/dwdd875131/JBL_PartyBox_100_Hero_0057.png",
        "https://assets.bose.com/content/dam/Bose_DAM/Web/consumer_electronics/global/products/speakers/bose_home_speaker_500/product_silo_images/bose_home_speaker_500_triple_black_EC_hero.psd/jcr:content/renditions/cq5dam.web.320.320.png",
        "https://www.logitech.com/content/dam/logitech/en/products/speakers/computer-speakers/z313/gallery/z313-gallery-1.png"
      ],
      "definitions": [
        "someone who expresses in language; someone who talks (especially someone who delivers a public speech or someone especially garrulous)",
        "electro-acoustic transducer that converts electrical signals into sounds loud enough to be heard at a distance",
        "the presiding officer of a deliberative assembly"
      ]
    }
  ]
}