{
  "difficulty": "EASY",
  "objects": [
    {
      "id": "arboretum",
      "image_urls": [
        "https://trompenburg.nl/wp-content/uploads/2019/09/Logo_tbv_header_DT_600px.png",
        "https://www.scottarboretum.org/wp-content/uploads/2017/06/maps-overlay.png",
        "https://marvel-b1-cdn.bc0a.com/f00000000209359/arboretum.uoguelph.ca/arboretum/sites/uoguelph.ca.arboretum/files/public/ArboretumLogoDec2014Black_orig.png",
        "https://www.morningagclips.com/wp-content/uploads/2018/01/Screen-Shot-2018-01-17-at-1.59.51-PM.png",
        "https://vihreatsylit.fi/hk/wp-content/map/pix/meilahti-en.png"
      ],
      "definitions": [
        "a facility where trees and shrubs are cultivated for exhibition"
      ]
    },
    {
      "id": "home",
      "image_urls": [
        "https://upload.wikimedia.org/wikipedia/commons/thumb/4/47/Go-home-2.svg/1200px-Go-home-2.svg.png",
        "https://upload.wikimedia.org/wikipedia/commons/thumb/3/34/Home-icon.svg/2048px-Home-icon.svg.png",
        "https://s3-eu-west-1.amazonaws.com/zkn/files/df172fd7066470da8c916409ba3f75c4.png",
        "https://occ-0-1068-1722.1.nflxso.net/dnm/api/v6/LmEnxtiAuzezXBjYXPuDgfZ4zZQ/AAAABajVV54Z0yXvIDzrA3hPAm6UAxTjm9xPYG0NfkeRky2wjDbVDEmX-vKnRx00rWSvsAGCrsXy2UxenzhVYnVNGx3Bzs7FsErHOOq7.png",
        "https://www.somfy.nl/common/img/library///700x350/15-smart-home.png"
      ],
      "definitions": [
        "where you live at a particular time",
        "housing that someone is living in",
        "the country or state or city where you live",
        "(baseball) base consisting of a rubber slab where the batter stands; it must be touched by a base runner in order to score",
        "the place where you are stationed and from which missions start and end",
        "place where something began and flourished",
        "an environment offering affection and security",
        "a social unit living together",
        "an institution where people are cared for"
      ]
    },
    {
      "id": "ground",
      "image_urls": [
        "https://lightlife.com/wp-content/uploads/2020/05/Img_OurFood_Ground_med_CA-1.png",
        "https://www.uva.nl/binaries/_ht_1557240385793/cardmedium/content/gallery/faculteiten-en-diensten/fgw-met-restricties/disciplines/conservering/projecten/down-to-the-ground-logo.png",
        "https://www.jennieo.com/wp-content/uploads/2019/10/image-product_lean-ground-turkey-roll-16oz-500x500-2.png",
        "https://www.shakyground.nl/wp-content/uploads/2020/01/ShakyGround-logo-260x189-1.png",
        "https://www.tyson.com/static/db3fdabc3b4fa366fe867bcfb905462e/03e29/tyson_ground_chicken_665x547.png"
      ],
      "definitions": [
        "the solid part of the earth's surface",
        "a rational motive for a belief or action",
        "the loose soft material that makes up a large part of the land surface",
        "a relation that provides the foundation for something",
        "a position to be won or defended in battle (or as if in battle)",
        "the part of a scene (or picture) that lies behind objects in the foreground",
        "material in the top layer of the surface of the earth in which plants can grow (especially with reference to its quality or use)",
        "a relatively homogeneous percept extending back of the figure on which attention is focused",
        "a connection between an electrical device and a large conducting body, such as the earth (which is taken to be at zero voltage)",
        "(art) the surface (as a wall or canvas) prepared to take the paint for a painting",
        "the first or preliminary coat of paint or size applied to a surface"
      ]
    },
    {
      "id": "apartment",
      "image_urls": [
        "https://cedreo.com/uploads/3d_apartment_floor_plan_hu6ee5e7ca9c9245e818b0ea889a01c55f_82757_1920x0_resize_lanczos_2.png",
        "https://www.noi14.com/img/plattegronden/1.3.a.png",
        "https://www.hureninduin.nl/wp-content/uploads/2020/06/Selector.png",
        "https://apartmentswestsanantonio.com/wp-content/uploads/2020/06/One-Bedroom-Apartment-Braun-Frio.png",
        "https://www.hurenindespartaan.nl/wp-content/uploads/2020/10/Hurenindespartaan_Hoehetwerkt4.png"
      ],
      "definitions": [
        "a suite of rooms usually on one floor of an apartment house"
      ]
    },
    {
      "id": "california",
      "image_urls": [
        "https://upload.wikimedia.org/wikipedia/commons/thumb/8/89/California_county_map_%28labeled%29.svg/280px-California_county_map_%28labeled%29.svg.png",
        "https://static01.nyt.com/newsgraphics/2021/coronavirus-tracking/images/maps/USA-06/hotspots.png",
        "https://static01.nyt.com/newsgraphics/2021/coronavirus-tracking/images/maps/USA-06/risk_levels.png",
        "https://static.thenounproject.com/png/2381646-200.png",
        "https://website-assets-fw.freshworks.com/attachments/cjy5nayqd0dzn65g0khl44gef-california-area-code-map.full.png"
      ],
      "definitions": [
        "a state in the western United States on the Pacific; the 3rd largest state; known for earthquakes"
      ]
    },
    {
      "id": "ficus",
      "image_urls": [
        "https://cdn.shopify.com/s/files/1/0761/9483/products/danita-21-productpage_1024x1024.png",
        "https://jngl.nl/images/products/ficus-gin-seng-bonsai-8f8e.png",
        "https://wout.com/media/catalog/product/cache/25ee2abf50dc1a739dc3c1163694a3c9/f/i/ficus_ginseng_12cm_-_kweekpot_1x_1.png",
        "https://cdn.shopify.com/s/files/1/0062/7867/6583/products/Ficus-Mahori_1000x.png",
        "https://jngl.nl/images/products/ficus-benghalensis-audrey-69dd.png"
      ],
      "definitions": [
        "large genus of tropical trees or shrubs or climbers including fig trees"
      ]
    },
    {
      "id": "teapot",
      "image_urls": [
        "https://res-4.cloudinary.com/christofle/s--NPUtZGhD--/c_limit,dpr_2.0,f_auto,h_500,q_auto,w_500/media/catalog/product/I/n/Individual_20tea_20pot_20Albi_20_20Silver_20plated_04174181000001_F_1_1.png",
        "https://www.fuerstenberg-porzellan.com/out/pictures/master/product/1/tk20073_57001_teekanne_mit_teesieb.png",
        "https://images.selency.com/d71acb5d-c29f-4453-8947-8cc5d3fabb62/red-japy-teapot_original.png",
        "https://www.ricebyrice.com/media/21372/potpo-monk_1.png",
        "https://images.selency.com/d2e348a5-85dd-4182-96c1-149cce9950c9/ancient-teapot_original.png"
      ],
      "definitions": [
        "pot for brewing tea; usually has a spout and handle"
      ]
    },
    {
      "id": "refrigerator",
      "image_urls": [
        "https://media.croma.com/image/upload/v1621837056/Croma%20Assets/Large%20Appliances/Refrigerator/Images/234479_bjrrxe.png",
        "https://na2.electroluxmedia.com/Transparent/Electrolux/Electrolux%20Assets/Images/Product%20Photography/ERMC2295AS-HOV_012.png",
        "https://na2.electroluxmedia.com/Transparent/Electrolux/Electrolux%20Assets/Images/Product%20Photography/EI23BC82SS-HOV_628.png",
        "https://cdn.shopify.com/s/files/1/2459/1583/products/FlareLilac_aa25c912-94a9-4bbb-af77-9ce8d506785a.png",
        "https://www.electrolux.com.my/globalassets/appliances/fridge/etb4600b-a/etb4600b-a-my-front-right-700x700.png"
      ],
      "definitions": [
        "white goods in which food can be stored at low temperatures"
      ]
    }
  ]
}