{
  "difficulty": "EASY",
  "objects": [
    {
      "id": "store",
      "image_urls": [
        "https://upload.wikimedia.org/wikipedia/commons/thumb/a/a7/Microsoft_Store.svg/1200px-Microsoft_Store.svg.png",
        "https://img.icons8.com/color/384/000000/small-business.png",
        "https://cdn-prod.scalefast.com/public/assets/themes/bandai-namco-store-eu/images/new-icons/STORE-Orange.png",
        "https://img.icons8.com/color/384/000000/shopping-cart-loaded.png",
        "https://www.therepairhouse.com/wp-content/uploads/2020/01/play-store-300x300.png"
      ],
      "definitions": [
        "a mercantile establishment for the retail sale of goods or services",
        "a supply of something available for future use",
        "an electronic memory device",
        "a depository for goods"
      ]
    },
    {
      "id": "room",
      "image_urls": [
        "https://cdn.shopify.com/s/files/1/0312/2737/9849/files/FR_ASSET_IMG_FR_PRO_DARK.png",
        "https://floorplanner.com/static/img/redesign/home/header-image.png",
        "https://cdn.shopify.com/s/files/1/0312/2737/9849/files/open-meeting-room-pro-white-v1.png",
        "https://cedreo.com/uploads/us_livingroom_05_3d_v3_huaa719323ddab429104a35d392eab66b0_333429_1920x0_resize_lanczos_2.png",
        "https://www.thekitefinca.com/wp-content/uploads/2020/12/bed.png"
      ],
      "definitions": [
        "an area within a building enclosed by walls and floor and ceiling",
        "space for movement",
        "opportunity for",
        "the people who are present in a room"
      ]
    },
    {
      "id": "rug",
      "image_urls": [
        "https://hkliving.nl/media/39199/ttk3063-lr_d_01.png",
        "https://images.selency.com/306f4a30-cf03-438b-b4b9-a5f711b6ac7a/beautiful-rug-rbati_original.png",
        "https://cdn.shopify.com/s/files/1/1496/0124/products/Ellsworth_10x8_f87a5242-70e3-4ca9-9f0b-dde5c9b12d17_x700.png",
        "https://images.selency.com/a53dfdf8-408e-4269-b81b-84a3b44dc027/scandinavian-20th-century-modern-rya-rug-svangsta-slottsmatta-sweden-190-x-140-cm-75-x-55-in_original.png",
        "https://cdn.shopify.com/s/files/1/1496/0124/products/Conway_Hand_Woven_Rug_3x5_d46f8a4e-b3db-4d83-a4f8-718448a9bb45_x700.png"
      ],
      "definitions": [
        "floor covering consisting of a piece of thick heavy fabric (usually with nap or pile)"
      ]
    },
    {
      "id": "loft",
      "image_urls": [
        "https://www.loftloft.nl/wp-content/uploads/2020/09/Logo-loft-png.png",
        "https://vepa.nl/wp-content/uploads/2021/02/Loft_008_Prd_MeetSit_10043367_Transparent.png",
        "https://woneninhout.nl/wp-content/uploads/Koda-Loft-3D-tekening-met-aanduidingen-ruimtes.png",
        "https://vepa.nl/wp-content/uploads/2021/02/Loft_009_Prd_MeetSit_10036769_Transparent.png",
        "https://woneninhout.nl/wp-content/uploads/KODA-Loft-Extended-met-extra-terras-aan-de-achterzijde-1600x594.png"
      ],
      "definitions": [
        "floor consisting of a large unpartitioned space over a factory or warehouse or other commercial space",
        "floor consisting of open space at the top of a house just below roof; often used for storage",
        "(golf) the backward slant on the head of some golf clubs that is designed to drive the ball high in the air",
        "a raised shelter in which pigeons are kept"
      ]
    },
    {
      "id": "apartment",
      "image_urls": [
        "https://cedreo.com/uploads/3d_apartment_floor_plan_hu6ee5e7ca9c9245e818b0ea889a01c55f_82757_1920x0_resize_lanczos_2.png",
        "https://www.noi14.com/img/plattegronden/1.3.a.png",
        "https://www.hureninduin.nl/wp-content/uploads/2020/06/Selector.png",
        "https://apartmentswestsanantonio.com/wp-content/uploads/2020/06/One-Bedroom-Apartment-Braun-Frio.png",
        "https://www.hurenindespartaan.nl/wp-content/uploads/2020/10/Hurenindespartaan_Hoehetwerkt4.png"
      ],
      "definitions": [
        "a suite of rooms usually on one floor of an apartment house"
      ]
    },
    {
      "id": "furniture",
      "image_urls": [
        "https://www.purefurniture.com/wp-content/uploads/2020/07/Pure-furniture-groothandel-lookbook-tafel-HERO-newton-2.png",
        "https://cdn.shopify.com/s/files/1/0342/2425/products/UMAGE_packshot_5562_5562-1_LoungeAround_1.5-seater_oak__4_2_600x.png",
        "https://cdn.shopify.com/s/files/1/0342/2425/products/UMAGE_packshot_TimeFlies_brass_tweed_hazelnut__2__lowres_600x.png",
        "https://www.robos.nl/wp-content/uploads/2021/05/Gustav-1-768x768.png",
        "https://cdn.shopify.com/s/files/1/0342/2425/products/UMAGE_packshot_5622_5622-3_Treasures_2-door_oak_venetiancane__2_600x.png"
      ],
      "definitions": [
        "furnishings that make a room or other area ready for occupancy"
      ]
    },
    {
      "id": "stairs",
      "image_urls": [
        "https://www.datocms-assets.com/19065/1581345269-eurostairstraight-staircase-closeup-736x950.png",
        "https://www.mea-group.com/de/wp-content/uploads/sites/3/2021/01/mea-treppenbausatz-typ-2-1-gelaender-768x768.png",
        "https://vbstaircases.com/wp-content/uploads/2019/10/32-zonder.png",
        "https://www.datocms-assets.com/19065/1598276853-eurostairsprial-staircase-736x950.png",
        "https://mk0erectastepde858md.kinstacdn.com/wp-content/uploads/2020/09/commercial-stair-11ft.png"
      ],
      "definitions": [
        "support consisting of a place to rest the foot while ascending or descending a stairway"
      ]
    },
    {
      "id": "bathtub",
      "image_urls": [
        "https://www.romaniabathtubs.com/wp-content/uploads/2019/02/Modula3.png",
        "https://www.thesocialitefamily.com/wp-content/uploads/2016/08/devon-devon-1-600x600.png",
        "https://cdn.shopify.com/s/files/1/1746/8031/products/BA-DPD72-900A-OB_1024x1024.png",
        "https://www.riluxa.com/m2f/media/catalog/product/cache/c7379007260ecad40e9db1dbcaab0a4e/l/o/lofty_160-freestanding_solid_surface_bathtub-bafs-gatr-loft160.png",
        "https://prolucainteriors.com/wp-content/uploads/2021/03/newton-bathtub-01-boca-do-lobo.png"
      ],
      "definitions": [
        "a relatively large open container that you fill with water and use to wash the body"
      ]
    }
  ]
}