{
  "difficulty": "EASY",
  "objects": [
    {
      "id": "store",
      "image_urls": [
        "https://upload.wikimedia.org/wikipedia/commons/thumb/a/a7/Microsoft_Store.svg/1200px-Microsoft_Store.svg.png",
        "https://img.icons8.com/color/384/000000/small-business.png",
        "https://cdn-prod.scalefast.com/public/assets/themes/bandai-namco-store-eu/images/new-icons/STORE-Orange.png",
        "https://img.icons8.com/color/384/000000/shopping-cart-loaded.png",
        "https://www.therepairhouse.com/wp-content/uploads/2020/01/play-store-300x300.png"
      ],
      "definitions": [
        "a mercantile establishment for the retail sale of goods or services",
        "a supply of something available for future use",
        "an electronic memory device",
        "a depository for goods"
      ]
    },
    {
      "id": "room",
      "image_urls": [
        "https://cdn.shopify.com/s/files/1/0312/2737/9849/files/FR_ASSET_IMG_FR_PRO_DARK.png",
        "https://floorplanner.com/static/img/redesign/home/header-image.png",
        "https://cdn.shopify.com/s/files/1/0312/2737/9849/files/open-meeting-room-pro-white-v1.png",
        "https://cedreo.com/uploads/us_livingroom_05_3d_v3_huaa719323ddab429104a35d392eab66b0_333429_1920x0_resize_lanczos_2.png",
        "https://www.thekitefinca.com/wp-content/uploads/2020/12/bed.png"
      ],
      "definitions": [
        "an area within a building enclosed by walls and floor and ceiling",
        "space for movement",
        "opportunity for",
        "the people who are present in a room"
      ]
    },
    {
      "id": "warehouse",
      "image_urls": [
        "https://cdn0.it4profit.com/files/27/warehouse.png",
        "https://www.critical-environment.com/images/applications/Distribution-warehouse-695x461.png",
        "https://static.wikia.nocookie.net/bigbusiness/images/e/e8/Warehouse.png",
        "https://techhq.com/wp-content/uploads/2019/07/shutterstock_396462703-copy-3.png",
        "https://gndsolutions.in/wp-content/uploads/2021/02/5f514154ae91755a40a26192_warehouse-inside-the-warehouse-internal.png"
      ],
      "definitions": [
        "a storehouse for goods and merchandise"
      ]
    },
    {
      "id": "rug",
      "image_urls": [
        "https://hkliving.nl/media/39199/ttk3063-lr_d_01.png",
        "https://images.selency.com/306f4a30-cf03-438b-b4b9-a5f711b6ac7a/beautiful-rug-rbati_original.png",
        "https://cdn.shopify.com/s/files/1/1496/0124/products/Ellsworth_10x8_f87a5242-70e3-4ca9-9f0b-dde5c9b12d17_x700.png",
        "https://images.selency.com/a53dfdf8-408e-4269-b81b-84a3b44dc027/scandinavian-20th-century-modern-rya-rug-svangsta-slottsmatta-sweden-190-x-140-cm-75-x-55-in_original.png",
        "https://cdn.shopify.com/s/files/1/1496/0124/products/Conway_Hand_Woven_Rug_3x5_d46f8a4e-b3db-4d83-a4f8-718448a9bb45_x700.png"
      ],
      "definitions": [
        "floor covering consisting of a piece of thick heavy fabric (usually with nap or pile)"
      ]
    },
    {
      "id": "loft",
      "image_urls": [
        "https://www.loftloft.nl/wp-content/uploads/2020/09/Logo-loft-png.png",
        "https://vepa.nl/wp-content/uploads/2021/02/Loft_008_Prd_MeetSit_10043367_Transparent.png",
        "https://woneninhout.nl/wp-content/uploads/Koda-Loft-3D-tekening-met-aanduidingen-ruimtes.png",
        "https://vepa.nl/wp-content/uploads/2021/02/Loft_009_Prd_MeetSit_10036769_Transparent.png",
        "https://woneninhout.nl/wp-content/uploads/KODA-Loft-Extended-met-extra-terras-aan-de-achterzijde-1600x594.png"
      ],
      "definitions": [
        "floor consisting of a large unpartitioned space over a factory or warehouse or other commercial space",
        "floor consisting of open space at the top of a house just below roof; often used for storage",
        "(golf) the backward slant on the head of some golf clubs that is designed to drive the ball high in the air",
        "a raised shelter in which pigeons are kept"
      ]
    },
    {
      "id": "apartment",
      "image_urls": [
        "https://cedreo.com/uploads/3d_apartment_floor_plan_hu6ee5e7ca9c9245e818b0ea889a01c55f_82757_1920x0_resize_lanczos_2.png",
        "https://www.noi14.com/img/plattegronden/1.3.a.png",
        "https://www.hureninduin.nl/wp-content/uploads/2020/06/Selector.png",
        "https://apartmentswestsanantonio.com/wp-content/uploads/2020/06/One-Bedroom-Apartment-Braun-Frio.png",
        "https://www.hurenindespartaan.nl/wp-content/uploads/2020/10/Hurenindespartaan_Hoehetwerkt4.png"
      ],
      "definitions": [
        "a suite of rooms usually on one floor of an apartment house"
      ]
    },
    {
      "id": "furniture",
      "image_urls": [
        "https://www.purefurniture.com/wp-content/uploads/2020/07/Pure-furniture-groothandel-lookbook-tafel-HERO-newton-2.png",
        "https://cdn.shopify.com/s/files/1/0342/2425/products/UMAGE_packshot_5562_5562-1_LoungeAround_1.5-seater_oak__4_2_600x.png",
        "https://cdn.shopify.com/s/files/1/0342/2425/products/UMAGE_packshot_TimeFlies_brass_tweed_hazelnut__2__lowres_600x.png",
        "https://www.robos.nl/wp-content/uploads/2021/05/Gustav-1-768x768.png",
        "https://cdn.shopify.com/s/files/1/0342/2425/products/UMAGE_packshot_5622_5622-3_Treasures_2-door_oak_venetiancane__2_600x.png"
      ],
      "definitions": [
        "furnishings that make a room or other area ready for occupancy"
      ]
    },
    {
      "id": "sewer",
      "image_urls": [
        "https://dpwgp4ihve3a0.cloudfront.net/-/media/project/event-sites/aquatech/news/2020/aqd_sewer_work_720x400.png",
        "https://support.tygron.com/w/images/a/ac/Sewer_model_new.png",
        "https://marvel-b1-cdn.bc0a.com/f00000000141557/www.ndspro.com/media/catalog/product/cache/c687aa7517cf01e65c009f6943c2b1e9/1/1/111cs.png",
        "https://static.wikia.nocookie.net/civilization/images/0/0d/Sewer_%28Civ6%29.png",
        "https://www.911sewerspecialists.com/assets/mainstages/mainstage-v2-img.png"
      ],
      "definitions": [
        "a waste pipe that carries away sewage or surface water",
        "someone who sews",
        "misfortune resulting in lost effort or money"
      ]
    }
  ]
}