{
  "difficulty": "EASY",
  "objects": [
    {
      "id": "park",
      "image_urls": [
        "https://www.park21.info/sites/all/themes/parky/images/parkkaart2.png",
        "https://occ-0-1068-1723.1.nflxso.net/dnm/api/v6/LmEnxtiAuzezXBjYXPuDgfZ4zZQ/AAAABcFCvzfLrvfaRibg2DAhvok_zvrwi3usMutpjDsvPsE3iix4XIvnNS0_LJ9j3gbcweCJOIg37lX_r1xbj0BcowgX4Vp7RepK_UDM.png",
        "https://dudok.nl/inhetpark/wp-content/uploads/sites/7/2019/04/inhetpark-right.png",
        "https://www.inflatable-parks.nl/wp-content/uploads/parks_img_01-1024x650.png",
        "https://www.holidaypark.de/sites/default/files/public/brand/logos/holiday-park-50.png"
      ],
      "definitions": [
        "a large area of land preserved in its natural state as public property",
        "a piece of open land for recreational use in an urban area",
        "a facility in which ball games are played (especially baseball games)",
        "Scottish explorer in Africa (1771-1806)",
        "a lot where cars are parked",
        "a gear position that acts as a parking brake"
      ]
    },
    {
      "id": "greenhouse",
      "image_urls": [
        "https://hackster.imgix.net/uploads/cover_image/file/111264/greenhouse_high_resolution.png",
        "https://www.greenhousemag.com/fileuploads/publications/15/issues/103678/articles/images/Greenhouse_fmt.png",
        "https://www-shelterlogic.com.imgeng.in/shop/media/catalog/product/cache/a6a9ddd7aa1f70bfa069e95fce2d143c/7/0/70652.png",
        "https://greenhousemarketeers.com/wp-content/uploads/2018/12/Logo-Greenhouse-Marketeers.png",
        "https://www.chopni.com/image/cache/sellers/103471/92284_3bd5baaa92f58914cfb2ed162cf14dff-740x740.png"
      ],
      "definitions": [
        "a building with glass walls and roof; for the cultivation and exhibition of plants under controlled conditions"
      ]
    },
    {
      "id": "ground",
      "image_urls": [
        "https://lightlife.com/wp-content/uploads/2020/05/Img_OurFood_Ground_med_CA-1.png",
        "https://www.uva.nl/binaries/_ht_1557240385793/cardmedium/content/gallery/faculteiten-en-diensten/fgw-met-restricties/disciplines/conservering/projecten/down-to-the-ground-logo.png",
        "https://www.jennieo.com/wp-content/uploads/2019/10/image-product_lean-ground-turkey-roll-16oz-500x500-2.png",
        "https://www.shakyground.nl/wp-content/uploads/2020/01/ShakyGround-logo-260x189-1.png",
        "https://www.tyson.com/static/db3fdabc3b4fa366fe867bcfb905462e/03e29/tyson_ground_chicken_665x547.png"
      ],
      "definitions": [
        "the solid part of the earth's surface",
        "a rational motive for a belief or action",
        "the loose soft material that makes up a large part of the land surface",
        "a relation that provides the foundation for something",
        "a position to be won or defended in battle (or as if in battle)",
        "the part of a scene (or picture) that lies behind objects in the foreground",
        "material in the top layer of the surface of the earth in which plants can grow (especially with reference to its quality or use)",
        "a relatively homogeneous percept extending back of the figure on which attention is focused",
        "a connection between an electrical device and a large conducting body, such as the earth (which is taken to be at zero voltage)",
        "(art) the surface (as a wall or canvas) prepared to take the paint for a painting",
        "the first or preliminary coat of paint or size applied to a surface"
      ]
    },
    {
      "id": "plants",
      "image_urls": [
        "https://hollandplant.nl/wp-content/uploads/2020/01/alii.png",
        "https://www.amsterdamflowers.nl/pub/media/catalog/product/cache/d7c861e5118db161566914bb2814317a/p/a/pannenkoekenplant.png",
        "https://uploads-ssl.webflow.com/5f4e8114a9640d4aa2c637c4/60319ee28e9d963834be8820_home%20page-plant%20guides-export.png",
        "https://www.originalshop.nl/media/catalog/product/cache/6/image/1800x/040ec09b1e35df139433887a97daa66f/k/w/kwal/Plantophile-Air-plants-kwalletjes-large-2-stuks-8718985504407-33.png",
        "https://www.karmaplants.com/wp-content/uploads/2021/08/KarmaUrban17_GWW@2x-1.png"
      ],
      "definitions": [
        "buildings for carrying on industrial labor",
        "(botany) a living organism lacking the power of locomotion",
        "an actor situated in the audience whose acting is rehearsed but seems spontaneous to the audience",
        "something planted secretly for discovery by another"
      ]
    },
    {
      "id": "house",
      "image_urls": [
        "https://www.marjoleininhetklein.com/wp-content/uploads/2020/03/Free-house-plans-truoba-mini-619-grey.png",
        "https://www.marjoleininhetklein.com/wp-content/uploads/2020/03/Free-house-plans-truoba-mini-619-red-1000x462.png",
        "https://s3-eu-west-1.amazonaws.com/tpd/logos/5f2d3ef71b8cda000105194e/0x0.png",
        "https://www.houseofbeta.nl/app/uploads/2020/09/HoB-logo-cmyk-staand.png",
        "https://tinyhouse-store.nl/wp-content/uploads/2020/11/wat-kost-tiny.png"
      ],
      "definitions": [
        "a dwelling that serves as living quarters for one or more families",
        "the members of a business organization that owns or operates one or more establishments",
        "the members of a religious community living together",
        "the audience gathered together in a theatre or cinema",
        "an official assembly having legislative powers",
        "aristocratic family line",
        "play in which children take the roles of father or mother or children and pretend to interact like adults",
        "(astrology) one of 12 equal areas into which the zodiac is divided",
        "the management of a gambling house or casino",
        "a social unit living together",
        "a building where theatrical performances or motion-picture shows can be presented",
        "a building in which something is sheltered or located"
      ]
    },
    {
      "id": "roof",
      "image_urls": [
        "https://www.cupapizarras.com/wp-content/uploads/2019/09/roof-parts.png",
        "https://tritec.rocketcdn.me/wp-content/uploads/2020/03/tri-stand-tiles-roof-1.png",
        "https://sunstruction.nl/png/systems/roof-hooks.png",
        "https://www.mg-bouw.com/wp-content/uploads/2020/05/Meuwissen-AlkReflex-Roof-1.7-Wand-dak-buitenzijde-20210727.png",
        "https://www.metalsales.us.com/wp-content/uploads/2020/08/pic2a-1024x720.png"
      ],
      "definitions": [
        "a protective covering that covers or forms the top of a building",
        "protective covering on top of a motor vehicle",
        "the inner top surface of a covered area or hollow space",
        "an upper limit on what is allowed"
      ]
    },
    {
      "id": "garden",
      "image_urls": [
        "https://hello-garden.nl/web/image/394973/Hello-Garden-knop-bloem.png",
        "https://gardentutor.com/wp-content/uploads/2019/01/garden-bg.png",
        "https://www.hellogarden.nl/wp-content/uploads/2020/12/Romantic-garden.png",
        "https://www.hellogarden.nl/wp-content/uploads/2019/08/Hello-Garden-Waar-te-koop.png",
        "https://cdn.shopify.com/s/files/1/1257/7487/products/edn-smallgarden-hero-basil-front-shopify_dba28422-4eeb-4039-821a-4d2551b531f5_2048x.png"
      ],
      "definitions": [
        "a plot of ground where plants are cultivated",
        "the flowers or vegetables or fruits or herbs that are cultivated in a garden",
        "a yard or lawn adjoining a house"
      ]
    },
    {
      "id": "windowsill",
      "image_urls": [
        "https://cdn0.iconfinder.com/data/icons/nuuline-fill-interior-home-decoration/150/home_decoration_interior-09-512.png",
        "https://thescentedlife.nl/wp-content/uploads/2020/02/Windowsill-breeze-Scentsy-waxbar.png",
        "https://www.comhan.com/sites/default/files/styles/type_smal/public/waterslagen_35sl_15deg_waterslag_35sl_190mm_w-image1.png",
        "https://thescentedlife.nl/wp-content/uploads/2020/10/Scentsy-vloeibaar-wasmiddel-windowsill-breeze.png",
        "https://www.seekpng.com/png/full/763-7631869_how-to-design-a-windowsill-flower-box-window.png"
      ],
      "definitions": [
        "the sill of a window; the horizontal member at the bottom of the window frame"
      ]
    }
  ]
}