{
  "difficulty": "EASY",
  "objects": [
    {
      "id": "orbit",
      "image_urls": [
        "https://upload.wikimedia.org/wikipedia/commons/thumb/7/73/Newton_Cannon.svg/300px-Newton_Cannon.svg.png",
        "https://upload.wikimedia.org/wikipedia/commons/thumb/f/f0/Seasons1.svg/600px-Seasons1.svg.png",
        "https://www.you-love-it.eu/media/image/e2/41/59/85000-210000_426_01.png",
        "https://orbitpersoneelsdiensten.nl/wp-content/uploads/2020/12/Orbit-blacktxt.png",
        "https://orbit.ing-now.com/include/frontend/lib/images/terra.png"
      ],
      "definitions": [
        "the (usually elliptical) path described by one celestial body in its revolution about another",
        "a particular environment or walk of life",
        "an area in which something acts or operates or has power or control:",
        "the path of an electron around the nucleus of an atom",
        "the bony cavity in the skull containing the eyeball"
      ]
    },
    {
      "id": "kitchen",
      "image_urls": [
        "https://www.haecker-kuechen.com/fileadmin/images/kitchen-styles/petersburgerhaengung_02.png",
        "https://cdn11.bigcommerce.com/s-e8hbhudqv3/product_images/uploaded_images/shaker-1a.png",
        "https://static.takeaway.com/images/restaurants/nl/OR535NPN/logo_465x320.png",
        "https://www.robertthomashomes.com/wp-content/uploads/2020/04/At-Home-Kitchen-1.png",
        "https://cdn.shopify.com/s/files/1/2717/4124/products/KitchenLivingEN_gestalten_book_contemporary_kitchen_interior_front_inside08_2000x.png"
      ],
      "definitions": [
        "a room equipped for preparing meals"
      ]
    },
    {
      "id": "container",
      "image_urls": [
        "https://images.ctfassets.net/gc5htdx4kcus/4OHleWuGTa6mdbSbicT5ur/d2424e4d0ac10b83ac4d47c86d01b5c5/22G1_20FT_Standaard_new_blue_Corner_shadow.png",
        "https://images.ctfassets.net/gc5htdx4kcus/3xwyqoW4STO4hp8vO1WJw6/833a98eec3a9c713ebce052fc54fec45/8BG1_8FT_used_Corner.png",
        "https://www.unifeeder.com/hubfs/Container%20equipment%20on%20website%20-%2040ft%20HC-1.png",
        "https://www.sednacontainers.com/wp-content/uploads/2020/11/40ft-High-Cube-A-voorzijde-optimized.png",
        "https://www.weclines.com/wp-content/uploads/2015/09/Container_1-1.png"
      ],
      "definitions": [
        "any object that can be used to hold things (especially a large metal boxlike object of standardized dimensions that can be loaded from one form of transport to another)"
      ]
    },
    {
      "id": "universe",
      "image_urls": [
        "https://static.wikia.nocookie.net/beyond-universe/images/5/54/Universe.png",
        "https://static.wikia.nocookie.net/beyond-universe/images/5/54/Universe.png",
        "https://thumbor.forbes.com/thumbor/fit-in/1200x0/https%3A%2F%2Fblogs-images.forbes.com%2Fstartswithabang%2Ffiles%2F2016%2F06%2FObservable_universe_logarithmic_illustration.png",
        "https://images.theconversation.com/files/301116/original/file-20191111-194633-1hal3qv.png",
        "https://grammartop.com/wp-content/uploads/2020/11/universe-27e98be8dcee446934a63f2e0ab8bba493692257.png"
      ],
      "definitions": [
        "everything that exists anywhere",
        "(statistics) the entire aggregation of items from which samples can be drawn",
        "everything stated or assumed in a given discussion"
      ]
    },
    {
      "id": "vacuum",
      "image_urls": [
        "https://dyson-h.assetsadobe2.com/is/image/content/dam/dyson/images/products/primary/298746-01.png",
        "https://media.miele.com/images/2000014/200001403/20000140384.png",
        "https://eurom.nl/wp-content/uploads/2019/08/348636_EuromGardenVacuum166-1016x1024.png",
        "https://dyson-h.assetsadobe2.com/is/image/content/dam/dyson/leap-petite-global/products/floorcare/corded/light-ball-multi-floor-plus/UP16-IRNRED-gallery-hero-1.png",
        "https://www.panasonic.com/content/dam/pim/my/en/MC/MC-CL7/MC-CL789/ast-1138219.png"
      ],
      "definitions": [
        "the absence of matter",
        "an empty area or space",
        "a region that is devoid of matter",
        "an electrical home appliance that cleans by suction"
      ]
    },
    {
      "id": "space",
      "image_urls": [
        "https://www.leolabs.space/wp-content/uploads/2020/04/earth.png",
        "https://pbs.twimg.com/profile_images/549322703589486592/o97AmUsa.png",
        "https://plate-attachments.s3.amazonaws.com/images/fde605768b/logoSEkleur150%20transp-48521.png",
        "https://resources.jetbrains.com/storage/products/space/img/meta/logo.png",
        "https://3718aeafc638f96f5bd6-d4a9ca15fc46ba40e71f94dec0aad28c.ssl.cf1.rackcdn.com/journal-astronomy-and-space-sciences.png"
      ],
      "definitions": [
        "the unlimited expanse in which everything is located",
        "an empty area (usually bounded in some way between things)",
        "an area reserved for some particular purpose",
        "any location outside the Earth's atmosphere",
        "a blank character used to separate successive words in writing or printing",
        "the interval between two times",
        "a blank area",
        "one of the areas between or below or above the lines of a musical staff",
        "(printing) a block of type without a raised letter; used for spacing between words or sentences"
      ]
    },
    {
      "id": "closet",
      "image_urls": [
        "https://d309m4gu6gj54l.cloudfront.net/media/Products/pocket-closet/_1200x630_crop_center-center_82_none/pocket-closet.png",
        "https://d309m4gu6gj54l.cloudfront.net/media/Products/pocket-closet/Pocket_Closet_Medium_Oak.png",
        "https://prestonhollow.advocatemag.com/wp-content/uploads/sites/8/2021/03/LH_PH_ED_Illustration-10.png",
        "https://d309m4gu6gj54l.cloudfront.net/media/Products/Pocket_Closet_Medium_Oak-Side.png",
        "https://www.closetsbyliberty.com/wp-content/uploads/2020/03/8-foot-traditional-empty.png"
      ],
      "definitions": [
        "a small room (or recess) or cabinet used for storage space",
        "a toilet in Britain",
        "a tall piece of furniture that provides storage space for clothes; has a door and rails or hooks for hanging clothes",
        "a small private room for study or prayer"
      ]
    },
    {
      "id": "jar",
      "image_urls": [
        "https://www.etos.nl/dw/image/v2/BCTN_PRD/on/demandware.static/-/Sites-etos-master-catalog/default/dw953883ce/images/120527860/120527860_MCM_PACK_150516.png",
        "https://www.etos.nl/dw/image/v2/BCTN_PRD/on/demandware.static/-/Sites-etos-master-catalog/default/dw116bec09/images/120527771/120527771_MCM_PACK_150532.png",
        "https://www.candlewarmers.com/cache/PRODUCTIMAGE4018MAR.png",
        "https://www.oasisfloral.co.uk/media/catalog/product/cache/73fdfc624587e8942c64b15b96a5e275/4/5/45-03255_group_new_hailey_clear_and_green.png",
        "https://www.nutella.com/nl/sites/nutella20_nl/files/styles/scale_width_475/public/2020-09/de-nutella-pot-leeg-glas.png"
      ],
      "definitions": [
        "a vessel (usually cylindrical) with a wide mouth and without handles",
        "the quantity contained in a jar",
        "a sudden jarring impact"
      ]
    }
  ]
}