{
  "difficulty": "EASY",
  "objects": [
    {
      "id": "store",
      "image_urls": [
        "https://upload.wikimedia.org/wikipedia/commons/thumb/a/a7/Microsoft_Store.svg/1200px-Microsoft_Store.svg.png",
        "https://img.icons8.com/color/384/000000/small-business.png",
        "https://cdn-prod.scalefast.com/public/assets/themes/bandai-namco-store-eu/images/new-icons/STORE-Orange.png",
        "https://img.icons8.com/color/384/000000/shopping-cart-loaded.png",
        "https://www.therepairhouse.com/wp-content/uploads/2020/01/play-store-300x300.png"
      ],
      "definitions": [
        "a mercantile establishment for the retail sale of goods or services",
        "a supply of something available for future use",
        "an electronic memory device",
        "a depository for goods"
      ]
    },
    {
      "id": "room",
      "image_urls": [
        "https://cdn.shopify.com/s/files/1/0312/2737/9849/files/FR_ASSET_IMG_FR_PRO_DARK.png",
        "https://floorplanner.com/static/img/redesign/home/header-image.png",
        "https://cdn.shopify.com/s/files/1/0312/2737/9849/files/open-meeting-room-pro-white-v1.png",
        "https://cedreo.com/uploads/us_livingroom_05_3d_v3_huaa719323ddab429104a35d392eab66b0_333429_1920x0_resize_lanczos_2.png",
        "https://www.thekitefinca.com/wp-content/uploads/2020/12/bed.png"
      ],
      "definitions": [
        "an area within a building enclosed by walls and floor and ceiling",
        "space for movement",
        "opportunity for",
        "the people who are present in a room"
      ]
    },
    {
      "id": "rug",
      "image_urls": [
        "https://hkliving.nl/media/39199/ttk3063-lr_d_01.png",
        "https://images.selency.com/306f4a30-cf03-438b-b4b9-a5f711b6ac7a/beautiful-rug-rbati_original.png",
        "https://cdn.shopify.com/s/files/1/1496/0124/products/Ellsworth_10x8_f87a5242-70e3-4ca9-9f0b-dde5c9b12d17_x700.png",
        "https://images.selency.com/a53dfdf8-408e-4269-b81b-84a3b44dc027/scandinavian-20th-century-modern-rya-rug-svangsta-slottsmatta-sweden-190-x-140-cm-75-x-55-in_original.png",
        "https://cdn.shopify.com/s/files/1/1496/0124/products/Conway_Hand_Woven_Rug_3x5_d46f8a4e-b3db-4d83-a4f8-718448a9bb45_x700.png"
      ],
      "definitions": [
        "floor covering consisting of a piece of thick heavy fabric (usually with nap or pile)"
      ]
    },
    {
      "id": "loft",
      "image_urls": [
        "https://www.loftloft.nl/wp-content/uploads/2020/09/Logo-loft-png.png",
        "https://vepa.nl/wp-content/uploads/2021/02/Loft_008_Prd_MeetSit_10043367_Transparent.png",
        "https://woneninhout.nl/wp-content/uploads/Koda-Loft-3D-tekening-met-aanduidingen-ruimtes.png",
        "https://vepa.nl/wp-content/uploads/2021/02/Loft_009_Prd_MeetSit_10036769_Transparent.png",
        "https://woneninhout.nl/wp-content/uploads/KODA-Loft-Extended-met-extra-terras-aan-de-achterzijde-1600x594.png"
      ],
      "definitions": [
        "floor consisting of a large unpartitioned space over a factory or warehouse or other commercial space",
        "floor consisting of open space at the top of a house just below roof; often used for storage",
        "(golf) the backward slant on the head of some golf clubs that is designed to drive the ball high in the air",
        "a raised shelter in which pigeons are kept"
      ]
    },
    {
      "id": "furniture",
      "image_urls": [
        "https://www.purefurniture.com/wp-content/uploads/2020/07/Pure-furniture-groothandel-lookbook-tafel-HERO-newton-2.png",
        "https://cdn.shopify.com/s/files/1/0342/2425/products/UMAGE_packshot_5562_5562-1_LoungeAround_1.5-seater_oak__4_2_600x.png",
        "https://cdn.shopify.com/s/files/1/0342/2425/products/UMAGE_packshot_TimeFlies_brass_tweed_hazelnut__2__lowres_600x.png",
        "https://www.robos.nl/wp-content/uploads/2021/05/Gustav-1-768x768.png",
        "https://cdn.shopify.com/s/files/1/0342/2425/products/UMAGE_packshot_5622_5622-3_Treasures_2-door_oak_venetiancane__2_600x.png"
      ],
      "definitions": [
        "furnishings that make a room or other area ready for occupancy"
      ]
    },
    {
      "id": "roof",
      "image_urls": [
        "https://www.cupapizarras.com/wp-content/uploads/2019/09/roof-parts.png",
        "https://tritec.rocketcdn.me/wp-content/uploads/2020/03/tri-stand-tiles-roof-1.png",
        "https://sunstruction.nl/png/systems/roof-hooks.png",
        "https://www.mg-bouw.com/wp-content/uploads/2020/05/Meuwissen-AlkReflex-Roof-1.7-Wand-dak-buitenzijde-20210727.png",
        "https://www.metalsales.us.com/wp-content/uploads/2020/08/pic2a-1024x720.png"
      ],
      "definitions": [
        "a protective covering that covers or forms the top of a building",
        "protective covering on top of a motor vehicle",
        "the inner top surface of a covered area or hollow space",
        "an upper limit on what is allowed"
      ]
    },
    {
      "id": "floor",
      "image_urls": [
        "https://images.squarespace-cdn.com/content/v1/5c2d1217b40b9d0b0efaa79a/1560189605756-BH618E93G02XZ5TEGK61/Parket-FloorGuys.png",
        "https://boen.com/-/media/images/homepage/collage2.png",
        "https://thefloorstorenm.com/wp-content/uploads/2018/05/tile.png",
        "https://www.par-ky.com/media/img/pics/_original/parket-opbouw-700x418.png",
        "https://www.tonone.com/media/89/55/0d/1604916935/bolt%20floor%20long%202%20arm%20lw.png"
      ],
      "definitions": [
        "the inside lower horizontal surface (as of a room, hallway, tent, or other structure)",
        "a structure consisting of a room or set of rooms at a single position along a vertical scale",
        "a lower limit",
        "the ground on which people and animals move about",
        "the bottom surface of any lake or other body of water",
        "the lower inside surface of any hollow structure",
        "the occupants of a floor",
        "the parliamentary right to address an assembly",
        "the legislative hall where members debate and vote and conduct other business",
        "a large room in a exchange where the trading is done"
      ]
    },
    {
      "id": "bathtub",
      "image_urls": [
        "https://www.romaniabathtubs.com/wp-content/uploads/2019/02/Modula3.png",
        "https://www.thesocialitefamily.com/wp-content/uploads/2016/08/devon-devon-1-600x600.png",
        "https://cdn.shopify.com/s/files/1/1746/8031/products/BA-DPD72-900A-OB_1024x1024.png",
        "https://www.riluxa.com/m2f/media/catalog/product/cache/c7379007260ecad40e9db1dbcaab0a4e/l/o/lofty_160-freestanding_solid_surface_bathtub-bafs-gatr-loft160.png",
        "https://prolucainteriors.com/wp-content/uploads/2021/03/newton-bathtub-01-boca-do-lobo.png"
      ],
      "definitions": [
        "a relatively large open container that you fill with water and use to wash the body"
      ]
    }
  ]
}