{
  "difficulty": "EASY",
  "objects": [
    {
      "id": "internet",
      "image_urls": [
        "https://images.hogeschoolrotterdam.nl/Blob/0636adf0e6404bb38bb8b3293a418411/d5b717b1b43e4cd482c3b160b9751c64.png",
        "https://www.glasvezelinternetaanbieding.nl/wp-content/uploads/2018/04/glasvezel-internet-rotterdam.png",
        "https://www.tele2.nl/Tele2/media/images/Tele2/thuis/internet-tv-bellen/shop/internet-abonnement-1.png",
        "https://internetvergelijken.org/wp-content/uploads/2019/04/internetentvicon-2.png",
        "https://www.delta.nl/media/2612/laptop-alleen-internet-wifi.png"
      ],
      "definitions": [
        "a computer network consisting of a worldwide network of computer networks that use the TCP/IP network protocols to facilitate data transmission and exchange"
      ]
    },
    {
      "id": "television",
      "image_urls": [
        "https://smart-cover.co.uk/wp-content/themes/Smart%20Cover/page-templates/images/tvcvr-right.png",
        "https://ec.europa.eu/energy/sites/default/files/eepf_labels/assets/images/eepf_labels_tv_icon_big.png",
        "https://images.selency.com/1858e1b1-30f3-4a73-8d3a-c424ec2f8fd0/continental-television-edifice-on-foot-tulip_original.png",
        "https://www.bestelectronicsltd.com/wp-content/uploads/2017/11/Toshiba-40%E2%80%B3-Series-37L3750VE-Full-HD-LED-LCD-Television.png",
        "https://5.imimg.com/data5/SELLER/Default/2021/1/CN/QD/AL/76732024/android-television-250x250.png"
      ],
      "definitions": [
        "broadcasting visual images of stationary or moving objects; ;  - Ernie Kovacs",
        "a telecommunication system that transmits images of objects (stationary or moving) between distant points",
        "an electronic device that receives television signals and displays them on a screen"
      ]
    },
    {
      "id": "books",
      "image_urls": [
        "https://hollandbooks.nl/wp-content/uploads/2018/01/books.png",
        "https://londonbooks.eu/wp-content/uploads/2021/03/VintageStudy-GNTAUS-768x667.png",
        "https://bulkbooks.com/assets/spree/frontend/parallax/home-p-back-d632f485ae844ad12f0e0d6b87f052e644e41b4b7f47f0e400095e19323a2645.png",
        "https://www.spl.org/Seattle-Public-Library/images/icons/online-resources/icons_115x115_1-18_books-reading.png",
        "https://emojipedia-us.s3.amazonaws.com/source/skype/289/books_1f4da.png"
      ],
      "definitions": [
        "a written work or composition that has been published (printed on pages bound together)",
        "physical objects consisting of a number of pages bound together",
        "a compilation of the known facts regarding something or someone",
        "a written version of a play or other dramatic composition; used in preparing for a performance",
        "a record in which commercial accounts are recorded",
        "a collection of playing cards satisfying the rules of a card game",
        "a collection of rules or prescribed standards on the basis of which decisions are made",
        "the sacred writings of Islam revealed by God to the prophet Muhammad during his life at Mecca and Medina",
        "the sacred writings of the Christian religions",
        "a major division of a long written composition",
        "a number of sheets (ticket or stamps etc.) bound together on one edge"
      ]
    },
    {
      "id": "book",
      "image_urls": [
        "https://upload.wikimedia.org/wikipedia/commons/thumb/9/92/Open_book_nae_02.svg/1200px-Open_book_nae_02.svg.png",
        "https://upload.wikimedia.org/wikipedia/commons/thumb/3/39/Book.svg/1200px-Book.svg.png",
        "https://www.printsimpleindia.com/wp-content/uploads/2020/09/book_guide_hero_books.png",
        "https://cdn.shopify.com/s/files/1/0039/7282/5134/products/Racism_1_860x860.png",
        "https://static.wikia.nocookie.net/gensin-impact/images/4/48/Book_A_Drunkard%27s_Tale.png"
      ],
      "definitions": [
        "a written work or composition that has been published (printed on pages bound together)",
        "physical objects consisting of a number of pages bound together",
        "a compilation of the known facts regarding something or someone",
        "a written version of a play or other dramatic composition; used in preparing for a performance",
        "a record in which commercial accounts are recorded",
        "a collection of playing cards satisfying the rules of a card game",
        "a collection of rules or prescribed standards on the basis of which decisions are made",
        "the sacred writings of Islam revealed by God to the prophet Muhammad during his life at Mecca and Medina",
        "the sacred writings of the Christian religions",
        "a major division of a long written composition",
        "a number of sheets (ticket or stamps etc.) bound together on one edge"
      ]
    },
    {
      "id": "meeting",
      "image_urls": [
        "https://agilescrumgroup.nl/wp-content/uploads/sprint-planning-meeting-e1608804051883.png",
        "https://blogs.fireflies.ai/content/images/2021/07/feat-min-1.png",
        "https://agilescrumgroup.nl/wp-content/uploads/daily-scrum-standup-meeting.png",
        "https://meetingroom.io/wp-content/uploads/2019/05/Company-Meetings.png",
        "https://www.zohowebstatic.com/sites/default/files/meeting/home/zm-mobile-banner.png"
      ],
      "definitions": [
        "a formally arranged gathering",
        "a small informal social gathering",
        "a casual or unexpected convergence",
        "the social act of assembling for some common purpose",
        "the act of joining together as one",
        "a place where things merge or flow together (especially rivers)"
      ]
    },
    {
      "id": "manual",
      "image_urls": [
        "https://735730.smushcdn.com/1022758/wp-content/uploads/2020/09/new-comb-manual.png",
        "https://www.helpandmanual.com/xplain/hmfrontbanner/hm8.png",
        "https://kreisler-publications.nl/wp-content/uploads/2020/07/IATA-Airport-Handling-Manual-IATA-AHM-2021-600x683.png",
        "https://static.thenounproject.com/png/1430557-200.png",
        "https://manualmaster.com/wp-content/uploads/2019/12/logo_MM_cropped.png"
      ],
      "definitions": [
        "a small handbook",
        "(military) a prescribed drill in handling a rifle"
      ]
    },
    {
      "id": "library",
      "image_urls": [
        "https://www.tua.nl/assets/admin/plugins/kcfinder/upload/images/Bibliotheek/Home_borrowing3.png",
        "https://www.openingthebook.com/media/1034/public-library-design.png",
        "https://duluthlibrary.org/media/11866/homeimage2.png",
        "https://i0.wp.com/harlingenlibrary.org/wp-content/uploads/2018/10/cropped-Logo-1-clear-2.png",
        "https://static.wikia.nocookie.net/civilization/images/5/57/Great_Library_%28Civ6%29.png"
      ],
      "definitions": [
        "a room where books are kept",
        "a collection of literary documents or records kept for reference or borrowing",
        "a depository built to contain books and other materials for reading and study",
        "(computing) a collection of standard programs and subroutines that are stored and available for immediate use",
        "a building that houses a collection of books and other materials"
      ]
    },
    {
      "id": "information",
      "image_urls": [
        "https://upload.wikimedia.org/wikipedia/commons/thumb/1/18/Circle-information.svg/1200px-Circle-information.svg.png",
        "https://piwik.pro/wp-content/uploads/2020/10/2020-10-21_What-Is-PII-non-PII-and-personal-data_blog.png",
        "https://www.exin.com/sites/default/files/2018-11/EXIN_Badge_ModuleProfessional_InformationSM_ISO.png",
        "https://d2k0ddhflgrk1i.cloudfront.net/EWI/Over%20de%20faculteit/Afdelingen/Software%20Technology/Web%20Information%20Systems/img/WisCircle_450.png",
        "https://eternalsunshineoftheismind.files.wordpress.com/2013/02/information1.png"
      ],
      "definitions": [
        "a message received and understood",
        "knowledge acquired through study or experience or instruction",
        "formal accusation of a crime",
        "a collection of facts from which conclusions may be drawn",
        "(communication theory) a numerical measure of the uncertainty of an outcome"
      ]
    }
  ]
}