{
  "difficulty": "EASY",
  "objects": [
    {
      "id": "jar",
      "image_urls": [
        "https://www.etos.nl/dw/image/v2/BCTN_PRD/on/demandware.static/-/Sites-etos-master-catalog/default/dw953883ce/images/120527860/120527860_MCM_PACK_150516.png",
        "https://www.etos.nl/dw/image/v2/BCTN_PRD/on/demandware.static/-/Sites-etos-master-catalog/default/dw116bec09/images/120527771/120527771_MCM_PACK_150532.png",
        "https://www.candlewarmers.com/cache/PRODUCTIMAGE4018MAR.png",
        "https://www.oasisfloral.co.uk/media/catalog/product/cache/73fdfc624587e8942c64b15b96a5e275/4/5/45-03255_group_new_hailey_clear_and_green.png",
        "https://www.nutella.com/nl/sites/nutella20_nl/files/styles/scale_width_475/public/2020-09/de-nutella-pot-leeg-glas.png"
      ],
      "definitions": [
        "a vessel (usually cylindrical) with a wide mouth and without handles",
        "the quantity contained in a jar",
        "a sudden jarring impact"
      ]
    },
    {
      "id": "pot",
      "image_urls": [
        "https://cdn.shopify.com/s/files/1/0267/2816/9654/products/Leather-Pot-with-plant.png",
        "https://elho.xcdn.nl/RB400,400,C_OQ70/green-basics-growpot-40cm-mild-terrap1png/green_basics_growpot_40cm_mild_terra.p1.png",
        "https://www.mepal.com/nl/351/0/0/1/ffffff00/d211cb1d/e5ab303a5a8ff2600535ad0b2c02672c9314b50f28542ee5df6e753ee6ec2a42/kies-de-pot-die-bij-je-past.png",
        "https://www.amsterdamflowers.nl/pub/media/catalog/product/cache/d7c861e5118db161566914bb2814317a/g/r/groene-plan-inclusief-pot.png",
        "https://www.kookwinkel.nl/media/catalog/product/cache/0996428dee9fed3db5de728090eadc5d/c/r/crock-pot_cr052_slowcooker_4_7_liter_2_.png"
      ],
      "definitions": [
        "metal or earthenware cooking vessel that is usually round and deep; often has a handle and lid",
        "a plumbing fixture for defecation and urination",
        "the quantity contained in a pot",
        "a container in which plants are cultivated",
        "(often followed by `of') a large number or amount or extent",
        "the cumulative amount involved in a game (such as poker)",
        "slang for a paunch",
        "a resistor with three terminals, the third being an adjustable center terminal; used to adjust voltages in radios and TV sets",
        "street names for marijuana"
      ]
    },
    {
      "id": "carnival",
      "image_urls": [
        "https://cdn.shopify.com/s/files/1/0247/8476/4981/files/logo-new_640x.png",
        "https://malmesburycarnival.co.uk/images/2020/02/07/679-malmesbury-carnival-festival-2020.png",
        "https://images.squarespace-cdn.com/content/v1/6049e94ea35ba05f50849c2f/1615458822673-2ZSR8RI0L73SUE9ZIFPF/Asset+1%404x.png",
        "https://huddscarnival.com/wp-content/uploads/2019/05/Hudds-Carnival-Generic-Logo-01.png",
        "https://www.irn-bru-carnival.com/assets/images/irn-bru-carnival-logo.png"
      ],
      "definitions": [
        "a festival marked by merrymaking and processions",
        "a frenetic disorganized (and often comic) disturbance suggestive of a large public entertainment",
        "a traveling show; having sideshows and rides and games of skill etc."
      ]
    },
    {
      "id": "box",
      "image_urls": [
        "https://www.mysteryboxkopen.nl/wp-content/uploads/2019/01/Mystery_Box_V01-e1548633735113.png",
        "https://www.doggy-box.com/wp-content/themes/doggy-box/img/open-box.png",
        "https://static.cdn.packhelp.com/wp-content/uploads/2021/05/05134118/Packhelp24945-1-1.png",
        "https://cdn.shopify.com/s/files/1/0300/7227/4989/files/box_logo_white_bg_300x300.png",
        "https://cdn.shopify.com/s/files/1/0380/2146/4203/products/Cardboard-box-Silver-transparent_600x.png"
      ],
      "definitions": [
        "a (usually rectangular) container; may have a lid",
        "private area in a theater or grandstand where a small group can watch the performance",
        "the quantity contained in a box",
        "a predicament from which a skillful or graceful escape is impossible",
        "a rectangular drawing",
        "evergreen shrubs or small trees",
        "any one of several designated areas on a ball field where the batter or catcher or coaches are positioned",
        "the driver's seat on a coach",
        "separate partitioned area in a public place for a few people",
        "a blow with the hand (usually on the ear)"
      ]
    },
    {
      "id": "container",
      "image_urls": [
        "https://images.ctfassets.net/gc5htdx4kcus/4OHleWuGTa6mdbSbicT5ur/d2424e4d0ac10b83ac4d47c86d01b5c5/22G1_20FT_Standaard_new_blue_Corner_shadow.png",
        "https://images.ctfassets.net/gc5htdx4kcus/3xwyqoW4STO4hp8vO1WJw6/833a98eec3a9c713ebce052fc54fec45/8BG1_8FT_used_Corner.png",
        "https://www.unifeeder.com/hubfs/Container%20equipment%20on%20website%20-%2040ft%20HC-1.png",
        "https://www.sednacontainers.com/wp-content/uploads/2020/11/40ft-High-Cube-A-voorzijde-optimized.png",
        "https://www.weclines.com/wp-content/uploads/2015/09/Container_1-1.png"
      ],
      "definitions": [
        "any object that can be used to hold things (especially a large metal boxlike object of standardized dimensions that can be loaded from one form of transport to another)"
      ]
    },
    {
      "id": "liquid",
      "image_urls": [
        "https://reef-center.nl/wp-content/uploads/2020/10/Liquid-Carbon-1000ml-1.png",
        "https://hg.eu/media/erxilwvz/139100100-main.png",
        "https://liquipedia.net/commons/images/a/a7/Team_Liquid_2017_lightmode.png",
        "https://www.pureencapsulationspro.com/media/catalog/product/cache/92b9a95b454eb0932fd98f4298dc611d/v/d/vdl_rgb_1.png",
        "https://www.teamliquid.com/images/og-logo.png"
      ],
      "definitions": [
        "a substance that is liquid at room temperature and pressure",
        "the state in which a substance exhibits a characteristic readiness to flow with little or no tendency to disperse and relatively high incompressibility",
        "fluid matter having no fixed shape but a fixed volume",
        "a frictionless continuant that is not a nasal consonant (especially `l' and `r')"
      ]
    },
    {
      "id": "peanuts",
      "image_urls": [
        "https://upload.wikimedia.org/wikipedia/en/4/40/Peanuts_gang.png",
        "https://peanut-institute.com/wp-content/uploads/2017/08/peanut-home-focus.png",
        "https://cdn.shopify.com/s/files/1/0277/8474/0935/products/Bikaji-Classic-Salted-Peanuts-200g.png",
        "https://www.bikaji.com/pub/media/catalog/product/cache/b3b166914d87ce343d4dc5ec5117b502/h/i/hing-jeera-peanut-new-front.png",
        "https://swartberg.com/app/uploads/2018/04/peanuts_private_label_bag_medium-500x500.png"
      ],
      "definitions": [
        "underground pod of the peanut vine",
        "widely cultivated American plant cultivated in tropical and warm regions; showy yellow flowers on stalks that bend over to the soil so that seed pods ripen underground",
        "a young child who is small for his age",
        "pod of the peanut vine containing usually 2 nuts or seeds; `groundnut' and `monkey nut' are British terms"
      ]
    },
    {
      "id": "ballpark",
      "image_urls": [
        "https://images.squarespace-cdn.com/content/v1/5ace9d148f5130a183b3a87e/1574914259334-Q9DHTM9SZ4YF3GFGG864/BALLPARK+BRANDMARK_MASTER_RGB.png",
        "https://www.ballparkbrand.com/themes/custom/ballpark/images/Ballpark_Logo_Blue.png",
        "https://www.ballparkbrand.com/favicons/apple-touch-icon-180x180-precomposed.png",
        "https://mlbballparkpassport.com/wp-content/uploads/2014/05/21.png",
        "https://images.squarespace-cdn.com/content/v1/5846fa02bebafb624c0783dd/1549834631841-M9G4KNZD400XEKXUSPGD/Ballpark+Collective+Logo_Color_300ppi.png"
      ],
      "definitions": [
        "a facility in which ball games are played (especially baseball games)",
        "near to the scope or range of something"
      ]
    }
  ]
}