{
  "difficulty": "EASY",
  "objects": [
    {
      "id": "park",
      "image_urls": [
        "https://www.park21.info/sites/all/themes/parky/images/parkkaart2.png",
        "https://occ-0-1068-1723.1.nflxso.net/dnm/api/v6/LmEnxtiAuzezXBjYXPuDgfZ4zZQ/AAAABcFCvzfLrvfaRibg2DAhvok_zvrwi3usMutpjDsvPsE3iix4XIvnNS0_LJ9j3gbcweCJOIg37lX_r1xbj0BcowgX4Vp7RepK_UDM.png",
        "https://dudok.nl/inhetpark/wp-content/uploads/sites/7/2019/04/inhetpark-right.png",
        "https://www.inflatable-parks.nl/wp-content/uploads/parks_img_01-1024x650.png",
        "https://www.holidaypark.de/sites/default/files/public/brand/logos/holiday-park-50.png"
      ],
      "definitions": [
        "a large area of land preserved in its natural state as public property",
        "a piece of open land for recreational use in an urban area",
        "a facility in which ball games are played (especially baseball games)",
        "Scottish explorer in Africa (1771-1806)",
        "a lot where cars are parked",
        "a gear position that acts as a parking brake"
      ]
    },
    {
      "id": "vase",
      "image_urls": [
        "https://anna-nina.imgix.net/spree/products/14507/huge/Small_Vase_Sea_Blue_edited.png",
        "https://anna-nina.imgix.net/spree/products/15619/huge/Flower_Vase_Blush_Pink_more_pink.png",
        "https://cdn.moooi.com/tmp/image-thumbnails/Collection/Delft%20Blue/image-thumb__3996__height_500/Delft-Blue-group.png",
        "https://images.selency.com/280d37c6-897f-4690-963f-9a9ebcd19fd5/beautiful-japanese-vase_original.png",
        "https://anna-nina.imgix.net/spree/products/14508/huge/Small_Vase_Cobalt_Blue_edited.png"
      ],
      "definitions": [
        "an open jar of glass or porcelain used as an ornament or to hold flowers"
      ]
    },
    {
      "id": "ground",
      "image_urls": [
        "https://lightlife.com/wp-content/uploads/2020/05/Img_OurFood_Ground_med_CA-1.png",
        "https://www.uva.nl/binaries/_ht_1557240385793/cardmedium/content/gallery/faculteiten-en-diensten/fgw-met-restricties/disciplines/conservering/projecten/down-to-the-ground-logo.png",
        "https://www.jennieo.com/wp-content/uploads/2019/10/image-product_lean-ground-turkey-roll-16oz-500x500-2.png",
        "https://www.shakyground.nl/wp-content/uploads/2020/01/ShakyGround-logo-260x189-1.png",
        "https://www.tyson.com/static/db3fdabc3b4fa366fe867bcfb905462e/03e29/tyson_ground_chicken_665x547.png"
      ],
      "definitions": [
        "the solid part of the earth's surface",
        "a rational motive for a belief or action",
        "the loose soft material that makes up a large part of the land surface",
        "a relation that provides the foundation for something",
        "a position to be won or defended in battle (or as if in battle)",
        "the part of a scene (or picture) that lies behind objects in the foreground",
        "material in the top layer of the surface of the earth in which plants can grow (especially with reference to its quality or use)",
        "a relatively homogeneous percept extending back of the figure on which attention is focused",
        "a connection between an electrical device and a large conducting body, such as the earth (which is taken to be at zero voltage)",
        "(art) the surface (as a wall or canvas) prepared to take the paint for a painting",
        "the first or preliminary coat of paint or size applied to a surface"
      ]
    },
    {
      "id": "plants",
      "image_urls": [
        "https://hollandplant.nl/wp-content/uploads/2020/01/alii.png",
        "https://www.amsterdamflowers.nl/pub/media/catalog/product/cache/d7c861e5118db161566914bb2814317a/p/a/pannenkoekenplant.png",
        "https://uploads-ssl.webflow.com/5f4e8114a9640d4aa2c637c4/60319ee28e9d963834be8820_home%20page-plant%20guides-export.png",
        "https://www.originalshop.nl/media/catalog/product/cache/6/image/1800x/040ec09b1e35df139433887a97daa66f/k/w/kwal/Plantophile-Air-plants-kwalletjes-large-2-stuks-8718985504407-33.png",
        "https://www.karmaplants.com/wp-content/uploads/2021/08/KarmaUrban17_GWW@2x-1.png"
      ],
      "definitions": [
        "buildings for carrying on industrial labor",
        "(botany) a living organism lacking the power of locomotion",
        "an actor situated in the audience whose acting is rehearsed but seems spontaneous to the audience",
        "something planted secretly for discovery by another"
      ]
    },
    {
      "id": "flower",
      "image_urls": [
        "https://www.flowers.nl/contents/media/t_100701100_z.png",
        "https://www.levarht.com/wp-content/uploads/2018/05/18-Edible-flower.png",
        "https://www.flowers.nl/contents/media/k_500801109-Mooie-momenten-Biedermeier-v.png",
        "https://bloemenweelde-amsterdam.nl/wp-content/uploads/2019/01/Pluk-de-dag_z.png",
        "https://centimo.nl/wp-content/uploads/2020/11/brown-colour-1.png"
      ],
      "definitions": [
        "a plant cultivated for its blooms or blossoms",
        "reproductive organ of angiosperm plants especially one having showy or colorful parts",
        "the period of greatest prosperity or productivity"
      ]
    },
    {
      "id": "shelf",
      "image_urls": [
        "https://cdn.shopify.com/s/files/1/0462/1706/8706/products/Tall_Shelving_-_Single_Default_Black_-_Ash_Post.png",
        "https://cdn.shopify.com/s/files/1/0462/1706/8706/products/Shelf_Add-ons_-_Tall_Default_Black_-_Ash_Post.png",
        "https://images.selency.com/2171749c-67ba-494e-9666-ecd58681c943/modular-wall-shelf_original.png",
        "https://lotie.nl/wp-content/uploads/2020/11/shelves_08.png",
        "https://cdn11.bigcommerce.com/s-qzfum2xyru/images/stencil/2048x2048/products/4076/11787/H_Maple_EG__45850.1613390540.png"
      ],
      "definitions": [
        "a support that consists of a horizontal surface for holding objects",
        "a projecting ridge on a mountain or submerged under water"
      ]
    },
    {
      "id": "garden",
      "image_urls": [
        "https://hello-garden.nl/web/image/394973/Hello-Garden-knop-bloem.png",
        "https://gardentutor.com/wp-content/uploads/2019/01/garden-bg.png",
        "https://www.hellogarden.nl/wp-content/uploads/2020/12/Romantic-garden.png",
        "https://www.hellogarden.nl/wp-content/uploads/2019/08/Hello-Garden-Waar-te-koop.png",
        "https://cdn.shopify.com/s/files/1/1257/7487/products/edn-smallgarden-hero-basil-front-shopify_dba28422-4eeb-4039-821a-4d2551b531f5_2048x.png"
      ],
      "definitions": [
        "a plot of ground where plants are cultivated",
        "the flowers or vegetables or fruits or herbs that are cultivated in a garden",
        "a yard or lawn adjoining a house"
      ]
    },
    {
      "id": "windowsill",
      "image_urls": [
        "https://cdn0.iconfinder.com/data/icons/nuuline-fill-interior-home-decoration/150/home_decoration_interior-09-512.png",
        "https://thescentedlife.nl/wp-content/uploads/2020/02/Windowsill-breeze-Scentsy-waxbar.png",
        "https://www.comhan.com/sites/default/files/styles/type_smal/public/waterslagen_35sl_15deg_waterslag_35sl_190mm_w-image1.png",
        "https://thescentedlife.nl/wp-content/uploads/2020/10/Scentsy-vloeibaar-wasmiddel-windowsill-breeze.png",
        "https://www.seekpng.com/png/full/763-7631869_how-to-design-a-windowsill-flower-box-window.png"
      ],
      "definitions": [
        "the sill of a window; the horizontal member at the bottom of the window frame"
      ]
    }
  ]
}