{
  "difficulty": "EASY",
  "objects": [
    {
      "id": "backpack",
      "image_urls": [
        "https://cdn.shopify.com/s/files/1/0267/2816/9654/products/John-Backpack-Midi-Black-Back_1024x1024.png",
        "https://www.nixon.com/on/demandware.static/-/Sites-masterCatalog_Nixon/default/dwa17349ad/products/C3025-000-view1.png",
        "https://image01.oneplus.net/ebp/202012/22/1-m00-1e-ac-rb8bwl_hxzaaqkeraaratr4jfa8896.png",
        "https://static.nike.com/a/images/t_default/bf773f53-e74f-4248-89cc-1f4d0992acae/sb-rpm-skate-backpack-nmcTDs.png",
        "https://www.barts.eu/img/240/427/resize/3/7/3779_mountain-backpack_13_1.png"
      ],
      "definitions": [
        "a bag carried by a strap on your back or shoulder"
      ]
    },
    {
      "id": "school",
      "image_urls": [
        "https://images.hogeschoolrotterdam.nl/Blob/817efb595f7a4885af113a6c3f300bb4/af2d9d6e65024ab1a991c081facc690d.png",
        "https://www.cedgroep.nl/files/De-Vreedzame-School/Afbeeldingen/logo-Vreedzame-school-5dec.png",
        "https://www.youngbusinessschool.nl/media/28415/unknown.png",
        "https://upload.wikimedia.org/wikipedia/commons/thumb/0/03/Dutch_Education_System-en.svg/1200px-Dutch_Education_System-en.svg.png",
        "https://www.expatdesknijmegen.nl/wp-content/uploads/2018/06/rivers-international-school-arnhem-logo.480x0.png"
      ],
      "definitions": [
        "an educational institution",
        "a building where young people receive education",
        "the process of being formally educated at a school",
        "a body of creative artists or writers or thinkers linked by a similar style or by similar teachers",
        "the period of instruction in a school; the time period when school is in session",
        "an educational institution's faculty and students",
        "a large group of fish"
      ]
    },
    {
      "id": "table",
      "image_urls": [
        "https://cdn.moooi.com/tmp/image-thumbnails/Collection/Zio/Zio%20Coffee%20Table/Zio%20Coffee%20Table%20110/image-thumb__1992__height_500/Zio-Coffee-Table-Front-1.png",
        "https://cdn.shopify.com/s/files/1/0462/1706/8706/products/Table_Default_Birch_-_Black.0001.png",
        "https://cdn.shopify.com/s/files/1/0531/5962/4900/products/Arccoffeetable_Ash_01_exposed_800x.png",
        "https://cdn.moooi.com/tmp/image-thumbnails/Collection/Container/Container%20Bodhi/image-thumb__3401__height_500/Container-Table_Bodhi-212-final.png",
        "https://www.godrejinterio.com/imagestore/B2C/56101543SD00017/56101543SD00017_01_500x500.png"
      ],
      "definitions": [
        "a set of data arranged in rows and columns",
        "a piece of furniture having a smooth flat top that is usually supported by one or more vertical legs",
        "a piece of furniture with tableware for a meal laid out on it",
        "flat tableland with steep edges",
        "a company of people assembled at a table for a meal or game",
        "food or meals in general"
      ]
    },
    {
      "id": "box",
      "image_urls": [
        "https://www.mysteryboxkopen.nl/wp-content/uploads/2019/01/Mystery_Box_V01-e1548633735113.png",
        "https://www.doggy-box.com/wp-content/themes/doggy-box/img/open-box.png",
        "https://static.cdn.packhelp.com/wp-content/uploads/2021/05/05134118/Packhelp24945-1-1.png",
        "https://cdn.shopify.com/s/files/1/0300/7227/4989/files/box_logo_white_bg_300x300.png",
        "https://cdn.shopify.com/s/files/1/0380/2146/4203/products/Cardboard-box-Silver-transparent_600x.png"
      ],
      "definitions": [
        "a (usually rectangular) container; may have a lid",
        "private area in a theater or grandstand where a small group can watch the performance",
        "the quantity contained in a box",
        "a predicament from which a skillful or graceful escape is impossible",
        "a rectangular drawing",
        "evergreen shrubs or small trees",
        "any one of several designated areas on a ball field where the batter or catcher or coaches are positioned",
        "the driver's seat on a coach",
        "separate partitioned area in a public place for a few people",
        "a blow with the hand (usually on the ear)"
      ]
    },
    {
      "id": "classroom",
      "image_urls": [
        "https://www.clanbeat.com/wp-content/uploads/2021/04/Google-Classroom.png",
        "https://www.woodridge68.org/cms/lib/IL01904677/Centricity/Domain/360/classroom.png",
        "https://www.fujitsu.com/hk/imagesgig5/Icon_classroom_tcm137-3749856_tcm137-2750236-32.png",
        "https://3.files.edl.io/dd2e/20/12/03/213020-0b484f5a-fc96-499c-bc55-537acedcfac2.png",
        "https://www.speexx.com/wp-content/uploads/webinar-vr.png"
      ],
      "definitions": [
        "a room in a school where lessons take place"
      ]
    },
    {
      "id": "demonstration",
      "image_urls": [
        "https://tvsd.colvee.org/pluginfile.php/21849/mod_book/chapter/11271/practical%20demonstration.png",
        "https://cdn2.iconfinder.com/data/icons/university-tuition-and-college-1/140/Icons-01-512.png",
        "https://cdn.dataworks-ed.com/wordpress-content/uploads/20200127152945/LessonDemonstration_02.png",
        "https://cdn4.iconfinder.com/data/icons/miscellaneous-6-1/128/demo_exhibition_demonstration-512.png",
        "https://static.thenounproject.com/png/1923465-200.png"
      ],
      "definitions": [
        "a show or display; the act of presenting something to sight or view",
        "a show of military force or preparedness",
        "a public display of group feelings (usually of a political nature)",
        "proof by a process of argument or a series of proposition proving an asserted conclusion",
        "a visual presentation showing how something works"
      ]
    },
    {
      "id": "apartment",
      "image_urls": [
        "https://cedreo.com/uploads/3d_apartment_floor_plan_hu6ee5e7ca9c9245e818b0ea889a01c55f_82757_1920x0_resize_lanczos_2.png",
        "https://www.noi14.com/img/plattegronden/1.3.a.png",
        "https://www.hureninduin.nl/wp-content/uploads/2020/06/Selector.png",
        "https://apartmentswestsanantonio.com/wp-content/uploads/2020/06/One-Bedroom-Apartment-Braun-Frio.png",
        "https://www.hurenindespartaan.nl/wp-content/uploads/2020/10/Hurenindespartaan_Hoehetwerkt4.png"
      ],
      "definitions": [
        "a suite of rooms usually on one floor of an apartment house"
      ]
    },
    {
      "id": "computer",
      "image_urls": [
        "https://wikiimg.tojsiabtv.com/wikipedia/commons/thumb/d/d7/Desktop_computer_clipart_-_Yellow_theme.svg/1200px-Desktop_computer_clipart_-_Yellow_theme.svg.png",
        "https://upload.wikimedia.org/wikipedia/commons/thumb/b/b2/Gnome-computer.svg/1200px-Gnome-computer.svg.png",
        "https://www.072-pc.nl/wp-content/uploads/2015/11/computer-apkn.png",
        "https://static.acer.com/up/Resource/Acer/Desktop/Aspire-C24/images/20201014/Acer-Aspire_C24-1651_modelpreview.png",
        "https://files.seniorweb.nl/uploadedimages/wwwseniorwebnl/thema/onderhoud/pc_opruimen/ccleaner%20computer.png"
      ],
      "definitions": [
        "a machine for performing calculations automatically",
        "an expert at calculation (or at operating calculating machines)"
      ]
    }
  ]
}