{
  "difficulty": "EASY",
  "objects": [
    {
      "id": "lawn",
      "image_urls": [
        "https://www.solabiol.com/sites/solabiol/files/styles/product_packshot_capacity/public/Products/EUROPE/_United%20Kingdom/SOLABIOL%20JUL20/TOP%20LAWN%20PLUS%2015KG_Jul20.png",
        "https://149465201.v2.pressablecdn.com/wp-content/uploads/2018/02/Grass-Piece.png",
        "https://www.homeland.ie/media/image/4b/83/36/Lawn-Hero-5L.png",
        "https://www.maintainme.com.au/wp-content/uploads/2020/08/lawn_mowing_header.png",
        "https://digitalprodyatesnzweb.blob.core.windows.net/cache/2/0/6/7/a/9/2067a9442f22ab4a4b549daf2af900ee4c43a033.png"
      ],
      "definitions": [
        "a field of cultivated and mowed grass"
      ]
    },
    {
      "id": "television",
      "image_urls": [
        "https://smart-cover.co.uk/wp-content/themes/Smart%20Cover/page-templates/images/tvcvr-right.png",
        "https://ec.europa.eu/energy/sites/default/files/eepf_labels/assets/images/eepf_labels_tv_icon_big.png",
        "https://images.selency.com/1858e1b1-30f3-4a73-8d3a-c424ec2f8fd0/continental-television-edifice-on-foot-tulip_original.png",
        "https://www.bestelectronicsltd.com/wp-content/uploads/2017/11/Toshiba-40%E2%80%B3-Series-37L3750VE-Full-HD-LED-LCD-Television.png",
        "https://5.imimg.com/data5/SELLER/Default/2021/1/CN/QD/AL/76732024/android-television-250x250.png"
      ],
      "definitions": [
        "broadcasting visual images of stationary or moving objects; ;  - Ernie Kovacs",
        "a telecommunication system that transmits images of objects (stationary or moving) between distant points",
        "an electronic device that receives television signals and displays them on a screen"
      ]
    },
    {
      "id": "newspaper",
      "image_urls": [
        "https://www.la-streetfood.com/604/0/0/1/ffffff00/a9bb3cf9/35ea27e4ce63bcfaba82217a87415406e1c63698baf20f4b7df88daea19811aa/newspaper-new-york-1952-30x30.png",
        "https://images.twinkl.co.uk/tr/image/upload/t_illustration/illustation/Daily-Citizen-Newspaper--Object-Global-Citizenship-Life-KS2.png",
        "https://cdn.shopify.com/s/files/1/2717/4124/products/NewspaperDesign_gestalten_book_editorial_journalism_inside03_2000x.png",
        "https://www.neh.gov/sites/default/files/styles/medium/public/2018-06/WisconsinDNP.png",
        "https://cdn-assets.timesofmalta.com/epapers/newspapers-2x.png"
      ],
      "definitions": [
        "a daily or weekly publication on folded sheets; contains news and articles and advertisements",
        "a business firm that publishes newspapers",
        "the physical object that is the product of a newspaper publisher",
        "cheap paper made from wood pulp and used for printing newspapers"
      ]
    },
    {
      "id": "telegram",
      "image_urls": [
        "https://upload.wikimedia.org/wikipedia/commons/thumb/8/82/Telegram_logo.svg/1200px-Telegram_logo.svg.png",
        "https://telegram.org/img/td_icon.png",
        "https://assets.ifttt.com/images/channels/1205930553/icons/large.png",
        "https://ps.w.org/wptelegram/assets/icon-256x256.png",
        "https://newsifier.imgix.net/androidworld.nl/images/2021-05/telegram-mappen-aanmaken-609be61bb2b90.png"
      ],
      "definitions": [
        "a message transmitted by telegraph"
      ]
    },
    {
      "id": "meeting",
      "image_urls": [
        "https://agilescrumgroup.nl/wp-content/uploads/sprint-planning-meeting-e1608804051883.png",
        "https://blogs.fireflies.ai/content/images/2021/07/feat-min-1.png",
        "https://agilescrumgroup.nl/wp-content/uploads/daily-scrum-standup-meeting.png",
        "https://meetingroom.io/wp-content/uploads/2019/05/Company-Meetings.png",
        "https://www.zohowebstatic.com/sites/default/files/meeting/home/zm-mobile-banner.png"
      ],
      "definitions": [
        "a formally arranged gathering",
        "a small informal social gathering",
        "a casual or unexpected convergence",
        "the social act of assembling for some common purpose",
        "the act of joining together as one",
        "a place where things merge or flow together (especially rivers)"
      ]
    },
    {
      "id": "trash",
      "image_urls": [
        "https://cdn0.iconfinder.com/data/icons/ramotion/512/Trash.png",
        "https://i2.wp.com/www.magisdesign.com/wp-content/uploads/2015/02/trash04Black.png",
        "https://static.macupdate.com/products/8214/l/trash-it-logo.png",
        "https://www.eastpikeland.org/vertical/Sites/%7B3F7567AD-BA35-41A6-9117-FD7892D5A0DA%7D/uploads/Trashcan.png",
        "https://bubblebinz.com/wp-content/uploads/2020/05/empty-clean-trash.png"
      ],
      "definitions": [
        "worthless material that is to be disposed of",
        "worthless people",
        "nonsensical talk or writing",
        "an amphetamine derivative (trade name Methedrine) used in the form of a crystalline hydrochloride; used as a stimulant to the nervous system and as an appetite suppressant"
      ]
    },
    {
      "id": "library",
      "image_urls": [
        "https://www.tua.nl/assets/admin/plugins/kcfinder/upload/images/Bibliotheek/Home_borrowing3.png",
        "https://www.openingthebook.com/media/1034/public-library-design.png",
        "https://duluthlibrary.org/media/11866/homeimage2.png",
        "https://i0.wp.com/harlingenlibrary.org/wp-content/uploads/2018/10/cropped-Logo-1-clear-2.png",
        "https://static.wikia.nocookie.net/civilization/images/5/57/Great_Library_%28Civ6%29.png"
      ],
      "definitions": [
        "a room where books are kept",
        "a collection of literary documents or records kept for reference or borrowing",
        "a depository built to contain books and other materials for reading and study",
        "(computing) a collection of standard programs and subroutines that are stored and available for immediate use",
        "a building that houses a collection of books and other materials"
      ]
    },
    {
      "id": "information",
      "image_urls": [
        "https://upload.wikimedia.org/wikipedia/commons/thumb/1/18/Circle-information.svg/1200px-Circle-information.svg.png",
        "https://piwik.pro/wp-content/uploads/2020/10/2020-10-21_What-Is-PII-non-PII-and-personal-data_blog.png",
        "https://www.exin.com/sites/default/files/2018-11/EXIN_Badge_ModuleProfessional_InformationSM_ISO.png",
        "https://d2k0ddhflgrk1i.cloudfront.net/EWI/Over%20de%20faculteit/Afdelingen/Software%20Technology/Web%20Information%20Systems/img/WisCircle_450.png",
        "https://eternalsunshineoftheismind.files.wordpress.com/2013/02/information1.png"
      ],
      "definitions": [
        "a message received and understood",
        "knowledge acquired through study or experience or instruction",
        "formal accusation of a crime",
        "a collection of facts from which conclusions may be drawn",
        "(communication theory) a numerical measure of the uncertainty of an outcome"
      ]
    }
  ]
}