{
  "difficulty": "EASY",
  "objects": [
    {
      "id": "landfill",
      "image_urls": [
        "https://www.walkerea.com/en/resourcesGeneral/Draft-EA-Images/LF-Diagram---May-2020---Web-01.png",
        "https://www.afvalzorg.com/content/uploads/2020/06/Transitionopendump.png",
        "https://uploads-ssl.webflow.com/5ee87c8407de1dd14dac729e/5ef3852db1fc3d6d5b181a6e_Group%20337.png",
        "https://www.myvisionlink.com/wp-content/themes/corporate-pro/assets/images/application-logos-2/visionlink-landfill.png",
        "https://www.enviroserv.co.za/images/default-source/default-album/shongweni-landfill_1.png"
      ],
      "definitions": [
        "a low area that has been filled in"
      ]
    },
    {
      "id": "bearing",
      "image_urls": [
        "https://www.skf.com/binaries/pub12/Images/0901d19680968082-Y-bearings-with-grub-screws_tcm_12-518092.png",
        "https://www.bearing.nl/img/products/lagers.png",
        "https://www.skf.com/binaries/pub12/Images/0901d196805e0d71-0908-0194---17000-w_tcm_12-289455.png",
        "https://www.pm.nl/uploads/media/500x375/03/2133-FMB%2080-160_1_top.png",
        "https://cdn.zodiac.nl/media/zodiac-generated/36e1340f/8a89/4efa/b9d0/a32657bfeec5/standard-rgba.png"
      ],
      "definitions": [
        "relevant relation or interconnection",
        "the direction or path along which something moves or along which it lies",
        "dignified manner or conduct",
        "characteristic way of bearing one's body",
        "heraldry consisting of a design or image depicted on a shield",
        "a rotating support placed between moving parts to allow them to move easily"
      ]
    },
    {
      "id": "beach",
      "image_urls": [
        "https://www.tinybridge.eu/wp-content/uploads/2021/01/51030frame-600x600.png",
        "https://luxepoxytafels.nl/app/uploads/2021/06/Epoxy-Tafel-Beach-Bovenaanzicht.png",
        "https://cdn.shopify.com/s/files/1/0323/5518/8873/products/JL_Beach_Sinatra_Men_1024x1024.png",
        "https://www.webtonbeachtwente.nl/wp-content/uploads/logo-webton-beach-twente-achtergrond.png",
        "https://www.emsporting.nl/Files/4/10000/10720/ProductPhotos/MaxContent/284799977.png"
      ],
      "definitions": [
        "an area of sand sloping down to the water of a sea or lake"
      ]
    },
    {
      "id": "playground",
      "image_urls": [
        "https://mk0aps201827rulidqhi.kinstacdn.com/content/themes/adventureplaysystems/images/slide-img-1.png",
        "https://sc04.alicdn.com/kf/UTB8pGKlDpfFXKJk43Ot760IPFXaq.png",
        "https://www.misskatecuttables.com/uploads/shopping_cart/9194/large_playground2.png",
        "https://www.aaplaygrounds.com/wp-content/uploads/2019/11/PS3-31891-3.png",
        "https://mir-s3-cdn-cf.behance.net/project_modules/max_1200/50488315260574.560381994544b.png"
      ],
      "definitions": [
        "an area where many people go for recreation",
        "yard consisting of an outdoor area for children's play"
      ]
    },
    {
      "id": "ball",
      "image_urls": [
        "https://upload.wikimedia.org/wikipedia/commons/thumb/e/ec/Soccer_ball.svg/1024px-Soccer_ball.svg.png",
        "https://upload.wikimedia.org/wikipedia/commons/thumb/6/6e/Football_%28soccer_ball%29.svg/1928px-Football_%28soccer_ball%29.svg.png",
        "https://sc04.alicdn.com/kf/UTB8.qMVqYnJXKJkSahG760hzFXam.png",
        "https://www.playerssports.co.nz/cdn/images/products/large/SWQW3ZDd636874878294764003.png",
        "https://www.lifefitness.nl/resource/blob/916552/1a6f5128a5a3b117c60f82fab3407b03/lf-stability-ball-55cm-data.png"
      ],
      "definitions": [
        "round object that is hit or thrown or kicked in games",
        "a solid projectile that is shot by a musket",
        "an object with a spherical shape",
        "the people assembled at a lavish formal dance",
        "one of the two male reproductive glands that produce spermatozoa and secrete androgens",
        "a spherical object used as a plaything",
        "United States comedienne best known as the star of a popular television program (1911-1989)",
        "a compact mass",
        "a lavish dance requiring formal attire",
        "a more or less rounded anatomical body or mass",
        "a ball game played with a bat and ball between two teams of nine players; teams take turns at bat trying to score runs",
        "a pitch that is not in the strike zone"
      ]
    },
    {
      "id": "trash",
      "image_urls": [
        "https://cdn0.iconfinder.com/data/icons/ramotion/512/Trash.png",
        "https://i2.wp.com/www.magisdesign.com/wp-content/uploads/2015/02/trash04Black.png",
        "https://static.macupdate.com/products/8214/l/trash-it-logo.png",
        "https://www.eastpikeland.org/vertical/Sites/%7B3F7567AD-BA35-41A6-9117-FD7892D5A0DA%7D/uploads/Trashcan.png",
        "https://bubblebinz.com/wp-content/uploads/2020/05/empty-clean-trash.png"
      ],
      "definitions": [
        "worthless material that is to be disposed of",
        "worthless people",
        "nonsensical talk or writing",
        "an amphetamine derivative (trade name Methedrine) used in the form of a crystalline hydrochloride; used as a stimulant to the nervous system and as an appetite suppressant"
      ]
    },
    {
      "id": "field",
      "image_urls": [
        "https://upload.wikimedia.org/wikipedia/commons/thumb/7/79/Relativistic_gravity_field_%28physics%29.svg/350px-Relativistic_gravity_field_%28physics%29.svg.png",
        "https://upload.wikimedia.org/wikipedia/commons/thumb/2/22/Newtonian_gravity_field_%28physics%29.svg/170px-Newtonian_gravity_field_%28physics%29.svg.png",
        "https://upload.wikimedia.org/wikipedia/commons/thumb/2/2a/Electric_Field_Lines.svg/1200px-Electric_Field_Lines.svg.png",
        "https://images.squarespace-cdn.com/content/v1/51b8af35e4b06011310c1770/1467997527131-S7A5ILMMPDJVJ7VMHNL8/Logo+FF_DEF-01.png",
        "https://i2.wp.com/analystanswers.com/wp-content/uploads/2021/04/combo-1.png"
      ],
      "definitions": [
        "a piece of land cleared of trees and usually enclosed",
        "a region where a battle is being (or has been) fought",
        "somewhere (away from a studio or office or library or laboratory) where practical work is done or data is collected",
        "a branch of knowledge",
        "the space around a radiating body within which its electromagnetic oscillations can exert force on another similar body not in contact with it",
        "a particular kind of commercial enterprise",
        "a particular environment or walk of life",
        "a piece of land prepared for playing a game",
        "extensive tract of level open land",
        "(mathematics) a set of elements such that addition and multiplication are commutative and associative and multiplication is distributive over addition and there are two elements 0 and 1",
        "a region in which active military operations are in progress",
        "all of the horses in a particular horse race",
        "all the competitors in a particular contest or sporting event",
        "a geographic region (land or sea) under which something valuable is found",
        "(computer science) a set of one or more adjacent characters comprising a unit of information",
        "the area that is visible (as through an optical instrument)",
        "a place where planes take off and land"
      ]
    },
    {
      "id": "street",
      "image_urls": [
        "https://www.gstatic.com/ui/v1/menu/light_thumbnail2.png",
        "https://www.gstatic.com/ui/v1/menu/dark_thumbnail2.png",
        "https://www.gstatic.com/ui/v1/menu/device_default_thumbnail2.png",
        "https://catsip.berkeley.edu/sites/default/files/styles/openberkeley_image_full/public/general/complete-street.png",
        "https://upload.wikimedia.org/wikipedia/commons/thumb/e/e0/Google_Street_View_icon.svg/1200px-Google_Street_View_icon.svg.png"
      ],
      "definitions": [
        "a thoroughfare (usually including sidewalks) that is lined with buildings",
        "the part of a thoroughfare between the sidewalks; the part of the thoroughfare on which vehicles travel",
        "the streets of a city viewed as a depressed environment in which there is poverty and crime and prostitution and dereliction",
        "a situation offering opportunities",
        "people living or working on the same street"
      ]
    }
  ]
}