{
  "difficulty": "EASY",
  "objects": [
    {
      "id": "aircraft",
      "image_urls": [
        "https://airbus-h.assetsadobe2.com/is/image/content/dam/channel-specific/website-/products-and-services/aircraft/header/aircraft-families/content-navigation/Content_Navigation_ACJ320neo.png",
        "https://airbus-h.assetsadobe2.com/is/image/content/dam/channel-specific/website-/products-and-services/aircraft/header/aircraft-families/content-navigation/Content_Navigation_A300-600F.png",
        "https://d2k0ddhflgrk1i.cloudfront.net/LR/Subsites/Flying%20V/Mei2019/FlyingV_Front.png",
        "https://d2k0ddhflgrk1i.cloudfront.net/LR/Subsites/Flying%20V/Mei2019/FlyingV_Left.png",
        "https://gogetair-aircraft.com/wp-content/uploads/2020/12/Model-2-1-1.png"
      ],
      "definitions": [
        "a vehicle that can fly"
      ]
    },
    {
      "id": "school",
      "image_urls": [
        "https://images.hogeschoolrotterdam.nl/Blob/817efb595f7a4885af113a6c3f300bb4/af2d9d6e65024ab1a991c081facc690d.png",
        "https://www.cedgroep.nl/files/De-Vreedzame-School/Afbeeldingen/logo-Vreedzame-school-5dec.png",
        "https://www.youngbusinessschool.nl/media/28415/unknown.png",
        "https://upload.wikimedia.org/wikipedia/commons/thumb/0/03/Dutch_Education_System-en.svg/1200px-Dutch_Education_System-en.svg.png",
        "https://www.expatdesknijmegen.nl/wp-content/uploads/2018/06/rivers-international-school-arnhem-logo.480x0.png"
      ],
      "definitions": [
        "an educational institution",
        "a building where young people receive education",
        "the process of being formally educated at a school",
        "a body of creative artists or writers or thinkers linked by a similar style or by similar teachers",
        "the period of instruction in a school; the time period when school is in session",
        "an educational institution's faculty and students",
        "a large group of fish"
      ]
    },
    {
      "id": "stadium",
      "image_urls": [
        "https://www.stadium-models.com/static/stadiony/stadion-foto-12.png",
        "https://images.twinkl.co.uk/tr/image/upload/t_illustration/illustation/stadium.png",
        "https://www.mappedin.com/static/c99467d84f9bda74f44091ecc5b33baa/75b99/stadiums%20mobile.png",
        "https://www.mappedin.com/static/9d5ff6c7e5ca164b511858d9cbbda3db/8282f/stadium%20split.png",
        "https://www.wmstadium.com/uploads/stadium.png"
      ],
      "definitions": [
        "a large structure for open-air sports or entertainments"
      ]
    },
    {
      "id": "house",
      "image_urls": [
        "https://www.marjoleininhetklein.com/wp-content/uploads/2020/03/Free-house-plans-truoba-mini-619-grey.png",
        "https://www.marjoleininhetklein.com/wp-content/uploads/2020/03/Free-house-plans-truoba-mini-619-red-1000x462.png",
        "https://s3-eu-west-1.amazonaws.com/tpd/logos/5f2d3ef71b8cda000105194e/0x0.png",
        "https://www.houseofbeta.nl/app/uploads/2020/09/HoB-logo-cmyk-staand.png",
        "https://tinyhouse-store.nl/wp-content/uploads/2020/11/wat-kost-tiny.png"
      ],
      "definitions": [
        "a dwelling that serves as living quarters for one or more families",
        "the members of a business organization that owns or operates one or more establishments",
        "the members of a religious community living together",
        "the audience gathered together in a theatre or cinema",
        "an official assembly having legislative powers",
        "aristocratic family line",
        "play in which children take the roles of father or mother or children and pretend to interact like adults",
        "(astrology) one of 12 equal areas into which the zodiac is divided",
        "the management of a gambling house or casino",
        "a social unit living together",
        "a building where theatrical performances or motion-picture shows can be presented",
        "a building in which something is sheltered or located"
      ]
    },
    {
      "id": "apartment",
      "image_urls": [
        "https://cedreo.com/uploads/3d_apartment_floor_plan_hu6ee5e7ca9c9245e818b0ea889a01c55f_82757_1920x0_resize_lanczos_2.png",
        "https://www.noi14.com/img/plattegronden/1.3.a.png",
        "https://www.hureninduin.nl/wp-content/uploads/2020/06/Selector.png",
        "https://apartmentswestsanantonio.com/wp-content/uploads/2020/06/One-Bedroom-Apartment-Braun-Frio.png",
        "https://www.hurenindespartaan.nl/wp-content/uploads/2020/10/Hurenindespartaan_Hoehetwerkt4.png"
      ],
      "definitions": [
        "a suite of rooms usually on one floor of an apartment house"
      ]
    },
    {
      "id": "bathroom",
      "image_urls": [
        "https://mir-s3-cdn-cf.behance.net/project_modules/max_1200/4884ca100658071.5f0dc02bf1182.png",
        "https://cdn.shopify.com/s/files/1/2717/4124/products/Take_a_bath_gestalten_Bathroom_design_cover_final_2000x.png",
        "https://www.henrykitchenandbath.com/cmss_files/imagelibrary/measure-bathroom.png",
        "https://cedreo.com/uploads/3d_hu5f08e92857d88ebbd0900b5d9610b744_177034_1920x0_resize_lanczos_2.png",
        "https://hg.eu/media/ig1nstne/223050100-main.png"
      ],
      "definitions": [
        "a room (as in a residence) containing a bathtub or shower and usually a washbasin and toilet",
        "a room or building equipped with one or more toilets"
      ]
    },
    {
      "id": "toilet",
      "image_urls": [
        "https://www.vanwalraven.com/media/products/616151.png",
        "https://images.zeald.com/ic/englefieldnz/3857879627/Milano_QC%20QR_Flat%20button_1000x1000.png",
        "https://images.zeald.com/ic/kohlerau/1516415331/IMG_TLT_ST_Parliamant%20BTW_1000x1000.png",
        "https://spatoilet.com/site-spatoilet/storage/files/2663/spatoilet-vrijstaand.350x0-is.png",
        "https://frissebips.nl/wp-content/uploads/2019/10/TOTO_Washlet_TCF801CG_Frissebips.png"
      ],
      "definitions": [
        "a room or building equipped with one or more toilets",
        "a plumbing fixture for defecation and urination",
        "misfortune resulting in lost effort or money",
        "the act of dressing and preparing yourself"
      ]
    },
    {
      "id": "restaurant",
      "image_urls": [
        "https://hips.hearstapps.com/hmg-prod.s3.amazonaws.com/images/schermafbeelding-2019-11-27-om-15-23-59-1574864680.png",
        "https://www.restaurant-nova.nl/wp-content/uploads/2018/12/NOVA_Logo-09.png",
        "https://huson.nl/new/wp-content/uploads/2019/10/logo-huson-300x300.png",
        "https://restaurant-yolo.com/wp-content/uploads/2020/06/YOLO-logo-transparent.png",
        "https://restaurant-allure.nl/wp-content/uploads/2020/03/Logo_allure_DEF.png"
      ],
      "definitions": [
        "a building where people go to eat"
      ]
    }
  ]
}