{
  "difficulty": "EASY",
  "objects": [
    {
      "id": "outside",
      "image_urls": [
        "https://www.outsideonline.com/wp-content/uploads/2021/07/logo-outside.png",
        "https://bucketeer-e05bbc84-baa3-437e-9518-adb32be77984.s3.amazonaws.com/public/images/0648392b-f957-41de-99eb-16c1c98465ca_621x597.png",
        "https://www.outsidebrand.co/wp-content/uploads/2020/09/Black-Logo.png",
        "https://grammartop.com/wp-content/uploads/2020/11/outside-dfa613493274c050ffd66b46aa56cd48ddf3a2ee.png",
        "https://outsidehoutentuin.nl/wp-content/uploads/2020/09/Outside-beeldmerk.png"
      ],
      "definitions": [
        "the region that is outside of something",
        "the outer side or surface of something"
      ]
    },
    {
      "id": "burrow",
      "image_urls": [
        "https://images.squarespace-cdn.com/content/v1/5540b78ce4b0792c8c744a64/1590413466891-79N1YX0TC7MUP9SGC350/HumanBurrow_012.png",
        "https://static.wikia.nocookie.net/zt2downloadlibrary/images/7/79/Rabbit_Burrow_%28Ulquiorra%29.png",
        "https://res.cloudinary.com/crunchbase-production/image/upload/c_lpad,f_auto,q_auto:eco,dpr_1/v1495156228/kjmcjzqnadcnrzk3kmcs.png",
        "https://www.bopets.eu/wp-content/uploads/2020/07/p24468-hac-hacafph06086-afp-dig-it-tree-trunk-burrow-s-with-2-cute-toys-1.png",
        "https://hyperledger.github.io/burrow/assets/burrow.png"
      ],
      "definitions": [
        "a hole made by an animal, usually for shelter"
      ]
    },
    {
      "id": "picture",
      "image_urls": [
        "https://api.members.fairwear.org/images/brand-logo/brand-logos/XB/AH/XBAHZv734cslayOAfGtgAbBBllpcDgQPKNLFHTUS.png",
        "https://cdn2.999games.nl/catalog/product/cache/59229511a255889d0a4402cca1d50739/P/i/Picture-Party-speelmateriaal.png",
        "https://cdn.icon-icons.com/icons2/1993/PNG/512/frame_gallery_image_images_photo_picture_pictures_icon_123209.png",
        "https://cdn2.999games.nl/catalog/product/cache/59229511a255889d0a4402cca1d50739/P/i/Picture-Party.png",
        "https://onepicture.com/images/onepicture-logo-sq-etgzf.png"
      ],
      "definitions": [
        "a visual representation (of an object or scene or person or abstraction) produced on a surface",
        "graphic art consisting of an artistic composition made by applying paints to a surface",
        "a clear and telling mental image",
        "a situation treated as an observable object",
        "illustrations used to decorate or explain a text",
        "a form of entertainment that enacts a story by sound and a sequence of images giving the illusion of continuous movement",
        "the visible part of a television transmission",
        "a graphic or vivid verbal description",
        "a typical example of some state or quality",
        "a representation of a person or scene in the form of a print or transparent slide or in digital format"
      ]
    },
    {
      "id": "fox",
      "image_urls": [
        "https://static.wikia.nocookie.net/minecraft_gamepedia/images/7/73/Fox.png",
        "https://foxfinance.io/img/logo.94eab0d0.png",
        "https://upload.wikimedia.org/wikipedia/commons/thumb/9/96/FOX_wordmark-orange.svg/1200px-FOX_wordmark-orange.svg.png",
        "https://images.twinkl.co.uk/tr/image/upload/illustation/Australian-Red-Fox--Animal-Nature-Wildlife-Open-Eyes-KS1.png",
        "https://forfoxsakewildlife.files.wordpress.com/2020/04/cropped-imageonline-co-transparentimage-3.png"
      ],
      "definitions": [
        "alert carnivorous mammal with pointed muzzle and ears and a bushy tail; most are predators that do not hunt in packs",
        "a shifty deceptive person",
        "the grey or reddish-brown fur of a fox",
        "English statesman who supported American independence and the French Revolution (1749-1806)",
        "English religious leader who founded the Society of Friends (1624-1691)",
        "a member of an Algonquian people formerly living west of Lake Michigan along the Fox River",
        "the Algonquian language of the Fox"
      ]
    },
    {
      "id": "california",
      "image_urls": [
        "https://upload.wikimedia.org/wikipedia/commons/thumb/8/89/California_county_map_%28labeled%29.svg/280px-California_county_map_%28labeled%29.svg.png",
        "https://static01.nyt.com/newsgraphics/2021/coronavirus-tracking/images/maps/USA-06/hotspots.png",
        "https://static01.nyt.com/newsgraphics/2021/coronavirus-tracking/images/maps/USA-06/risk_levels.png",
        "https://static.thenounproject.com/png/2381646-200.png",
        "https://website-assets-fw.freshworks.com/attachments/cjy5nayqd0dzn65g0khl44gef-california-area-code-map.full.png"
      ],
      "definitions": [
        "a state in the western United States on the Pacific; the 3rd largest state; known for earthquakes"
      ]
    },
    {
      "id": "england",
      "image_urls": [
        "https://upload.wikimedia.org/wikipedia/commons/thumb/a/a6/England_878.svg/220px-England_878.svg.png",
        "https://images.twinkl.co.uk/tr/image/upload/illustation/England-flag-1.png",
        "https://static.nike.com/a/images/t_default/83f10d5f-a080-4b44-896c-ce6d4a7d42e4/england-prestige-football-F3PlXV.png",
        "https://cdn.statically.io/img/ultra-x.co/wp-content/uploads/2021/01/medal-icon-england-black.png",
        "https://s.ndtvimg.com/images/entities/300/england-5.png"
      ],
      "definitions": [
        "a division of the United Kingdom"
      ]
    },
    {
      "id": "indiana",
      "image_urls": [
        "https://www.bls.gov/regions/midwest/images/18780.png",
        "https://static01.nyt.com/newsgraphics/2021/coronavirus-tracking/images/maps/USA-18/hotspots.png",
        "https://cdn.fightforsmall.com/isbdc.org/2017/09/isbdc-locations-map-blue.png",
        "https://ivfa.org/wp-content/uploads/district-map.png",
        "https://static.thenounproject.com/png/3402629-200.png"
      ],
      "definitions": [
        "a state in midwestern United States",
        "United States pop artist (born 1928)"
      ]
    },
    {
      "id": "mountains",
      "image_urls": [
        "https://mountainsflame.nl/wp-content/uploads/2019/10/Mountainsflame-logo.png",
        "https://i.pinimg.com/originals/2a/00/84/2a0084395045a7613ab1efa7ee069fd5.png",
        "https://dejpknyizje2n.cloudfront.net/svgcustom/clipart/preview/mountains-2766-14039-550x550.png",
        "https://images.twinkl.co.uk/tw1n/image/private/t_630_eco/website/uploaded/ks1-mount-taranaki-new-zealand-mountain-landscape-peak-colour-rgb-1583146682.png",
        "https://images.twinkl.co.uk/tr/image/upload/illustation/high-mountain.png"
      ],
      "definitions": [
        "a land mass that projects well above its surroundings; higher than a hill",
        "(often followed by `of') a large number or amount or extent"
      ]
    }
  ]
}