{
  "difficulty": "MEDIUM",
  "objects": [
    {
      "id": "yard",
      "image_urls": [
        "https://www.yard-indoorfarming.com/wp-content/uploads/2021/05/Yardpeterselke.png",
        "https://images.hollandandbarrettimages.co.uk/productimages/DT/724/041738_A.png",
        "https://www.theyardhotel.nl/wp-content/uploads/2017/07/logo.png",
        "https://images.squarespace-cdn.com/content/v1/5b621f7525bf02d42c9666d8/1533162506506-49XMESISZ94IDRXIHFKW/Main+Logo-03.png",
        "https://images.hollandandbarrettimages.co.uk/productimages/DT/724/093699_A.png"
      ],
      "definitions": [
        "a unit of length equal to 3 feet; defined as 91.44 centimeters; originally taken to be the average length of a stride",
        "the enclosed land around a house or other building",
        "a tract of land enclosed for particular activities (sometimes paved and usually associated with buildings)",
        "the cardinal number that is the product of 10 and 100",
        "a unit of volume (as for sand or gravel)",
        "a tract of land where logs are accumulated",
        "an area having a network of railway tracks and sidings for storage and maintenance of cars and engines",
        "a long horizontal spar tapered at the end and used to support and spread a square sail or lateen",
        "an enclosure for animals (as chicken or livestock)"
      ]
    },
    {
      "id": "newspaper",
      "image_urls": [
        "https://www.la-streetfood.com/604/0/0/1/ffffff00/a9bb3cf9/35ea27e4ce63bcfaba82217a87415406e1c63698baf20f4b7df88daea19811aa/newspaper-new-york-1952-30x30.png",
        "https://images.twinkl.co.uk/tr/image/upload/t_illustration/illustation/Daily-Citizen-Newspaper--Object-Global-Citizenship-Life-KS2.png",
        "https://cdn.shopify.com/s/files/1/2717/4124/products/NewspaperDesign_gestalten_book_editorial_journalism_inside03_2000x.png",
        "https://cdn-assets.timesofmalta.com/epapers/newspapers-2x.png",
        "https://storage.needpix.com/rsynced_images/newspaper-4222970_1280.png"
      ],
      "definitions": [
        "a daily or weekly publication on folded sheets; contains news and articles and advertisements",
        "a business firm that publishes newspapers",
        "the physical object that is the product of a newspaper publisher",
        "cheap paper made from wood pulp and used for printing newspapers"
      ]
    },
    {
      "id": "driveway",
      "image_urls": [
        "https://concreteindy.com/img/brand-new-home-concrete-driveway-Indianapolis.png",
        "https://www.sladelandscapes.co.uk/images/drivewaysimage2.png",
        "https://i.pinimg.com/originals/9d/c2/b7/9dc2b755d617ae4ea1e9a82eeda6f467.png",
        "https://www.jkasphalt.co.uk/img/img-resin-main.png",
        "https://dplumridge.co.uk/wp-content/uploads/2021/06/Driveway-Construction-Croydon.png"
      ],
      "definitions": [
        "a road leading up to a private house"
      ]
    },
    {
      "id": "house",
      "image_urls": [
        "https://www.marjoleininhetklein.com/wp-content/uploads/2020/03/Free-house-plans-truoba-mini-619-grey.png",
        "https://www.marjoleininhetklein.com/wp-content/uploads/2020/03/Free-house-plans-truoba-mini-619-red-1000x462.png",
        "https://s3-eu-west-1.amazonaws.com/tpd/logos/5f2d3ef71b8cda000105194e/0x0.png",
        "https://mk-houseofwood.nl/wp-content/uploads/2018/04/slider-home-house.png",
        "https://tinyhouse-store.nl/wp-content/uploads/2020/11/wat-kost-tiny.png"
      ],
      "definitions": [
        "a dwelling that serves as living quarters for one or more families",
        "the members of a business organization that owns or operates one or more establishments",
        "the members of a religious community living together",
        "the audience gathered together in a theatre or cinema",
        "an official assembly having legislative powers",
        "aristocratic family line",
        "play in which children take the roles of father or mother or children and pretend to interact like adults",
        "(astrology) one of 12 equal areas into which the zodiac is divided",
        "the management of a gambling house or casino",
        "a social unit living together",
        "a building where theatrical performances or motion-picture shows can be presented",
        "a building in which something is sheltered or located"
      ]
    },
    {
      "id": "desert",
      "image_urls": [
        "https://images.twinkl.co.uk/tr/image/upload/illustation/ks2-desert-landscape.png",
        "https://images.twinkl.co.uk/tr/image/upload/illustation/Sahara-Desert--Terrain-Hot-Geography-KS2.png",
        "https://images.twinkl.co.uk/tr/image/upload/illustation/desert-habitat.png",
        "https://i.pinimg.com/originals/4b/45/6c/4b456c02c9ab0835d9f97482f95a2873.png",
        "https://www.elcidtour.com/wp-content/uploads/2020/11/Picture4.png"
      ],
      "definitions": [
        "arid land with little or no vegetation",
        "(usually plural) a person's deservingness of or entitlement to reward or punishment"
      ]
    },
    {
      "id": "roadway",
      "image_urls": [
        "https://cdn3.iconfinder.com/data/icons/tech-tab-bar/512/road-512.png",
        "https://www.pinclipart.com/picdir/big/267-2674404_roadway-clipart-highway-png-download.png",
        "https://www.nicepng.com/png/full/991-9911120_roadway-clipart-highway-highway.png",
        "https://cdn3.iconfinder.com/data/icons/real-estate-flat-icons-vol-2/256/74-512.png",
        "https://ruraldesignguide.com/files/2016-12/1482178685_pg2-3-rendering-yieldroadway.png"
      ],
      "definitions": [
        "a road (especially that part of a road) over which vehicles travel"
      ]
    },
    {
      "id": "china",
      "image_urls": [
        "https://upload.wikimedia.org/wikipedia/commons/thumb/5/5c/Flag-map_of_the_People%27s_Republic_of_China.svg/1200px-Flag-map_of_the_People%27s_Republic_of_China.svg.png",
        "https://www.ictmagazine.nl/wp-content/uploads/2018/02/china-kaart-en-vlag-ineen-720x340.png",
        "https://static.warthunder.com/upload/image/!%202021%20NEWS/09%20September/ChinaDay/huabiao_decal_1_538a7912f96d0eec89ccb8a41ac14246.png",
        "https://www.thechinaguide.com/statics/images/china-map.png",
        "https://cdn.globalxetfs.com/content/files/China-tr-1.png"
      ],
      "definitions": [
        "a communist nation that covers a vast territory in eastern Asia; the most populous country in the world",
        "high quality porcelain originally made only in China",
        "a government on the island of Taiwan established in 1949 by Chiang Kai-shek after the conquest of mainland China by the Communists led by Mao Zedong",
        "dishware made of high quality porcelain"
      ]
    },
    {
      "id": "montana",
      "image_urls": [
        "https://veldhuyzenkaas.nl/wp-content/uploads/2016/08/montana-intenso-groep-met-blokjes.png",
        "https://tiogatours.nl/dynamic/img/amerika/montana/seal.6.b958.png",
        "https://mt.gov/images/mtmap.png",
        "https://cdn.werkenmetmerken.nl/img/Montana_Gold_5-t-500x333.png",
        "https://static.thuisbezorgd.nl/images/restaurants/nl/QR11N/logo_465x320.png"
      ],
      "definitions": [
        "a state in northwestern United States on the Canadian border"
      ]
    },
    {
      "id": "street",
      "image_urls": [
        "https://catsip.berkeley.edu/sites/default/files/styles/openberkeley_image_full/public/general/complete-street.png",
        "https://upload.wikimedia.org/wikipedia/commons/thumb/e/e0/Google_Street_View_icon.svg/1200px-Google_Street_View_icon.svg.png",
        "https://www.mystreet.org/media/791008/footpaths-roundel.png",
        "https://images.squarespace-cdn.com/content/v1/5620ddc4e4b04789570e5fca/1519660057648-G5ZZEN43K2NMO3YOA5PS/SCNL-logo.png",
        "https://dcadprod.azureedge.net/b2c-experience-production/attachments/cjfv6a9on0zlh0hqmireerr8r-moto-tyres-pilot-street-persp.png"
      ],
      "definitions": [
        "a thoroughfare (usually including sidewalks) that is lined with buildings",
        "the part of a thoroughfare between the sidewalks; the part of the thoroughfare on which vehicles travel",
        "the streets of a city viewed as a depressed environment in which there is poverty and crime and prostitution and dereliction",
        "a situation offering opportunities",
        "people living or working on the same street"
      ]
    },
    {
      "id": "city",
      "image_urls": [
        "https://tmssl.akamaized.net/images/wappen/head/281.png",
        "https://cityloops.eu/fileadmin/user_upload/Sliders/Homepage/RZ_CityLoops_Graphic_01.png",
        "https://cdn2.999games.nl/catalog/product/cache/59229511a255889d0a4402cca1d50739/M/y/My_City-L_2.png",
        "https://www.cityhotel.nl/wp-content/uploads/2019/02/City-Hotel-logo.png",
        "https://circularcitiesdeclaration.eu/fileadmin/_processed_/9/2/csm_Oslo_banner_circular_city_4fc3f295d6.png"
      ],
      "definitions": [
        "a large and densely populated urban area; may include several independent administrative districts",
        "an incorporated administrative district established by state charter",
        "people living in a large densely populated municipality"
      ]
    },
    {
      "id": "countryside",
      "image_urls": [
        "https://cdn-icons-png.flaticon.com/512/2374/2374937.png",
        "https://cdn-icons-png.flaticon.com/512/2374/2374951.png",
        "https://cdn-icons-png.flaticon.com/512/3337/3337976.png",
        "https://cdn2.iconfinder.com/data/icons/ecology-industry-city-and-countryside/50/28-512.png",
        "https://www.pikpng.com/pngl/b/415-4150247_an-icon-a-day-countryside-icon-png-clipart.png"
      ],
      "definitions": [
        "rural regions"
      ]
    },
    {
      "id": "neighborhood",
      "image_urls": [
        "https://static.wikia.nocookie.net/hayday/images/a/a6/Neighborhood_House.png",
        "https://www.gregellingson.com/images/layout/neighborhood-guide-icon.png",
        "https://static.wixstatic.com/media/0ac8c7_634b97e49ed546e996377f0677397d3f~mv2.png",
        "https://static.wikia.nocookie.net/civ6_gamepedia_en/images/8/80/Icon_district_neighborhood.png",
        "https://www.icgov.org/sites/default/files/wysiwyg/Know%20Your%20Neighborhood%20Graphic%20-%20Final.png"
      ],
      "definitions": [
        "a surrounding or nearby region",
        "people living near one another",
        "the approximate amount of something (usually used prepositionally as in `in the region of')",
        "an area within a city or town that has some distinctive features (especially one forming a community)"
      ]
    },
    {
      "id": "subdivision",
      "image_urls": [
        "https://www.peachland.ca/cms/wpimages/wpID490imgID655.png",
        "https://www.seekpng.com/png/full/955-9555879_subdivision-cliparts-wooden-icon-pack-apk.png",
        "https://graphics.pixar.com/opensubdiv/docs/images/tetra.2.png",
        "https://weyburn.ca/wp-content/uploads/2016/06/zoning-and-subdivision-by-law.png",
        "https://www.nicepng.com/png/full/666-6664164_subdivision-lots-map.png"
      ],
      "definitions": [
        "an area composed of subdivided lots",
        "the act of subdividing; division of something previously divided",
        "a division of some larger or more complex organization",
        "a self-contained part of a larger composition (written or musical)",
        "a section of a section; a part of a part; i.e., a part of something already divided"
      ]
    },
    {
      "id": "suburbs",
      "image_urls": [
        "https://ariespaans.nl/uploads/images/suburbs.png",
        "https://upload.wikimedia.org/wikipedia/commons/thumb/9/9d/Inner.melbourne.suburbs.svg/400px-Inner.melbourne.suburbs.svg.png",
        "https://i.redd.it/jnumakb2c3t51.png",
        "https://m-tv.imgix.net/4843b8fc0a0622acf1ceb82916b5f6dbb4410079af60771f8909bbbc91f2c769.png",
        "https://the-suburbs.co.uk/wp-content/uploads/2020/04/250418-Logo-CropTW2.png"
      ],
      "definitions": [
        "a residential district located on the outskirts of a city"
      ]
    },
    {
      "id": "town",
      "image_urls": [
        "https://occ-0-2794-2219.1.nflxso.net/dnm/api/v6/LmEnxtiAuzezXBjYXPuDgfZ4zZQ/AAAABdPB5kyY2hvQJDE-fRgXPGR6sh8NY4RHSPWxdVaLuLC95fSqbEx1RdFSjTn_aM7DxlJtTwk36PcOyrksBSId2GjkqlsaQSJTPRT3.png",
        "https://grammartop.com/wp-content/uploads/2020/11/town-0427bceaab294a0bf3863a70a4b5b15807782de0.png",
        "https://senatoritown.com/wp-content/uploads/2018/08/Senatori-Town-Logo.png",
        "https://bankinter.moneytown.es/images/city_home.png",
        "https://www.town.nl/parkned.png"
      ],
      "definitions": [
        "an urban area with a fixed boundary that is smaller than a city",
        "the people living in a municipality smaller than a city",
        "an administrative division of a county",
        "United States architect who was noted for his design and construction of truss bridges (1784-1844)"
      ]
    },
    {
      "id": "suburb",
      "image_urls": [
        "https://grammartop.com/wp-content/uploads/2020/11/suburb-ba90450c9612e75f0dc7788df899432040022217.png",
        "https://cdn-icons-png.flaticon.com/512/102/102430.png",
        "https://upload.wikimedia.org/wikipedia/commons/thumb/9/9d/Inner.melbourne.suburbs.svg/400px-Inner.melbourne.suburbs.svg.png",
        "https://images.squarespace-cdn.com/content/v1/5a9a33c44eddec7cd7ebcf29/1579010873171-93UCHMORQD65NBZ17BNZ/14+perspTS_TI%2BIN_Proc.png",
        "https://cdn2.iconfinder.com/data/icons/building-41/100/House_2-512.png"
      ],
      "definitions": [
        "a residential district located on the outskirts of a city"
      ]
    }
  ]
}