{
  "difficulty": "MEDIUM",
  "objects": [
    {
      "id": "park",
      "image_urls": [
        "https://www.gstatic.com/ui/v1/menu/light_thumbnail2.png",
        "https://www.gstatic.com/ui/v1/menu/dark_thumbnail2.png",
        "https://www.gstatic.com/ui/v1/menu/device_default_thumbnail2.png",
        "https://www.park21.info/sites/all/themes/parky/images/parkkaart2.png",
        "https://occ-0-1068-1723.1.nflxso.net/dnm/api/v6/LmEnxtiAuzezXBjYXPuDgfZ4zZQ/AAAABcFCvzfLrvfaRibg2DAhvok_zvrwi3usMutpjDsvPsE3iix4XIvnNS0_LJ9j3gbcweCJOIg37lX_r1xbj0BcowgX4Vp7RepK_UDM.png"
      ],
      "definitions": [
        "a large area of land preserved in its natural state as public property",
        "a piece of open land for recreational use in an urban area",
        "a facility in which ball games are played (especially baseball games)",
        "Scottish explorer in Africa (1771-1806)",
        "a lot where cars are parked",
        "a gear position that acts as a parking brake"
      ]
    },
    {
      "id": "library",
      "image_urls": [
        "https://www.tua.nl/assets/admin/plugins/kcfinder/upload/images/Bibliotheek/Home_borrowing3.png",
        "https://www.openingthebook.com/media/1034/public-library-design.png",
        "https://i0.wp.com/harlingenlibrary.org/wp-content/uploads/2018/10/cropped-Logo-1-clear-2.png",
        "https://nvdpl.ca/sites/default/files/styles/slideshow/public/field/image/slideshow_images/Web_2020%20COVID-19_Get%20in%20touch_2.png",
        "https://static.wikia.nocookie.net/civilization/images/5/57/Great_Library_%28Civ6%29.png"
      ],
      "definitions": [
        "a room where books are kept",
        "a collection of literary documents or records kept for reference or borrowing",
        "a depository built to contain books and other materials for reading and study",
        "(computing) a collection of standard programs and subroutines that are stored and available for immediate use",
        "a building that houses a collection of books and other materials"
      ]
    },
    {
      "id": "computer",
      "image_urls": [
        "https://wikiimg.tojsiabtv.com/wikipedia/commons/thumb/d/d7/Desktop_computer_clipart_-_Yellow_theme.svg/1200px-Desktop_computer_clipart_-_Yellow_theme.svg.png",
        "https://upload.wikimedia.org/wikipedia/commons/thumb/b/b2/Gnome-computer.svg/1200px-Gnome-computer.svg.png",
        "https://static.acer.com/up/Resource/Acer/Desktop/Aspire-C24/images/20201014/Acer-Aspire_C24-1651_modelpreview.png",
        "https://www.072-pc.nl/wp-content/uploads/2015/11/computer-apkn.png",
        "https://www.paradigit.nl/media/825734/computer-gaming-bto.png"
      ],
      "definitions": [
        "a machine for performing calculations automatically",
        "an expert at calculation (or at operating calculating machines)"
      ]
    },
    {
      "id": "house",
      "image_urls": [
        "https://www.marjoleininhetklein.com/wp-content/uploads/2020/03/Free-house-plans-truoba-mini-619-grey.png",
        "https://www.marjoleininhetklein.com/wp-content/uploads/2020/03/Free-house-plans-truoba-mini-619-red-1000x462.png",
        "https://s3-eu-west-1.amazonaws.com/tpd/logos/5f2d3ef71b8cda000105194e/0x0.png",
        "https://mk-houseofwood.nl/wp-content/uploads/2018/04/slider-home-house.png",
        "https://tinyhouse-store.nl/wp-content/uploads/2020/11/wat-kost-tiny.png"
      ],
      "definitions": [
        "a dwelling that serves as living quarters for one or more families",
        "the members of a business organization that owns or operates one or more establishments",
        "the members of a religious community living together",
        "the audience gathered together in a theatre or cinema",
        "an official assembly having legislative powers",
        "aristocratic family line",
        "play in which children take the roles of father or mother or children and pretend to interact like adults",
        "(astrology) one of 12 equal areas into which the zodiac is divided",
        "the management of a gambling house or casino",
        "a social unit living together",
        "a building where theatrical performances or motion-picture shows can be presented",
        "a building in which something is sheltered or located"
      ]
    },
    {
      "id": "corner",
      "image_urls": [
        "https://static.thuisbezorgd.nl/images/restaurants/nl/ORO1N1N1/logo_465x320.png",
        "https://my.pocketmenu.nl/uploads/files/websites/the-corner-amsterdam/logo.png",
        "https://static.takeaway.com/images/restaurants/nl/QO5N7PO/logo_465x320.png",
        "https://static.takeaway.com/images/restaurants/nl/N7PQRRO/logo_465x320.png",
        "https://www.woutmonseurs.nl/wp-content/uploads/2018/03/corner4.png"
      ],
      "definitions": [
        "a place off to the side of an area",
        "the point where two lines meet or intersect",
        "an interior angle formed by two meeting walls",
        "the intersection of two streets",
        "the point where three areas or surfaces meet or intersect",
        "a small concavity",
        "a temporary monopoly on a kind of commercial trade",
        "a predicament from which a skillful or graceful escape is impossible",
        "a projecting part where two sides or edges meet",
        "a remote area",
        "(architecture) solid exterior angle of a building; especially one formed by a cornerstone"
      ]
    },
    {
      "id": "hospital",
      "image_urls": [
        "https://images.trafficsupply.nl/imgfill/800/800/i-118355-050/verkeersbord-rvv-bw101-hospitaal.png",
        "https://images.trafficsupply.nl/imgsrc/504/640/i-118355-050/verkeersbord-rvv-bw101-hospitaal.png",
        "https://ramboll.com/-/media/files/ramboll-fonden/h/hospital-icons3.png",
        "https://occ-0-2794-2219.1.nflxso.net/dnm/api/v6/LmEnxtiAuzezXBjYXPuDgfZ4zZQ/AAAABXadDGDIpUtxr0qClFU1a8_vMbEd0a-SEDnnm4-grD1cDYkKIl9oajcZYVcnaJ3e1zG4MefT_BXAai2yhtwOtK0nO3Pv9axEw0Wj.png",
        "https://photos.healthgrades.com/homeimages/find-a-hospital.png"
      ],
      "definitions": [
        "a health facility where patients receive treatment",
        "a medical institution where sick or injured people are given medical or surgical care"
      ]
    },
    {
      "id": "desktop",
      "image_urls": [
        "https://static.acer.com/up/Resource/Acer/Desktop/Aspire-C24/images/20201014/Acer-Aspire_C24-1651_modelpreview.png",
        "https://www.intel.com/content/dam/products/hero/foreground/desktops-hero-16x9.png",
        "https://upload.wikimedia.org/wikipedia/commons/thumb/d/d7/Desktop_computer_clipart_-_Yellow_theme.svg/220px-Desktop_computer_clipart_-_Yellow_theme.svg.png",
        "https://www.paradigit.nl/media/1655/computer-home-office-performance.png",
        "https://i.dell.com/sites/csimages/App-Merchandizing_Images/all/175-monitor-u3419w-desktop-inspiron-3880-mt-540x360.png"
      ],
      "definitions": [
        "the top of a desk",
        "(computer science) the area of the screen in graphical user interfaces against which icons and windows appear"
      ]
    },
    {
      "id": "bedroom",
      "image_urls": [
        "https://cdn.shopify.com/s/files/1/1176/2130/files/BedImage_1024x1024.png",
        "https://www.howdens.com/-/media/howdens/assets/clh_asset_products/clh_asset_levela_21790013/clh_asset_levelb_25449111/ass_cat_img_25449114.png",
        "https://cdn.furn.online/media/image/3534/bedroom-queen-style.png",
        "https://www.okfurniture.co.za/pub/media/catalog/product/cache/ab3edb4731da54330576b76350a9ecde/2/1/212489.png",
        "https://www.singersl.com/sites/default/files/images/products/2020-02/SFU_LF-OREGON-BRS.png"
      ],
      "definitions": [
        "a room used primarily for sleeping"
      ]
    },
    {
      "id": "shop",
      "image_urls": [
        "https://upload.wikimedia.org/wikipedia/commons/thumb/e/e1/DotShop_gTLD_logo.svg/1200px-DotShop_gTLD_logo.svg.png",
        "https://uploads-ssl.webflow.com/5c14e387dab576fe667689cf/5f76d7cb690e57c164388d32_Artboard%208.png",
        "https://www.jumblebee.co.uk/site/wp-content/uploads/2014/06/JB-FE-Shop_10.png",
        "https://shopinshopxlstore.nl/wp-content/uploads/2021/03/logo-shop-in-shop-XL-store-e1617103847341.png",
        "https://cdn.shopify.com/s/files/1/0523/6791/7209/files/blue-stg_100x@2x.png"
      ],
      "definitions": [
        "a mercantile establishment for the retail sale of goods or services",
        "small workplace where handcrafts or manufacturing are done",
        "a course of instruction in a trade (as carpentry or electricity)"
      ]
    },
    {
      "id": "television",
      "image_urls": [
        "https://smart-cover.co.uk/wp-content/themes/Smart%20Cover/page-templates/images/tvcvr-right.png",
        "https://ec.europa.eu/energy/sites/default/files/eepf_labels/assets/images/eepf_labels_tv_icon_big.png",
        "https://images.selency.com/1858e1b1-30f3-4a73-8d3a-c424ec2f8fd0/continental-television-edifice-on-foot-tulip_original.png",
        "https://images-fe.ssl-images-amazon.com/images/I/71a%2BGOb1izL.png",
        "https://5.imimg.com/data5/SELLER/Default/2021/1/CN/QD/AL/76732024/android-television-500x500.png"
      ],
      "definitions": [
        "broadcasting visual images of stationary or moving objects; ;  - Ernie Kovacs",
        "a telecommunication system that transmits images of objects (stationary or moving) between distant points",
        "an electronic device that receives television signals and displays them on a screen"
      ]
    },
    {
      "id": "motel",
      "image_urls": [
        "https://upload.wikimedia.org/wikipedia/commons/thumb/2/20/Motel_One_logo.svg/1200px-Motel_One_logo.svg.png",
        "https://cdn-icons-png.flaticon.com/512/169/169859.png",
        "https://www.postvillepinesmotel.com/wp-content/uploads/2020/01/header-logo.png",
        "https://static.wikia.nocookie.net/simpsonstappedout/images/a/ae/Cartoon_Motel.png",
        "https://cdn-icons-png.flaticon.com/512/831/831460.png"
      ],
      "definitions": [
        "a motor hotel"
      ]
    },
    {
      "id": "desk",
      "image_urls": [
        "https://cdn.moooi.com/tmp/image-thumbnails/Collection/Paper/Paper%20Desk/Paper%20Desk%20180/image-thumb__1846__height_500/Paper-Desk-180.png",
        "https://www.worktrainer.com/Files/2/24000/24864/ProductPhotos/1000x1000/1686789931.png",
        "https://www.worktrainer.com/Files/2/24000/24864/ProductPhotos/1000x1000/1686797043.png",
        "https://images.selency.com/1b00c938-82de-4b4b-8097-76328f63a8d6/wooden-desk_original.png",
        "https://www.imovr.com/media/catalog/product/cache/6c2d0a3f18d62b47e93bb524e5b618ae/d/e/desk-lander_l_desk-83_inch_x_24_inch-crossfire_java-black_p1000657-1hero_1.png"
      ],
      "definitions": [
        "a piece of furniture with a writing surface and usually drawers or other compartments"
      ]
    },
    {
      "id": "party",
      "image_urls": [
        "https://www.party-time.nl/wp-content/uploads/2019/10/party2.png",
        "https://the-party.nl/wp-content/uploads/2020/12/tponlineannouncement-539x303.png",
        "https://the-party.nl/wp-content/uploads/2020/08/Duh-Events-The-Party-Logo.png",
        "https://www.party-time.nl/wp-content/uploads/revslider/homeslider/homeslider_doos_met_bubble-min.png",
        "https://weekbladparty.nl/content/uploads/2020/03/032020-digitaallezen-hp.png"
      ],
      "definitions": [
        "an organization to gain political power",
        "a group of people gathered together for pleasure",
        "a band of people associated temporarily in some activity",
        "an occasion on which people can assemble for social interaction and entertainment",
        "a person involved in legal proceedings"
      ]
    },
    {
      "id": "telephone",
      "image_urls": [
        "https://upload.wikimedia.org/wikipedia/commons/thumb/6/63/Black_telephone_icon_from_DejaVu_Sans.svg/2560px-Black_telephone_icon_from_DejaVu_Sans.svg.png",
        "https://d1e00ek4ebabms.cloudfront.net/production/b18f700e-8b69-49c6-87e2-f9dae12578c5.png",
        "https://blog.pitsco.com/hs-fs/hubfs/Blog%20Images/Telephone-Wireless-1366-0419.png",
        "https://static-00.iconduck.com/assets.00/telephone-emoji-512x442-9q99uzi2.png",
        "https://5.imimg.com/data5/QZ/XT/DO/SELLER-53553741/for-caller-id-landline-telephone-gf40-500x500.png"
      ],
      "definitions": [
        "electronic equipment that converts sound into electrical signals that can be transmitted over distances and then converts received signals back into sounds",
        "transmitting speech at a distance"
      ]
    },
    {
      "id": "lamp",
      "image_urls": [
        "https://res-2.cloudinary.com/m2-circa-lighting/image/upload/c_limit,dpr_1.0,f_auto,q_auto/v1/media/catalog/product/s/p/sp3022habnp_10.png",
        "https://www.lamp123.nl/data/upload/Shop/images/eglo-ledlamp-standaard-4w-11691-wwwlamp123nl.png",
        "https://images.selency.com/bef91b39-9929-4a66-948c-3745cfe657d7/lamp-to-be-installed-in-alabaster_original.png",
        "https://cdn.moooi.com/tmp/image-thumbnails/Collection/Paper/Paper%20Floorlamp/image-thumb__1835__height_500/paper-floor-lamp-big.png",
        "https://www.ricebyrice.com/media/25590/lamp-tatrgo_2.png"
      ],
      "definitions": [
        "an artificial source of visible illumination",
        "a piece of furniture holding one or more electric light bulbs"
      ]
    },
    {
      "id": "office",
      "image_urls": [
        "https://upload.wikimedia.org/wikipedia/commons/thumb/5/5f/Microsoft_Office_logo_%282019%E2%80%93present%29.svg/1200px-Microsoft_Office_logo_%282019%E2%80%93present%29.svg.png",
        "https://www.schoolspot.nl/media/catalog/product/cache/aeefb11f2c4ba36990522cb6a0da7511/o/f/office-365-proplus-logo1_1.png",
        "https://www.janzijlstra.nl/images/stories/virtuemart/product/Office%20Professional.png",
        "https://www.microsinternetdiensten.nl/resources/uploads/2017/06/Office365.png",
        "https://office-licentie.com/wp-content/uploads/2020/04/Microsoft-Office-2019-Professional-Plus-removebg-preview.png"
      ],
      "definitions": [
        "place of business where professional or clerical duties are performed",
        "an administrative unit of government",
        "the actions and activities assigned to or required or expected of a person or group",
        "(of a government or government official) holding an office means being in power",
        "professional or clerical workers in an office",
        "a religious rite or service prescribed by ecclesiastical authorities",
        "a job in an organization"
      ]
    }
  ]
}