{
  "difficulty": "MEDIUM",
  "objects": [
    {
      "id": "soup",
      "image_urls": [
        "https://res.cloudinary.com/general-mills/image/upload/q_auto,f_auto/annies/wp-content/uploads/2019/11/Organic-Meatball-Soup-with-Pasta-and-Vegetables.png",
        "https://www.jacobsdouweegbertsprofessional.nl/siteassets/packshots/meer/soep/unox_cas_140ml_groente_rightangle_lr_v2.png",
        "https://vinceandjoes.com/wp-content/uploads/2020/04/CHICKEN_NOODLE_SOUP_shutterstock_1041988957_clipped_rev_1.png",
        "https://d36rz30b5p7lsd.cloudfront.net/kraftbrands/heinzcouk/soup/product/images/Classic/Vegetable.png",
        "https://www.jacobsdouweegbertsprofessional.nl/siteassets/packshots/meer/soep/unox_cas_140ml_erwt_rightangle_lr_v2.png"
      ],
      "definitions": [
        "liquid food especially of meat or fish or vegetable stock often containing pieces of solid food",
        "any composition having a consistency suggestive of soup",
        "an unfortunate situation"
      ]
    },
    {
      "id": "bowl",
      "image_urls": [
        "https://www.shinzo.nl/wp-content/uploads/2020/11/pokebowl-sake.png",
        "https://www.shinzo.nl/wp-content/uploads/2020/11/pokebowl-tori.png",
        "https://www.matthewsstudio.ca/wp-content/uploads/2020/07/Black-Ash-Round-Bowl-Traditional-Edge-1-1.png",
        "https://sushiexpress.lt/wp-content/uploads/2018/10/B2.-Sake-poke-bowl.png",
        "https://bylassen.com/wp-content/uploads/2021/06/21002_pack.png"
      ],
      "definitions": [
        "a round vessel that is open at the top; used chiefly for holding food or liquids",
        "a concave shape with an open top",
        "a dish that is round and open at the top for serving foods",
        "the quantity contained in a bowl",
        "a large structure for open-air sports or entertainments",
        "a large ball with finger holes used in the sport of bowling",
        "a wooden ball (with flattened sides so that it rolls on a curved course) used in the game of lawn bowling",
        "a small round container that is open at the top for holding tobacco",
        "the act of rolling something (as the ball in bowling)"
      ]
    },
    {
      "id": "food",
      "image_urls": [
        "https://images.ctfassets.net/grb5fvwhwnyo/1sJpRsfp1RJI3AASMiOS1h/4421f71ab2cbdf50d1c960ebfcd02a39/P2.3_Page-SEO-Data.png",
        "https://www.asiaexpressfood.nl/images/header/2019/Anuga_banner_2021_-_Bovenlaag.png",
        "https://futurefoodgroup.nl/en/wp-content/uploads/sites/5/2020/09/LR_Vega_worst@0.33x-450x480.png",
        "https://amlifestylemedicine.com/wp-content/uploads/2019/01/canada.png",
        "https://www.33goodfood.nl/wp-content/uploads/2020/04/burger-33goodfood.png"
      ],
      "definitions": [
        "any substance that can be metabolized by an animal to give energy and build tissue",
        "any solid substance (as opposed to liquid) that is used as a source of nourishment",
        "anything that provides mental stimulus for thinking"
      ]
    },
    {
      "id": "supermarket",
      "image_urls": [
        "https://www.superunie.nl/app/uploads/2019/06/deen.png",
        "https://www.emresupermarkt.nl/wp-content/uploads/2018/10/logo.png",
        "https://image.flaticon.com/icons/png/512/13/13963.png",
        "https://www.excellentesl4u.com/images/1399319774-800px.png",
        "https://enterrasolutions.com/wp-content/uploads/2020/03/Planogram-soft-edges.png"
      ],
      "definitions": [
        "a large self-service grocery store selling groceries and dairy products and household goods"
      ]
    },
    {
      "id": "store",
      "image_urls": [
        "https://img.icons8.com/color/384/000000/small-business.png",
        "https://cdn-prod.scalefast.com/public/assets/themes/bandai-namco-store-eu/images/new-icons/STORE-Orange.png",
        "https://img.icons8.com/color/384/000000/shopping-cart-loaded.png",
        "https://www.therepairhouse.com/wp-content/uploads/2020/01/play-store-300x300.png",
        "https://store-haarlem.nl/sites/default/files/assets/pg_image/store_slim_gevonden.png"
      ],
      "definitions": [
        "a mercantile establishment for the retail sale of goods or services",
        "a supply of something available for future use",
        "an electronic memory device",
        "a depository for goods"
      ]
    },
    {
      "id": "box",
      "image_urls": [
        "https://www.mysteryboxkopen.nl/wp-content/uploads/2019/01/Mystery_Box_V01-e1548633735113.png",
        "https://www.doggy-box.com/wp-content/themes/doggy-box/img/open-box.png",
        "https://static.cdn.packhelp.com/wp-content/uploads/2021/05/05134118/Packhelp24945-1-1.png",
        "https://kidspeakltd.com/wp-content/uploads/2016/04/folding-box.png",
        "https://cdn.shopify.com/s/files/1/0300/7227/4989/files/box_logo_white_bg_300x300.png"
      ],
      "definitions": [
        "a (usually rectangular) container; may have a lid",
        "private area in a theater or grandstand where a small group can watch the performance",
        "the quantity contained in a box",
        "a predicament from which a skillful or graceful escape is impossible",
        "a rectangular drawing",
        "evergreen shrubs or small trees",
        "any one of several designated areas on a ball field where the batter or catcher or coaches are positioned",
        "the driver's seat on a coach",
        "separate partitioned area in a public place for a few people",
        "a blow with the hand (usually on the ear)"
      ]
    },
    {
      "id": "kitchen",
      "image_urls": [
        "https://www.haecker-kuechen.com/fileadmin/images/kitchen-styles/petersburgerhaengung_02.png",
        "https://cdn11.bigcommerce.com/s-e8hbhudqv3/product_images/uploaded_images/shaker-1a.png",
        "https://static.takeaway.com/images/restaurants/nl/OR535NPN/logo_465x320.png",
        "https://cdn.shopify.com/s/files/1/2717/4124/products/KitchenLivingEN_gestalten_book_contemporary_kitchen_interior_front_inside08_2000x.png",
        "https://www.howdens.com/-/media/howdens/assets/clh_asset_products/clh_asset_levela_21790013/clh_asset_levelb_25415706/ass_cat_img_25415717.png"
      ],
      "definitions": [
        "a room equipped for preparing meals"
      ]
    },
    {
      "id": "pantry",
      "image_urls": [
        "https://www.thepantry.nl/wordpress/wp-content/uploads/Restaurant-The-Pantry-Amsterdam-logo-400X150.png",
        "https://images.squarespace-cdn.com/content/v1/5b02d88050a54f765ecfce7b/1594809742327-8QUZ2V0P4WFNZ4DHKSDY/maison_haven_organizers_style_sheet_PANTRY-ZONES.png",
        "https://images.squarespace-cdn.com/content/v1/5b02d88050a54f765ecfce7b/1594891146867-RI1QTHHZR9747T6GKY3H/maison-haven-style-sheet-pantry-main+copy.png",
        "https://i2.wp.com/www.thedesignconfidential.com/wp-content/uploads/final_20.png",
        "https://www.mwtoolboxqld.com.au/wp-content/uploads/2021/08/MW-Canopy-Pantry-Main.png"
      ],
      "definitions": [
        "a small storeroom for storing foods or wines"
      ]
    },
    {
      "id": "nails",
      "image_urls": [
        "https://www.etos.nl/dw/image/v2/BCTN_PRD/on/demandware.static/-/Sites-etos-master-catalog/default/dwb1f3f902/images/120430662/120430662_MCM_PACK_730025.png",
        "https://www.nagelinkoop.nl/media/catalog/product/c/r/cracklenpinsta.png",
        "https://i5.walmartimages.com/asr/23441d3e-aa58-4ddc-b612-ee7d0ee38e43.675eb027af61cc8da0dd9a84ff31647f.png",
        "https://www.etos.nl/dw/image/v2/BCTN_PRD/on/demandware.static/-/Sites-etos-master-catalog/default/dwbadd2c8f/images/120550576/120550576_MCM_PACK_138393.png",
        "https://www.joahbeauty.com/media/catalog/product/cache/baff2f04ff8ae6d26da83a37cac7c76a/i/m/im14x-01-nails.png"
      ],
      "definitions": [
        "horny plate covering and protecting part of the dorsal surface of the digits",
        "a thin pointed piece of metal that is hammered into materials as a fastener",
        "a former unit of length for cloth equal to 1/16 of a yard"
      ]
    },
    {
      "id": "backpack",
      "image_urls": [
        "https://cdn.shopify.com/s/files/1/0267/2816/9654/products/John-Backpack-Midi-Black-Back_1024x1024.png",
        "https://www.nixon.com/on/demandware.static/-/Sites-masterCatalog_Nixon/default/dwa17349ad/products/C3025-000-view1.png",
        "https://image01.oneplus.net/ebp/202012/22/1-m00-1e-ac-rb8bwl_hxzaaqkeraaratr4jfa8896.png",
        "https://static.nike.com/a/images/t_default/bf773f53-e74f-4248-89cc-1f4d0992acae/sb-rpm-skate-backpack-nmcTDs.png",
        "https://www.barts.eu/img/240/427/resize/3/7/3779_mountain-backpack_13_1.png"
      ],
      "definitions": [
        "a bag carried by a strap on your back or shoulder"
      ]
    },
    {
      "id": "cabinet",
      "image_urls": [
        "https://towerliving.nl/wp-content/uploads/2019/10/RENEW_Cabinet_ME0013.png",
        "https://static.henkschram.com/images/MAN-IC90%20(2).png",
        "https://towerliving.nl/wp-content/uploads/2019/10/RENEW_Cabinet_KM18790.png",
        "https://static.henkschram.com/images/S55KGA%20(1).png",
        "https://goeds.nl/wp-content/uploads/2020/10/UMAGE_packshot_56225622-4_Treasures_2-door_oak_leather_low-res-1-1.png"
      ],
      "definitions": [
        "a piece of furniture resembling a cupboard with doors and shelves and drawers; for storage or display",
        "persons appointed by a head of state to head executive departments of government and act as official advisers",
        "a storage compartment for clothes and valuables; usually it has a lock",
        "housing for electronic instruments, as radio or television"
      ]
    },
    {
      "id": "cupboard",
      "image_urls": [
        "https://cdn.moooi.com/tmp/image-thumbnails/Collection/Paper/Paper%20Cupboard/image-thumb__1844__height_500/paper-cupboard-closed300.png",
        "https://images.selency.com/02c43eea-a9d1-4258-891d-7a6a58003d5f/cupboard_original.png",
        "https://images.selency.com/d52ea9c3-b466-4afe-b1ec-aa5402c5d913/lemon-cupboard_original.png",
        "https://scumblegoosie.co.uk/wp-content/uploads/2019/01/SC8-with-path.png",
        "https://www.presentdaze.co.uk/ekmps/shops/presentdaze/images/cornish-oak-large-cupboard-16411-p.png"
      ],
      "definitions": [
        "a small room (or recess) or cabinet used for storage space"
      ]
    },
    {
      "id": "table",
      "image_urls": [
        "https://cdn.moooi.com/tmp/image-thumbnails/Collection/Zio/Zio%20Coffee%20Table/Zio%20Coffee%20Table%20110/image-thumb__1992__height_500/Zio-Coffee-Table-Front-1.png",
        "https://cdn.shopify.com/s/files/1/0462/1706/8706/products/Table_Default_Birch_-_Black.0001.png",
        "https://www.godrejinterio.com/imagestore/B2C/56101543SD00017/56101543SD00017_01_500x500.png",
        "https://www.tonone.com/media/79/04/88/1604915699/beads%20table%20downlight.png",
        "https://images.selency.com/1bb5b4b3-0fa5-4d8b-8cbf-0708df996a83/70-beech-wood-extendable-dining-table-for-ibisco_original.png"
      ],
      "definitions": [
        "a set of data arranged in rows and columns",
        "a piece of furniture having a smooth flat top that is usually supported by one or more vertical legs",
        "a piece of furniture with tableware for a meal laid out on it",
        "flat tableland with steep edges",
        "a company of people assembled at a table for a meal or game",
        "food or meals in general"
      ]
    },
    {
      "id": "garden",
      "image_urls": [
        "https://hello-garden.nl/web/image/394973/Hello-Garden-knop-bloem.png",
        "https://gardentutor.com/wp-content/uploads/2019/01/garden-bg.png",
        "https://www.thegardenstore.nl/wp-content/uploads/2021/01/The-Garden-Store-Tuin-Interieur-Plantstyling-projects-frame.png",
        "https://elho.xcdn.nl/RM200,200,C_OQ70/light-garden-leaf-green-1731900236000c1png/light_garden_leaf_green_1731900236000.c1.png",
        "https://www.decoaction.nl/pub/media/catalog/product/cache/700x700/wandbord-englisch-flower-garden.png"
      ],
      "definitions": [
        "a plot of ground where plants are cultivated",
        "the flowers or vegetables or fruits or herbs that are cultivated in a garden",
        "a yard or lawn adjoining a house"
      ]
    },
    {
      "id": "container",
      "image_urls": [
        "https://www.gstatic.com/ui/v1/menu/light_thumbnail2.png",
        "https://www.gstatic.com/ui/v1/menu/dark_thumbnail2.png",
        "https://www.gstatic.com/ui/v1/menu/device_default_thumbnail2.png",
        "https://images.ctfassets.net/gc5htdx4kcus/4OHleWuGTa6mdbSbicT5ur/d2424e4d0ac10b83ac4d47c86d01b5c5/22G1_20FT_Standaard_new_blue_Corner_shadow.png",
        "https://www.unifeeder.com/hubfs/Container%20equipment%20on%20website%20-%2040ft%20HC-1.png"
      ],
      "definitions": [
        "any object that can be used to hold things (especially a large metal boxlike object of standardized dimensions that can be loaded from one form of transport to another)"
      ]
    },
    {
      "id": "jar",
      "image_urls": [
        "https://www.etos.nl/dw/image/v2/BCTN_PRD/on/demandware.static/-/Sites-etos-master-catalog/default/dw953883ce/images/120527860/120527860_MCM_PACK_150516.png",
        "https://www.bierglazen-fabriek.nl/wp-content/uploads/2018/03/drinking-jar-71-cl-set-van-12-12426.png",
        "https://www.etos.nl/dw/image/v2/BCTN_PRD/on/demandware.static/-/Sites-etos-master-catalog/default/dw116bec09/images/120527771/120527771_MCM_PACK_150532.png",
        "https://www.candlewarmers.com/cache/PRODUCTIMAGE4018MAR.png",
        "https://www.oasisfloral.co.uk/media/catalog/product/cache/73fdfc624587e8942c64b15b96a5e275/4/5/45-03255_group_new_hailey_clear_and_green.png"
      ],
      "definitions": [
        "a vessel (usually cylindrical) with a wide mouth and without handles",
        "the quantity contained in a jar",
        "a sudden jarring impact"
      ]
    }
  ]
}