{
  "difficulty": "MEDIUM",
  "objects": [
    {
      "id": "knowing",
      "image_urls": [
        "https://occ-0-1723-1722.1.nflxso.net/dnm/api/v6/LmEnxtiAuzezXBjYXPuDgfZ4zZQ/AAAABXqr6g_Y3t3r-51v4bhsXC0wEcOh4Qr_yV-yOzAbAJP1bf9s5ym8wFWU71k2OqKo6ug2RE8d12zW6umxDJDo-0bq7dBj49rMQFZl.png",
        "https://cdn.shopify.com/s/files/1/2014/7359/products/Estee_Lauder_Knowing_57fee3d3-6813-4019-99da-56c6921a92d0_grande.png",
        "https://fanart.tv/fanart/movies/13811/moviedisc/knowing-537497e877b71.png",
        "https://images.squarespace-cdn.com/content/v1/5f162832a9d27c0ca827a5d7/1613451623720-ST7132LAXLENFKVPXT6H/KNOWINGLogo.png",
        "https://cdn.icon-icons.com/icons2/43/PNG/512/Knowing_movie_Movies_8293.png"
      ],
      "definitions": [
        "a clear and certain mental apprehension"
      ]
    },
    {
      "id": "sadness",
      "image_urls": [
        "https://static.wikia.nocookie.net/rise-of-the-brave-tangled-dragons/images/8/82/SADNESS_Fullbody_Render.png",
        "https://static.wikia.nocookie.net/insideout/images/8/82/SADNESS_Fullbody_Render.png",
        "https://static.wikia.nocookie.net/disneyheroesbattlemode/images/f/fd/Dialogue_sadness.png",
        "https://i.pinimg.com/originals/01/2f/31/012f313e345211fd36a3731d0f4f3008.png",
        "https://i.pinimg.com/originals/6c/e5/ff/6ce5ff172d410a81ac96ae89fd5507ef.png"
      ],
      "definitions": [
        "emotions experienced when not in a state of well-being",
        "the state of being sad",
        "the quality of excessive mournfulness and uncheerfulness"
      ]
    },
    {
      "id": "crying",
      "image_urls": [
        "https://biophysicalsociety.files.wordpress.com/2015/12/800px-face_eyes_caricature_comic_cry_how.png",
        "https://cdn.shopify.com/s/files/1/1061/1924/products/Crying_Emoji_Icon_2_large.png",
        "https://www.pimprint.nl/images/thumbnails/280/200/detailed/2/Loudly_Crying_Face_Emoji@2x.png",
        "https://creazilla-store.fra1.digitaloceanspaces.com/cliparts/36066/child-little-girl-crying-clipart-xl.png",
        "https://cdn.icon-icons.com/icons2/1648/PNG/512/10058cryingface_110005.png"
      ],
      "definitions": [
        "a loud utterance; often in protest or opposition",
        "a loud utterance of emotion (especially when inarticulate)",
        "a slogan used to rally support for a cause",
        "a fit of weeping",
        "the characteristic utterance of an animal"
      ]
    },
    {
      "id": "nostalgia",
      "image_urls": [
        "https://grammartop.com/wp-content/uploads/2020/11/nostalgia-944c926381f08ba02d7ec775f1f0b1a40ff1a4db.png",
        "https://www.silvercrossbaby.com/media/gq3bk3dv/dresser-and-cot-bed.png",
        "https://www.coenecoop.com/content/images/thumbs/0039734_darenberg-nostalgia-rare-tawny-0375-liter.png",
        "https://images.squarespace-cdn.com/content/v1/54a5758ce4b037e9babf9989/1467252512712-I2764TVAXQ94MPR6Q3Y3/Waveofnostagia_logo.png",
        "https://anagrambooks.com/sites/default/files/styles/slide/public/product-images/nostalgia.png"
      ],
      "definitions": [
        "longing for something past"
      ]
    },
    {
      "id": "remembering",
      "image_urls": [
        "https://cdn3.iconfinder.com/data/icons/education-business-part-2/513/53-512.png",
        "https://www.de-web-psycholoog.nl/wp-content/uploads/2014/10/experiencing-vs-remembering.png",
        "https://www.forumresearch.nl/wp-content/uploads/2020/03/Experiencing-self-vs-remembering-self.png",
        "https://rememberingyou.co.za/wp-content/uploads/2018/08/Remembering-you-2.png",
        "https://www.pinclipart.com/picdir/big/110-1100773_remembering-in-corporate-learning-remembering-and-forgetting-clipart.png"
      ],
      "definitions": [
        "the cognitive processes whereby past experience is remembered"
      ]
    },
    {
      "id": "inspiration",
      "image_urls": [
        "https://www.macmillaninspiration.com/inspired/files/2012/07/banner.png",
        "https://www.projectinspiration.nl/wp-content/uploads/2020/04/cropped-Project-Inspiration-Beadmingsapparaat-TU-Delft-Logo.png",
        "https://www.ja.nl/wp-content/uploads/2020/09/Inspiration-logo-300x300.png",
        "https://addinspiration.com/wp-content/uploads/502C1BEA-071F-4341-ADA5-72FEEA2AC6A1.png",
        "https://microassistivetech.com/image/cache/catalog/Inspiration-500x500.png"
      ],
      "definitions": [
        "arousal of the mind to special unusual activity or creativity",
        "a product of your creative thinking and work",
        "a sudden intuition as part of solving a problem",
        "(theology) a special influence of a divinity on the minds of human beings",
        "arousing to a particular emotion or action",
        "the act of inhaling; the drawing in of air (or other gases) as in breathing"
      ]
    },
    {
      "id": "pain",
      "image_urls": [
        "https://www.colorado.edu/today/sites/default/files/styles/slider/public/article-image/brain-3168269_1280.png",
        "https://static.wikia.nocookie.net/naruto-ultimate-ninja-storm/images/5/54/Pain.png",
        "https://static.wikia.nocookie.net/all-worlds-alliance/images/1/16/Naruto_six_paths_pain.png",
        "https://www.cdc.gov/acute-pain/images/toothe-medium.png",
        "https://www.porsolt.com/wp-content/uploads/2021/02/pain2-768x576.png"
      ],
      "definitions": [
        "a symptom of some physical hurt or disorder",
        "emotional distress; a fundamental feeling that people try to avoid",
        "a somatic sensation of acute discomfort",
        "a bothersome annoying person",
        "something or someone that causes trouble; a source of unhappiness"
      ]
    },
    {
      "id": "instruction",
      "image_urls": [
        "https://d338t8kmirgyke.cloudfront.net/icons/icon_pngs/000/008/572/original/instruction.png",
        "https://static.thenounproject.com/png/2366960-200.png",
        "https://www.moedu-sail.org/wp-content/uploads/2014/09/direct-instruction-June-2016-232x300.png",
        "https://s3.amazonaws.com/iconbros/icons/icon_pngs/000/008/522/original/instruction.png",
        "https://3.files.edl.io/e90e/18/06/04/224424-cd3e717f-23c0-4c75-a326-26bd83a03cca.png"
      ],
      "definitions": [
        "a message describing how something is to be done",
        "the activities of educating or instructing; activities that impart knowledge or skill",
        "the profession of a teacher",
        "(computer science) a line of code written as part of a computer program"
      ]
    },
    {
      "id": "problems",
      "image_urls": [
        "https://cdn3.iconfinder.com/data/icons/abstract-1/512/problems-512.png",
        "https://lifemathmoney.com/wp-content/uploads/2020/08/Solve-Personal-Life-Problems.png",
        "https://www.manageengine.com/products/service-desk/itil/images/5-whys-of-problem-management.png",
        "https://directus.thegovlab.com/uploads/solving-public-problems/originals/c3aecb3b-bbc9-4f48-9299-9e5b365adda0.png",
        "https://website-assets-fs.freshworks.com/attachments/cjr1n0fuz028dhug05dpmbkub-working-enviroment-92dd5426.one-half.png"
      ],
      "definitions": [
        "a state of difficulty that needs to be resolved",
        "a question raised for consideration or solution",
        "a source of difficulty"
      ]
    },
    {
      "id": "hunger",
      "image_urls": [
        "https://resourcecentre.savethechildren.net/sites/default/files/A%20Life%20Free%20From%20Hunger%20UK%20low%20res.pdf.png",
        "https://occ-0-1068-1723.1.nflxso.net/dnm/api/v6/LmEnxtiAuzezXBjYXPuDgfZ4zZQ/AAAABYqy6Ejdfb7Hkx6l2tIpl_jdExAblK_0OG73zzWahbJcgiNlW23f2G8S8UHFd0K9ZqN3ACNpZAh8Y-AL9ftd1KyNAoI74gnII4Ga.png",
        "https://grammartop.com/wp-content/uploads/2020/11/hunger-25db2a163a2cb870806449499be1013ea04093d0.png",
        "https://echonet.org/wp-content/uploads/2020/03/821_4.png",
        "https://thp.org/wp-content/uploads/TheHungerProject-Logo-Box-400px.png"
      ],
      "definitions": [
        "a physiological need for food; the consequence of food deprivation",
        "strong desire for something (not food or drink)"
      ]
    },
    {
      "id": "dream",
      "image_urls": [
        "https://static.wikia.nocookie.net/youtube/images/a/a9/Dream_Skin.png",
        "https://static.wikia.nocookie.net/dream_team/images/2/2b/Dream_Skin2.png",
        "https://static.wikia.nocookie.net/dream_team/images/2/2b/Dream_Skin2.png",
        "https://static.wikia.nocookie.net/dream_team/images/7/78/Dream_Youtooz_1.png",
        "https://static.wikia.nocookie.net/villainsfanon/images/9/94/DSMP_Dream.png"
      ],
      "definitions": [
        "a series of mental images and emotions occurring during sleep",
        "imaginative thoughts indulged in while awake",
        "a cherished desire",
        "a fantastic but vain hope (from fantasies induced by the opium pipe)",
        "a state of mind characterized by abstraction and release from reality",
        "someone or something wonderful"
      ]
    },
    {
      "id": "pleasure",
      "image_urls": [
        "https://images.carandbike.com/bike-images/colors/hero/pleasure-plus-110/hero-pleasure-plus-110-sporty-red.png",
        "https://images.carandbike.com/bike-images/colors/hero/pleasure-plus-110/hero-pleasure-plus-110-midnight-black.png",
        "https://www.heromotocorp.com/en-mm/uploads/bike/bike_color_pic/20180730170035-color-main-362.png",
        "https://images.carandbike.com/bike-images/colors/hero/pleasure-plus-110/hero-pleasure-plus-110-matte-vernier-grey.png",
        "https://bikeadvice.in/wp-content/uploads/2020/10/Pleasure-plus-midnight-black-color.png"
      ],
      "definitions": [
        "a fundamental feeling that is hard to define but that people desire to experience",
        "something or someone that provides a source of happiness",
        "a formal expression",
        "an activity that affords enjoyment",
        "sexual gratification"
      ]
    },
    {
      "id": "depression",
      "image_urls": [
        "https://noahhelps.org/wp-content/uploads/2020/05/Depression.png",
        "https://images.indianexpress.com/2020/10/mental-health-3285625_1280.png",
        "https://www.mindtherapy.ie/wp-content/uploads/2020/11/Cycle-of-Depression-1024x576-1.png",
        "https://hudsonalpha.org/wp-content/uploads/2019/05/ED-Depression-graphic.png",
        "https://thehelpnet.imgix.net/2021/01/depression.png"
      ],
      "definitions": [
        "a mental state characterized by a pessimistic sense of inadequacy and a despondent lack of activity",
        "a long-term economic state characterized by unemployment and low prices and low levels of trade and investment",
        "a sunken or depressed geological formation",
        "sad feelings of gloom and inadequacy",
        "a period during the 1930s when there was a worldwide economic depression and mass unemployment",
        "an air mass of lower pressure; often brings precipitation",
        "a state of depression and anhedonia so severe as to require clinical intervention",
        "a concavity in a surface produced by pressing",
        "angular distance below the horizon (especially of a celestial object)",
        "pushing down"
      ]
    },
    {
      "id": "knowledge",
      "image_urls": [
        "https://turbulentflux.com/wp-content/uploads/2020/09/20200831_Data_Information_Knowledge.png",
        "https://heranet.info/assets/uploads/2018/02/knowledge-translation-exchange.png",
        "https://nathanworks.com/wp-content/uploads/2010/11/brain_KnowledgeTypes.png",
        "https://www.knowledgesolution.nl/wp-content/uploads/2021/06/KS-Flex-Logo-1024x473.png",
        "https://knowledgeagency.com/wp-content/uploads/2019/01/cropped-KVC-Triangle-FNL_RGB_07-1.png"
      ],
      "definitions": [
        "the psychological result of perception and learning and reasoning"
      ]
    },
    {
      "id": "trauma",
      "image_urls": [
        "https://www.ggzingeest.nl/app/uploads/fly-images/382/TraumaInGeest-670x0-c.png",
        "https://empowerrehab.com/wp-content/uploads/shutterstock_101982913-cropped-inverted.png",
        "https://www.psyq.nl/documents/1302791/1305889/illustratie+Trauma+200px.png",
        "https://i2.wp.com/suuslichaamstherapie.com/wp-content/uploads/2020/02/brain-148131_640.png",
        "https://theretreatyork.org.uk/wp-content/uploads/2020/04/stress-woman.png"
      ],
      "definitions": [
        "any physical damage to the body caused by violence or accident or fracture etc.",
        "an emotional wound or shock often having long-lasting effects"
      ]
    },
    {
      "id": "sleep",
      "image_urls": [
        "https://www.healthhub.sg/sites/assets/Assets/Programs/goodsleep/2019/images/acc-b.png",
        "https://www.nectarsleep.com/wp-content/uploads/2019/04/Is-6-Hours-of-Sleep-Enough.png",
        "https://www.mosaicmedical.org/blog/wp-content/uploads/2020/03/Sleep-Image-01.png",
        "https://www.nhlbi.nih.gov/sites/default/files/styles/freeform_crop/public/2019-02/55529_Sleep_Brochure_V2_0.png",
        "https://www.sleepscotland.org/new/wp-content/uploads/2019/10/06113-Sleep-Scotland-Quote-Box-Image-V2-What-makes-us-sleep.png"
      ],
      "definitions": [
        "a natural and periodic state of rest during which consciousness of the world is suspended",
        "a torpid state resembling deep sleep",
        "a period of time spent sleeping",
        "euphemisms for death (based on an analogy between lying in a bed and in a tomb)"
      ]
    }
  ]
}