{
  "difficulty": "MEDIUM",
  "objects": [
    {
      "id": "funeral",
      "image_urls": [
        "https://www.uitvaartbloemen.com/contents/media/k_500801118-Volop-in-het-leven-ovaal.png",
        "https://bloemenweelde-amsterdam.nl/wp-content/uploads/2019/01/Herinnering-Rouwboeket.png",
        "https://bloemenweelde-amsterdam.nl/wp-content/uploads/2019/01/rouwboeket-kleurrijk.png",
        "https://bloemenweelde-amsterdam.nl/wp-content/uploads/2019/01/Oneindig-Gegroepeerd-300x300.png",
        "https://www.fdanz.co.nz/assets/Nature_Kowhai-Whitewash-with-spray__ResizedImageWzgwMCw1MzNd.png"
      ],
      "definitions": [
        "a ceremony at which a dead person is buried or cremated"
      ]
    },
    {
      "id": "apartment",
      "image_urls": [
        "https://www.stekkies.com/static/blog/img/zuidoost.png",
        "https://cedreo.com/uploads/3d_apartment_floor_plan_hu6ee5e7ca9c9245e818b0ea889a01c55f_82757_1920x0_resize_lanczos_2.png",
        "https://www.noi14.com/img/plattegronden/1.3.a.png",
        "https://www.stekkies.com/static/blog/img/zeeburg.png",
        "https://www.stekkies.com/static/blog/img/westpoort.png"
      ],
      "definitions": [
        "a suite of rooms usually on one floor of an apartment house"
      ]
    },
    {
      "id": "wall",
      "image_urls": [
        "https://www.hofbogen.nl/wp-content/uploads/2017/10/pink-wall.png",
        "https://static.wikia.nocookie.net/minecraft_gamepedia/images/0/0f/Cobblestone_Wall_JE2_BE2.png",
        "https://www.wall-stack.com/wp-content/uploads/2019/03/WallStack-Modular-Partition-Wall-System-principle-02.png",
        "https://static.wikia.nocookie.net/minecraft_gamepedia/images/b/ba/Deepslate_Tile_Wall_JE2.png",
        "https://www.weverducre.com/pim/BOX%20WALL%20OUTDOOR%202.0/image-thumb__951978__lightbox/Box-2.0-740148A_.png"
      ],
      "definitions": [
        "an architectural partition with a height and length greater than its thickness; used to divide or enclose an area or to support another structure",
        "anything that suggests a wall in structure or function or effect",
        "(anatomy) a layer (a lining or membrane) that encloses a structure",
        "a difficult or awkward situation",
        "a vertical (or almost vertical) smooth rock face (as of a cave or mountain)",
        "a layer of material that encloses space",
        "a masonry fence (as around an estate or garden)",
        "an embankment built around a space for defensive purposes"
      ]
    },
    {
      "id": "library",
      "image_urls": [
        "https://www.tua.nl/assets/admin/plugins/kcfinder/upload/images/Bibliotheek/Home_borrowing3.png",
        "https://www.openingthebook.com/media/1034/public-library-design.png",
        "https://i0.wp.com/harlingenlibrary.org/wp-content/uploads/2018/10/cropped-Logo-1-clear-2.png",
        "https://nvdpl.ca/sites/default/files/styles/slideshow/public/field/image/slideshow_images/Web_2020%20COVID-19_Get%20in%20touch_2.png",
        "https://static.wikia.nocookie.net/civilization/images/5/57/Great_Library_%28Civ6%29.png"
      ],
      "definitions": [
        "a room where books are kept",
        "a collection of literary documents or records kept for reference or borrowing",
        "a depository built to contain books and other materials for reading and study",
        "(computing) a collection of standard programs and subroutines that are stored and available for immediate use",
        "a building that houses a collection of books and other materials"
      ]
    },
    {
      "id": "window",
      "image_urls": [
        "https://images.contentstack.io/v3/assets/bltf589e66bcaecd79c/blt2a0992f947b24569/5e5eb94fb6214773cb3d32bc/0_0.png",
        "https://aw930cdnprdcd.azureedge.net/-/media/andersenwindows/images/help-me-choose/200-series-double-hung-interior.png",
        "https://images.contentstack.io/v3/assets/bltf589e66bcaecd79c/bltfed8abbef9d24cf8/5e5eb67c0e9fc664291ccafe/0_0.png",
        "https://www.truframe.co.uk/wp-content/uploads/2019/12/Casement_new.png",
        "https://aw930cdnprdcd.azureedge.net/-/media/andersenwindows/images/ideas-and-inspiration/home-style-library/design-tool-intros/cape-cod-1.png"
      ],
      "definitions": [
        "a framework of wood or metal that contains a glass windowpane and is built into a wall or roof to admit light or air",
        "a transparent opening in a vehicle that allow vision out of the sides or back; usually is capable of being opened",
        "a transparent panel (as of an envelope) inserted in an otherwise opaque material",
        "an opening that resembles a window in appearance or function",
        "the time period that is considered best for starting or finishing something",
        "a pane of glass in a window",
        "an opening in a wall or screen that admits light and air and through which customers can be served",
        "(computer science) a rectangular part of a computer screen that contains a display different from the rest of the screen"
      ]
    },
    {
      "id": "boat",
      "image_urls": [
        "https://static.wikia.nocookie.net/miscreated/images/6/6e/Fishing_boat_2048.png",
        "https://smartlinerboat.com/index_htm_files/238524@2x.png",
        "https://zsilt.nl/wp-content/uploads/2021/05/bootje-blauw-rgb.png",
        "https://www.boatrental-giethoorn.eu/wp-content/uploads/2020/06/cropped-Boot-4-p-met-kussens-e1592467011913-1.png",
        "https://tanaruz.boats/assets/images/better-for-planet.png"
      ],
      "definitions": [
        "a small vessel for travel on water",
        "a dish (often boat-shaped) for serving gravy or sauce"
      ]
    },
    {
      "id": "kitchen",
      "image_urls": [
        "https://www.haecker-kuechen.com/fileadmin/images/kitchen-styles/petersburgerhaengung_02.png",
        "https://cdn11.bigcommerce.com/s-e8hbhudqv3/product_images/uploaded_images/shaker-1a.png",
        "https://static.takeaway.com/images/restaurants/nl/OR535NPN/logo_465x320.png",
        "https://cdn.shopify.com/s/files/1/2717/4124/products/KitchenLivingEN_gestalten_book_contemporary_kitchen_interior_front_inside08_2000x.png",
        "https://www.howdens.com/-/media/howdens/assets/clh_asset_products/clh_asset_levela_21790013/clh_asset_levelb_25415706/ass_cat_img_25415717.png"
      ],
      "definitions": [
        "a room equipped for preparing meals"
      ]
    },
    {
      "id": "bed",
      "image_urls": [
        "https://www.gstatic.com/ui/v1/menu/light_thumbnail2.png",
        "https://www.gstatic.com/ui/v1/menu/dark_thumbnail2.png",
        "https://www.gstatic.com/ui/v1/menu/device_default_thumbnail2.png",
        "https://www.godrejinterio.com/imagestore/B2C/56101515SD00434/56101515SD00434_01_803x602.png",
        "https://s3-ap-southeast-2.amazonaws.com/brosadesign.com/products/2241/original/bruin-bed-king-1-brosa-design.png"
      ],
      "definitions": [
        "a piece of furniture that provides a place to sleep",
        "a plot of ground in which plants are growing",
        "a depression forming the ground under a body of water",
        "(geology) a stratum of rock (especially sedimentary rock)",
        "a stratum of ore or coal thick enough to be mined with profit",
        "single thickness of usually some homogeneous substance",
        "the flat surface of a printing press on which the type form is laid in the last stage of producing a newspaper or magazine or book etc.",
        "a foundation of earth or rock supporting a road or railroad track"
      ]
    },
    {
      "id": "door",
      "image_urls": [
        "https://www.soundboxacoustic.com/wp-content/uploads/2019/08/g45m-acoustic-door.png",
        "https://static.wikia.nocookie.net/minecraft_gamepedia/images/8/8c/Spruce_Door_JE3_BE2.png",
        "https://5.imimg.com/data5/TO/QB/NS/SELLER-23260062/polished-plywood-door-500x500.png",
        "https://mhb.eu/wp-content/uploads/2019/11/3d-rendering-front-view-of-MHB-steel-lock-mullion-doors-768x512.png",
        "https://images.contentstack.io/v3/assets/bltf589e66bcaecd79c/blt44e18085c1b9ac70/609e81f28c053e542a587954/parts-of-a-door.png"
      ],
      "definitions": [
        "a swinging or sliding barrier that will close the entrance to a room or building or vehicle",
        "the entrance (the space in a wall) through which you enter or leave a room or building; the space that a door can close",
        "anything providing a means of access (or escape)",
        "a structure where people live or work (usually ordered along a street or road)",
        "a room that is entered via a door"
      ]
    },
    {
      "id": "bathtub",
      "image_urls": [
        "https://www.romaniabathtubs.com/wp-content/uploads/2019/02/Corona3-1-600x438.png",
        "https://www.romaniabathtubs.com/wp-content/uploads/2019/02/Modula3.png",
        "https://www.thesocialitefamily.com/wp-content/uploads/2016/08/devon-devon-1-600x600.png",
        "https://www.mininor.eu/wp-content/uploads/10220.png",
        "https://www.riluxa.com/m2f/media/catalog/product/cache/c7379007260ecad40e9db1dbcaab0a4e/l/o/lofty_160-freestanding_solid_surface_bathtub-bafs-gatr-loft160.png"
      ],
      "definitions": [
        "a relatively large open container that you fill with water and use to wash the body"
      ]
    },
    {
      "id": "classroom",
      "image_urls": [
        "https://www.clanbeat.com/wp-content/uploads/2021/04/Google-Classroom.png",
        "https://www.woodridge68.org/cms/lib/IL01904677/Centricity/Domain/360/classroom.png",
        "https://www.wvr.ac.uk/wp-content/uploads/2020/03/Google-Classroom-Icon-300x204.png",
        "https://www.fujitsu.com/hk/imagesgig5/Icon_classroom_tcm137-3749856_tcm137-2750236-32.png",
        "https://3.files.edl.io/dd2e/20/12/03/213020-0b484f5a-fc96-499c-bc55-537acedcfac2.png"
      ],
      "definitions": [
        "a room in a school where lessons take place"
      ]
    },
    {
      "id": "furniture",
      "image_urls": [
        "https://www.purefurniture.com/wp-content/uploads/2020/07/Pure-furniture-groothandel-lookbook-tafel-HERO-newton-2.png",
        "https://cdn.shopify.com/s/files/1/0342/2425/products/UMAGE_packshot_5562_5562-1_LoungeAround_1.5-seater_oak__4_2_600x.png",
        "https://cdn.shopify.com/s/files/1/0342/2425/products/UMAGE_packshot_TimeFlies_brass_tweed_hazelnut__2__lowres_600x.png",
        "https://www.robos.nl/wp-content/uploads/2021/05/Gustav-1-768x768.png",
        "https://cdn.shopify.com/s/files/1/0342/2425/products/UMAGE_packshot_5622_5622-3_Treasures_2-door_oak_venetiancane__2_600x.png"
      ],
      "definitions": [
        "furnishings that make a room or other area ready for occupancy"
      ]
    },
    {
      "id": "building",
      "image_urls": [
        "https://atrium-amsterdam.nl/site/wp-content/uploads/2018/12/temp-gebouw.png",
        "https://maken.wikiwijs.nl/userfiles/598c8bd864267ab3e0204870ff42d9946e3b047e.png",
        "https://i.pinimg.com/originals/cd/95/86/cd958642f00e5082060ff6f15f282866.png",
        "https://cdn-icons-png.flaticon.com/512/188/188379.png",
        "https://gresb.com/wp-content/uploads/2017/10/real-foundations.png"
      ],
      "definitions": [
        "a structure that has a roof and walls and stands more or less permanently in one place",
        "the act of constructing something",
        "the commercial activity involved in repairing old structures or constructing new ones",
        "the occupants of a building"
      ]
    },
    {
      "id": "table",
      "image_urls": [
        "https://cdn.moooi.com/tmp/image-thumbnails/Collection/Zio/Zio%20Coffee%20Table/Zio%20Coffee%20Table%20110/image-thumb__1992__height_500/Zio-Coffee-Table-Front-1.png",
        "https://cdn.shopify.com/s/files/1/0462/1706/8706/products/Table_Default_Birch_-_Black.0001.png",
        "https://www.godrejinterio.com/imagestore/B2C/56101543SD00017/56101543SD00017_01_500x500.png",
        "https://www.tonone.com/media/79/04/88/1604915699/beads%20table%20downlight.png",
        "https://images.selency.com/1bb5b4b3-0fa5-4d8b-8cbf-0708df996a83/70-beech-wood-extendable-dining-table-for-ibisco_original.png"
      ],
      "definitions": [
        "a set of data arranged in rows and columns",
        "a piece of furniture having a smooth flat top that is usually supported by one or more vertical legs",
        "a piece of furniture with tableware for a meal laid out on it",
        "flat tableland with steep edges",
        "a company of people assembled at a table for a meal or game",
        "food or meals in general"
      ]
    },
    {
      "id": "office",
      "image_urls": [
        "https://upload.wikimedia.org/wikipedia/commons/thumb/5/5f/Microsoft_Office_logo_%282019%E2%80%93present%29.svg/1200px-Microsoft_Office_logo_%282019%E2%80%93present%29.svg.png",
        "https://www.schoolspot.nl/media/catalog/product/cache/aeefb11f2c4ba36990522cb6a0da7511/o/f/office-365-proplus-logo1_1.png",
        "https://www.janzijlstra.nl/images/stories/virtuemart/product/Office%20Professional.png",
        "https://www.microsinternetdiensten.nl/resources/uploads/2017/06/Office365.png",
        "https://office-licentie.com/wp-content/uploads/2020/04/Microsoft-Office-2019-Professional-Plus-removebg-preview.png"
      ],
      "definitions": [
        "place of business where professional or clerical duties are performed",
        "an administrative unit of government",
        "the actions and activities assigned to or required or expected of a person or group",
        "(of a government or government official) holding an office means being in power",
        "professional or clerical workers in an office",
        "a religious rite or service prescribed by ecclesiastical authorities",
        "a job in an organization"
      ]
    },
    {
      "id": "theater",
      "image_urls": [
        "https://d2zr9w65gdacs9.cloudfront.net/34120/tr-logo-aubergine-rgb1496167546logo1570193843logo.png",
        "https://www.afastheater.nl/zakelijke-mogelijkheden/overzicht/afas-theater-afbeelding%20algemeen2.png",
        "https://zirkzee.nl/wp-content/uploads/2020/01/logo_pstheater.png",
        "https://theaterbabelrotterdam.nl/wp-content/uploads/2018/04/2731B29E-098E-4F9E-96C9-86C045740438@lonnewennekendonk.nl_-300x206.png",
        "https://www.theaterwalhalla.nl/wp-content/uploads/2018/03/wal.png"
      ],
      "definitions": [
        "a building where theatrical performances or motion-picture shows can be presented",
        "the art of writing and producing plays",
        "a region in which active military operations are in progress"
      ]
    }
  ]
}