{
  "difficulty": "MEDIUM",
  "objects": [
    {
      "id": "park",
      "image_urls": [
        "https://www.gstatic.com/ui/v1/menu/light_thumbnail2.png",
        "https://www.gstatic.com/ui/v1/menu/dark_thumbnail2.png",
        "https://www.gstatic.com/ui/v1/menu/device_default_thumbnail2.png",
        "https://www.park21.info/sites/all/themes/parky/images/parkkaart2.png",
        "https://occ-0-1068-1723.1.nflxso.net/dnm/api/v6/LmEnxtiAuzezXBjYXPuDgfZ4zZQ/AAAABcFCvzfLrvfaRibg2DAhvok_zvrwi3usMutpjDsvPsE3iix4XIvnNS0_LJ9j3gbcweCJOIg37lX_r1xbj0BcowgX4Vp7RepK_UDM.png"
      ],
      "definitions": [
        "a large area of land preserved in its natural state as public property",
        "a piece of open land for recreational use in an urban area",
        "a facility in which ball games are played (especially baseball games)",
        "Scottish explorer in Africa (1771-1806)",
        "a lot where cars are parked",
        "a gear position that acts as a parking brake"
      ]
    },
    {
      "id": "outside",
      "image_urls": [
        "https://www.outsideonline.com/wp-content/uploads/2021/07/logo-outside.png",
        "https://bucketeer-e05bbc84-baa3-437e-9518-adb32be77984.s3.amazonaws.com/public/images/0648392b-f957-41de-99eb-16c1c98465ca_621x597.png",
        "https://www.outsidebrand.co/wp-content/uploads/2020/09/Black-Logo.png",
        "https://grammartop.com/wp-content/uploads/2020/11/outside-dfa613493274c050ffd66b46aa56cd48ddf3a2ee.png",
        "https://outsidehoutentuin.nl/wp-content/uploads/2020/09/Outside-beeldmerk.png"
      ],
      "definitions": [
        "the region that is outside of something",
        "the outer side or surface of something"
      ]
    },
    {
      "id": "woods",
      "image_urls": [
        "https://woodsbrasserie.nl/wp-content/uploads/2020/01/Logo-2020-Woods-met-boom-klein.png",
        "https://woodsprinsenbeek.nl/wp-content/uploads/2021/03/210310_WOODS_Logo-website.png",
        "https://www.woodswonen.nl/wp-content/uploads/2021/04/woods-wonen.png",
        "https://woodsprinsenbeek.nl/wp-content/uploads/2021/03/210310_WOODS_Logo-website_Footer-300x300.png",
        "https://woodsbrasserie.nl/wp-content/uploads/2020/01/Logo-2020-Woods-met-boom-klein-300x192.png"
      ],
      "definitions": [
        "the hard fibrous lignified substance under the bark of trees",
        "the trees and other plants in a large densely wooded area",
        "United States film actress (1938-1981)",
        "English conductor (1869-1944)",
        "English writer of novels about murders and thefts and forgeries (1814-1887)",
        "United States painter noted for works based on life in the Midwest (1892-1942)",
        "any wind instrument other than the brass instruments",
        "a golf club with a long shaft used to hit long shots; originally made with a wooden head"
      ]
    },
    {
      "id": "stick",
      "image_urls": [
        "https://static.wikia.nocookie.net/theforest_gamepedia/images/7/70/UpgradedStickFarket.png",
        "https://static.wikia.nocookie.net/minecraft_gamepedia/images/7/7a/Stick_JE1_BE1.png",
        "https://static.wikia.nocookie.net/theforest_gamepedia/images/7/70/UpgradedStickFarket.png",
        "https://www.etos.nl/dw/image/v2/BCTN_PRD/on/demandware.static/-/Sites-etos-master-catalog/default/dw2dea42bb/images/120454808/120454808_MCM_PACK_934491.png",
        "https://cdn-ec.niceshops.com/upload/image/product/large/default/zao-foundation-stick-775-apricot-medium-1514482-nl.png"
      ],
      "definitions": [
        "an implement consisting of a length of wood",
        "a small thin branch of a tree",
        "a lever used by a pilot to control the ailerons and elevators of an airplane",
        "a rectangular quarter pound block of butter or margarine",
        "informal terms for the leg",
        "a long implement (usually made of wood) that is shaped so that hockey or polo players can hit a puck or ball",
        "a long thin implement resembling a length of wood",
        "marijuana leaves rolled into a cigarette for smoking",
        "threat of a penalty"
      ]
    },
    {
      "id": "mountains",
      "image_urls": [
        "https://mountainsflame.nl/wp-content/uploads/2019/10/Mountainsflame-logo.png",
        "https://i.pinimg.com/originals/2a/00/84/2a0084395045a7613ab1efa7ee069fd5.png",
        "https://images.twinkl.co.uk/tw1n/image/private/t_630_eco/website/uploaded/ks1-mount-taranaki-new-zealand-mountain-landscape-peak-colour-rgb-1583146682.png",
        "https://dejpknyizje2n.cloudfront.net/svgcustom/clipart/preview/mountains-2766-14039-550x550.png",
        "https://i.pinimg.com/originals/50/df/a3/50dfa31fa16328c9cb56f27e2c503cbd.png"
      ],
      "definitions": [
        "a land mass that projects well above its surroundings; higher than a hill",
        "(often followed by `of') a large number or amount or extent"
      ]
    },
    {
      "id": "forest",
      "image_urls": [
        "https://images.squarespace-cdn.com/content/v1/5dc2252c8c1cfd4ef90243c4/1574549437077-OEJUJ1HBEIZCG91WL67V/title-art-forest.png",
        "https://outdoor-forest.nl/wp-content/uploads/2019/12/outdoor-forest-logo-dark-xs.png",
        "https://forforest.net/wp-content/uploads/2020/10/Logo-Men%C3%BC_Sticky-header-01.png",
        "https://endnightgames.com/sites/default/files/images/games/forest-logo.png",
        "https://www.forestsoftheworld.org/files/International.forestsoftheworld.org/Goals%20and%20strategies/2021-03-16%20FoW%20ToC%20illustrated.png"
      ],
      "definitions": [
        "the trees and other plants in a large densely wooded area",
        "land that is covered with trees and shrubs"
      ]
    },
    {
      "id": "ground",
      "image_urls": [
        "https://lightlife.com/wp-content/uploads/2020/05/Img_OurFood_Ground_med_CA-1.png",
        "https://www.uva.nl/binaries/_ht_1557240385793/cardmedium/content/gallery/faculteiten-en-diensten/fgw-met-restricties/disciplines/conservering/projecten/down-to-the-ground-logo.png",
        "https://www.jennieo.com/wp-content/uploads/2019/10/image-product_lean-ground-turkey-roll-16oz-500x500-2.png",
        "https://www.shakyground.nl/wp-content/uploads/2020/01/ShakyGround-logo-260x189-1.png",
        "https://www.tyson.com/static/db3fdabc3b4fa366fe867bcfb905462e/03e29/tyson_ground_chicken_665x547.png"
      ],
      "definitions": [
        "the solid part of the earth's surface",
        "a rational motive for a belief or action",
        "the loose soft material that makes up a large part of the land surface",
        "a relation that provides the foundation for something",
        "a position to be won or defended in battle (or as if in battle)",
        "the part of a scene (or picture) that lies behind objects in the foreground",
        "material in the top layer of the surface of the earth in which plants can grow (especially with reference to its quality or use)",
        "a relatively homogeneous percept extending back of the figure on which attention is focused",
        "a connection between an electrical device and a large conducting body, such as the earth (which is taken to be at zero voltage)",
        "(art) the surface (as a wall or canvas) prepared to take the paint for a painting",
        "the first or preliminary coat of paint or size applied to a surface"
      ]
    },
    {
      "id": "pond",
      "image_urls": [
        "https://splashsupplyco.com/wp-content/uploads/2018/08/Ecosystem-Cutout.png",
        "https://www.velda.nl/app/uploads/2020/03/97c10ec707d0734063a423eb07fedc87.png",
        "https://www.wildlifetrusts.org/sites/default/files/styles/scaled_default/public/2018-07/STEP3.png",
        "https://www.lenntech.com/images/Brine%20treatment/Brine-Evaporation-Ponds-1.png",
        "https://static.wikia.nocookie.net/2007scape/images/0/0e/Pond_built.png"
      ],
      "definitions": [
        "a small lake"
      ]
    },
    {
      "id": "bathroom",
      "image_urls": [
        "https://mir-s3-cdn-cf.behance.net/project_modules/max_1200/4884ca100658071.5f0dc02bf1182.png",
        "https://cdn.shopify.com/s/files/1/2717/4124/products/Take_a_bath_gestalten_Bathroom_design_cover_final_2000x.png",
        "https://www.henrykitchenandbath.com/cmss_files/imagelibrary/measure-bathroom.png",
        "https://cedreo.com/uploads/3d_hu5f08e92857d88ebbd0900b5d9610b744_177034_1920x0_resize_lanczos_2.png",
        "https://hg.eu/media/ig1nstne/223050100-main.png"
      ],
      "definitions": [
        "a room (as in a residence) containing a bathtub or shower and usually a washbasin and toilet",
        "a room or building equipped with one or more toilets"
      ]
    },
    {
      "id": "grass",
      "image_urls": [
        "https://www.condor-group.eu/assets/img/content/grass/grasmat.png",
        "https://images.hollandandbarrettimages.co.uk/productimages/DT/724/032183_A.png",
        "https://i.pinimg.com/originals/c8/f5/7b/c8f57b3d7ed2cc3d99477f183688b2b4.png",
        "https://images.hollandandbarrettimages.co.uk/productimages/DT/724/009336_A.png",
        "https://static.wixstatic.com/media/2cd43b_6f80e7b57365469c917688a8b4e8f98c~mv2.png"
      ],
      "definitions": [
        "narrow-leaved green herbage: grown as lawns; used as pasture for grazing animals; cut and dried as hay",
        "German writer of novels and poetry and plays (born 1927)",
        "a police informer who implicates many people",
        "bulky food like grass or hay for browsing or grazing horses or cattle",
        "street names for marijuana"
      ]
    },
    {
      "id": "waterfall",
      "image_urls": [
        "https://www.alevelgeography.com/wp-content/uploads/2018/04/Formation-Of-A-Waterfall.png",
        "https://pics.clipartpng.com/Waterfall_PNG_Clip_Art-2711.png",
        "https://pics.clipartpng.com/Waterfall_PNG_Clip_Art-1385.png",
        "https://drawinghowtos.com/wp-content/uploads/2020/02/waterfall-07.png",
        "https://www.smartsheet.com/sites/default/files/styles/1300px/public/waterfall%402x.png"
      ],
      "definitions": [
        "a steep descent of the water of a river"
      ]
    },
    {
      "id": "countryside",
      "image_urls": [
        "https://cdn-icons-png.flaticon.com/512/2374/2374937.png",
        "https://cdn-icons-png.flaticon.com/512/2374/2374951.png",
        "https://cdn-icons-png.flaticon.com/512/3337/3337976.png",
        "https://cdn2.iconfinder.com/data/icons/ecology-industry-city-and-countryside/50/28-512.png",
        "https://www.pikpng.com/pngl/b/415-4150247_an-icon-a-day-countryside-icon-png-clipart.png"
      ],
      "definitions": [
        "rural regions"
      ]
    },
    {
      "id": "yard",
      "image_urls": [
        "https://www.yard-indoorfarming.com/wp-content/uploads/2021/05/Yardpeterselke.png",
        "https://images.hollandandbarrettimages.co.uk/productimages/DT/724/041738_A.png",
        "https://www.theyardhotel.nl/wp-content/uploads/2017/07/logo.png",
        "https://images.squarespace-cdn.com/content/v1/5b621f7525bf02d42c9666d8/1533162506506-49XMESISZ94IDRXIHFKW/Main+Logo-03.png",
        "https://images.hollandandbarrettimages.co.uk/productimages/DT/724/093699_A.png"
      ],
      "definitions": [
        "a unit of length equal to 3 feet; defined as 91.44 centimeters; originally taken to be the average length of a stride",
        "the enclosed land around a house or other building",
        "a tract of land enclosed for particular activities (sometimes paved and usually associated with buildings)",
        "the cardinal number that is the product of 10 and 100",
        "a unit of volume (as for sand or gravel)",
        "a tract of land where logs are accumulated",
        "an area having a network of railway tracks and sidings for storage and maintenance of cars and engines",
        "a long horizontal spar tapered at the end and used to support and spread a square sail or lateen",
        "an enclosure for animals (as chicken or livestock)"
      ]
    },
    {
      "id": "bridge",
      "image_urls": [
        "https://upload.wikimedia.org/wikipedia/commons/thumb/0/02/Golden-Gate-Bridge.svg/700px-Golden-Gate-Bridge.svg.png",
        "https://www.midasoft.com/hubfs/2019-MIDAS-RENEWAL/conventional_bridge.png",
        "https://www.bridge-economy.nl/wp-content/uploads//2016/10/bridge-logo.png",
        "https://bridges2000.com/wp-content/uploads/2021/06/BRIDGES2000-Oplossingen-Bruggen-brug.png",
        "https://upload.wikimedia.org/wikipedia/commons/thumb/0/02/Golden-Gate-Bridge.svg/1000px-Golden-Gate-Bridge.svg.png"
      ],
      "definitions": [
        "a structure that allows people or vehicles to cross an obstacle such as a river or canal or railway etc.",
        "a circuit consisting of two branches (4 arms arranged in a diamond configuration) across which a meter is connected",
        "something resembling a bridge in form or function",
        "the hard ridge that forms the upper part of the nose",
        "any of various card games based on whist for four players",
        "a wooden support that holds the strings up",
        "a denture anchored to teeth on either side of missing teeth",
        "the link between two lenses; rests on the nose",
        "an upper deck where a ship is steered and the captain stands"
      ]
    },
    {
      "id": "rock",
      "image_urls": [
        "https://www.rockyourworld.nl/wp-content/uploads/2019/03/Rock-your-Crystals-HC-3d.png",
        "https://occ-0-1722-1723.1.nflxso.net/dnm/api/v6/LmEnxtiAuzezXBjYXPuDgfZ4zZQ/AAAABRG7ojED6WBlaaQgN03u4yr9XvJOoy_2u5ZOCtShgMyWJBVteB0BkyNK2FwjSg0C5qINg2ODnntS6urMgz-6yNSD07HahQh8xYne.png",
        "https://cdn.sera.de/fileadmin/user_upload/articlepictures/16763-04001942523752d010bqx0101.png",
        "https://static.wikia.nocookie.net/play-rust/images/f/ff/Rock_icon.png",
        "https://sos-tn-gov-files.s3.amazonaws.com/limestone.png"
      ],
      "definitions": [
        "a lump or mass of hard consolidated mineral matter",
        "material consisting of the aggregate of minerals like those making up the Earth's crust",
        "United States gynecologist and devout Catholic who conducted the first clinical trials of the oral contraceptive pill (1890-1984)",
        "(figurative) someone who is strong and stable and dependable; ; --Gospel According to Matthew",
        "hard bright-colored stick candy (typically flavored with peppermint)",
        "a genre of popular music originating in the 1950s; a blend of black rhythm-and-blues with white country-and-western",
        "pitching dangerously to one side"
      ]
    },
    {
      "id": "moss",
      "image_urls": [
        "https://www.gstatic.com/ui/v1/menu/light_thumbnail2.png",
        "https://www.gstatic.com/ui/v1/menu/dark_thumbnail2.png",
        "https://www.gstatic.com/ui/v1/menu/device_default_thumbnail2.png",
        "https://stylegreen-shop.cstatic.io/media/image/99/a9/dd/styleGREEN_Moosbild_Kugelmoos_Ellipsoid_D80_-frontal_sG-Kr-Km-d80-ES_600x600.png",
        "https://www.ekomoss.com/wp-content/uploads/2021/02/img_0622-min-1.800x600w.png"
      ],
      "definitions": [
        "tiny leafy-stemmed flowerless plants"
      ]
    }
  ]
}