{
  "difficulty": "MEDIUM",
  "objects": [
    {
      "id": "apartment",
      "image_urls": [
        "https://www.stekkies.com/static/blog/img/zuidoost.png",
        "https://cedreo.com/uploads/3d_apartment_floor_plan_hu6ee5e7ca9c9245e818b0ea889a01c55f_82757_1920x0_resize_lanczos_2.png",
        "https://www.noi14.com/img/plattegronden/1.3.a.png",
        "https://www.stekkies.com/static/blog/img/zeeburg.png",
        "https://www.stekkies.com/static/blog/img/westpoort.png"
      ],
      "definitions": [
        "a suite of rooms usually on one floor of an apartment house"
      ]
    },
    {
      "id": "closet",
      "image_urls": [
        "https://d309m4gu6gj54l.cloudfront.net/media/Products/pocket-closet/_1200x630_crop_center-center_82_none/pocket-closet.png",
        "https://d309m4gu6gj54l.cloudfront.net/media/Products/pocket-closet/Pocket_Closet_Medium_Oak.png",
        "https://prestonhollow.advocatemag.com/wp-content/uploads/sites/8/2021/03/LH_PH_ED_Illustration-10.png",
        "https://d309m4gu6gj54l.cloudfront.net/media/Products/Pocket_Closet_Medium_Oak-Side.png",
        "https://www.closetsbyliberty.com/wp-content/uploads/2020/03/8-foot-traditional-empty.png"
      ],
      "definitions": [
        "a small room (or recess) or cabinet used for storage space",
        "a toilet in Britain",
        "a tall piece of furniture that provides storage space for clothes; has a door and rails or hooks for hanging clothes",
        "a small private room for study or prayer"
      ]
    },
    {
      "id": "mess",
      "image_urls": [
        "https://messharderwijk.nl/wp-content/uploads/2020/10/coverfoto-mess.png",
        "https://cdn-icons-png.flaticon.com/512/4908/4908799.png",
        "https://www.demess.be/img/logo_big.png",
        "https://img.itch.zone/aW1nLzMwMDk4NTYucG5n/original/Ez4W8J.png",
        "https://4pyz335b69-flywheel.netdna-ssl.com/wp-content/uploads/2011/04/the-highly-evolved-mess-kit.png"
      ],
      "definitions": [
        "a state of confusion and disorderliness",
        "informal terms for a difficult situation",
        "soft semiliquid food",
        "a meal eaten in a mess hall by service personnel",
        "a (large) military dining room where service personnel eat or relax",
        "(often followed by `of') a large number or amount or extent"
      ]
    },
    {
      "id": "paperwork",
      "image_urls": [
        "https://static.thenounproject.com/png/49148-200.png",
        "https://paperwork.cloud/paperwork-logo.png",
        "https://images.squarespace-cdn.com/content/v1/5e570cf824b70478f6ea212b/1582763695449-32VZ18L46MHD7NAHKTQQ/Artboard+1%402x.png",
        "https://static.thenounproject.com/png/4076997-200.png",
        "https://www.efilecabinet.com/wp-content/uploads/2018/11/Paperwork-320x240.png"
      ],
      "definitions": [
        "work that involves handling papers: forms or letters or reports etc."
      ]
    },
    {
      "id": "chair",
      "image_urls": [
        "https://cdn.moooi.com/tmp/image-thumbnails/Collection/Zio/Zio%20Dining%20Chair/image-thumb__30194__width_1200/Zio-Dining-Chair-Spectrum-Terracotta-White-wash-front.png",
        "https://cdn.moooi.com/tmp/image-thumbnails/Collection/Cocktail%20Chair/image-thumb__11580__height_500/Cocktail_Chair_Bearder_Leopard_Front.png",
        "https://cdn.moooi.com/tmp/image-thumbnails/Collection/Monster/Monster%20Chair/image-thumb__14616__height_500/monster-chair-indigo-denim-with-arms.png",
        "https://www.boldmonkey.com/media/catalog/product/cache/22d363011ebadd9cd0091033a93e7422/g/i/give_me_more_chair_orange_-1.png",
        "https://www.ezup.com/media/catalog/product/cache/29c1a1faac4b2574dce43a966865c016/4/5/45view.png"
      ],
      "definitions": [
        "a seat for one person, with a support for the back",
        "the position of professor",
        "the officer who presides at the meetings of an organization",
        "an instrument of execution by electrocution; resembles an ordinary seat for one person",
        "a particular seat in an orchestra"
      ]
    },
    {
      "id": "house",
      "image_urls": [
        "https://www.marjoleininhetklein.com/wp-content/uploads/2020/03/Free-house-plans-truoba-mini-619-grey.png",
        "https://www.marjoleininhetklein.com/wp-content/uploads/2020/03/Free-house-plans-truoba-mini-619-red-1000x462.png",
        "https://s3-eu-west-1.amazonaws.com/tpd/logos/5f2d3ef71b8cda000105194e/0x0.png",
        "https://mk-houseofwood.nl/wp-content/uploads/2018/04/slider-home-house.png",
        "https://tinyhouse-store.nl/wp-content/uploads/2020/11/wat-kost-tiny.png"
      ],
      "definitions": [
        "a dwelling that serves as living quarters for one or more families",
        "the members of a business organization that owns or operates one or more establishments",
        "the members of a religious community living together",
        "the audience gathered together in a theatre or cinema",
        "an official assembly having legislative powers",
        "aristocratic family line",
        "play in which children take the roles of father or mother or children and pretend to interact like adults",
        "(astrology) one of 12 equal areas into which the zodiac is divided",
        "the management of a gambling house or casino",
        "a social unit living together",
        "a building where theatrical performances or motion-picture shows can be presented",
        "a building in which something is sheltered or located"
      ]
    },
    {
      "id": "bed",
      "image_urls": [
        "https://www.gstatic.com/ui/v1/menu/light_thumbnail2.png",
        "https://www.gstatic.com/ui/v1/menu/dark_thumbnail2.png",
        "https://www.gstatic.com/ui/v1/menu/device_default_thumbnail2.png",
        "https://www.godrejinterio.com/imagestore/B2C/56101515SD00434/56101515SD00434_01_803x602.png",
        "https://s3-ap-southeast-2.amazonaws.com/brosadesign.com/products/2241/original/bruin-bed-king-1-brosa-design.png"
      ],
      "definitions": [
        "a piece of furniture that provides a place to sleep",
        "a plot of ground in which plants are growing",
        "a depression forming the ground under a body of water",
        "(geology) a stratum of rock (especially sedimentary rock)",
        "a stratum of ore or coal thick enough to be mined with profit",
        "single thickness of usually some homogeneous substance",
        "the flat surface of a printing press on which the type form is laid in the last stage of producing a newspaper or magazine or book etc.",
        "a foundation of earth or rock supporting a road or railroad track"
      ]
    },
    {
      "id": "kitchen",
      "image_urls": [
        "https://www.haecker-kuechen.com/fileadmin/images/kitchen-styles/petersburgerhaengung_02.png",
        "https://cdn11.bigcommerce.com/s-e8hbhudqv3/product_images/uploaded_images/shaker-1a.png",
        "https://static.takeaway.com/images/restaurants/nl/OR535NPN/logo_465x320.png",
        "https://cdn.shopify.com/s/files/1/2717/4124/products/KitchenLivingEN_gestalten_book_contemporary_kitchen_interior_front_inside08_2000x.png",
        "https://www.howdens.com/-/media/howdens/assets/clh_asset_products/clh_asset_levela_21790013/clh_asset_levelb_25415706/ass_cat_img_25415717.png"
      ],
      "definitions": [
        "a room equipped for preparing meals"
      ]
    },
    {
      "id": "sailboat",
      "image_urls": [
        "https://upload.wikimedia.org/wikipedia/commons/thumb/f/fb/Sloop_Example.svg/1200px-Sloop_Example.svg.png",
        "https://images.selency.com/2588c6bb-d84c-4e8a-a14f-440d320aaab1/ancient-basin-sailboat_original.png",
        "https://app.jeanneau.com/static/media/image/layout/hd/cbaeb1732f34dd9bc55c215de6f81bf5.png",
        "https://images.selency.com/f3646cbd-7ecf-49b6-b8a1-f5b2e8afbcf2/white-pool-sailboat_original.png",
        "https://images.selency.com/de6cf508-789a-45cd-b14f-082b28d1d0fc/vintage-sailboat_original.png"
      ],
      "definitions": [
        "a small sailing vessel; usually with a single mast"
      ]
    },
    {
      "id": "tile",
      "image_urls": [
        "https://cdn-prod.scalefast.com/public/assets/user/13131470/image/b294733e404154ee23a28741047bc5bd.png",
        "https://cdn-prod.scalefast.com/public/assets/uploads/tile-store/adxXAAdpcombo.png",
        "https://capietra.com/wp-content/uploads/2019/10/Untitled-design-73.png",
        "https://cdn-prod.scalefast.com/public/assets/uploads/tile-store/w7IsYcAvpro.png",
        "https://www.vanwalraven.com/media/products/978600.png"
      ],
      "definitions": [
        "a flat thin rectangular slab (as of fired clay or rubber or linoleum) used to cover surfaces",
        "a thin flat slab of fired clay used for roofing",
        "game equipment consisting of a flat thin piece marked with characters and used in board games like Mah-Jong, Scrabble, etc."
      ]
    },
    {
      "id": "carpet",
      "image_urls": [
        "https://www.fatboy.com/assets/image/000/000/124/fatboy-non-flying-carpets-paprika.png",
        "https://www.fatboy.com/assets/image/000/000/118/fatboy-non-flying-carpets-dont-step.png",
        "https://www.boldmonkey.com/media/catalog/product/cache/a98cbf61f86a5b05151eb960eb59bb35/i/t/it_s_a_wild_world_panther_baby_carpet_200x300_-1.png",
        "https://images.selency.com/f7dc7262-5df5-437a-8155-0e5544bbbb34/oriental-carpet-240x340-cm-sky-blue_original.png",
        "https://images.selency.com/6d84a671-d436-4e87-864e-f79ce798df82/small-colorful-old-carpet-150-x-70-cm_original.png"
      ],
      "definitions": [
        "floor covering consisting of a piece of thick heavy fabric (usually with nap or pile)",
        "a natural object that resembles or suggests a carpet"
      ]
    },
    {
      "id": "desk",
      "image_urls": [
        "https://cdn.moooi.com/tmp/image-thumbnails/Collection/Paper/Paper%20Desk/Paper%20Desk%20180/image-thumb__1846__height_500/Paper-Desk-180.png",
        "https://www.worktrainer.com/Files/2/24000/24864/ProductPhotos/1000x1000/1686789931.png",
        "https://www.worktrainer.com/Files/2/24000/24864/ProductPhotos/1000x1000/1686797043.png",
        "https://images.selency.com/1b00c938-82de-4b4b-8097-76328f63a8d6/wooden-desk_original.png",
        "https://www.imovr.com/media/catalog/product/cache/6c2d0a3f18d62b47e93bb524e5b618ae/d/e/desk-lander_l_desk-83_inch_x_24_inch-crossfire_java-black_p1000657-1hero_1.png"
      ],
      "definitions": [
        "a piece of furniture with a writing surface and usually drawers or other compartments"
      ]
    },
    {
      "id": "ocean",
      "image_urls": [
        "https://upload.wikimedia.org/wikipedia/commons/thumb/6/6d/World_map_ocean_locator-en.svg/1200px-World_map_ocean_locator-en.svg.png",
        "https://www.ydwer.com/ydwer.com/wp-content/uploads/2020/05/ocean_view_webshop.png",
        "https://static.wikia.nocookie.net/valheim/images/6/62/Biome_ocean.png",
        "https://oceanoffice.nl/wp-content/uploads/2021/08/ocean-office-walvisstaartje-600.png",
        "https://images.squarespace-cdn.com/content/v1/54d04338e4b06977c09a2612/1618918303543-DLTTX50F7L3SYI8O4HDG/The+Ocean+Story_logo_1900_1900px_seven+species-04.png"
      ],
      "definitions": [
        "a large body of water constituting a principal part of the hydrosphere",
        "anything apparently limitless in quantity or volume"
      ]
    },
    {
      "id": "table",
      "image_urls": [
        "https://cdn.moooi.com/tmp/image-thumbnails/Collection/Zio/Zio%20Coffee%20Table/Zio%20Coffee%20Table%20110/image-thumb__1992__height_500/Zio-Coffee-Table-Front-1.png",
        "https://cdn.shopify.com/s/files/1/0462/1706/8706/products/Table_Default_Birch_-_Black.0001.png",
        "https://www.godrejinterio.com/imagestore/B2C/56101543SD00017/56101543SD00017_01_500x500.png",
        "https://www.tonone.com/media/79/04/88/1604915699/beads%20table%20downlight.png",
        "https://images.selency.com/1bb5b4b3-0fa5-4d8b-8cbf-0708df996a83/70-beech-wood-extendable-dining-table-for-ibisco_original.png"
      ],
      "definitions": [
        "a set of data arranged in rows and columns",
        "a piece of furniture having a smooth flat top that is usually supported by one or more vertical legs",
        "a piece of furniture with tableware for a meal laid out on it",
        "flat tableland with steep edges",
        "a company of people assembled at a table for a meal or game",
        "food or meals in general"
      ]
    },
    {
      "id": "floor",
      "image_urls": [
        "https://images.squarespace-cdn.com/content/v1/5c2d1217b40b9d0b0efaa79a/1560190011772-WGBWIOCBI971QK8HXCPD/BespokeDesign-FloorGuys.png",
        "https://www.plugwise.com/wp-content/uploads/2020/11/Floor-1100@2x.png",
        "https://boen.com/-/media/images/homepage/collage2.png",
        "https://www.par-ky.com/media/img/pics/_original/parket-opbouw-700x418.png",
        "https://www.kinderboeken.nl/wp-content/uploads/sites/52/2020/07/De-regels-van-Floor-Marjon-Hoffman-Nancy-Koot.png"
      ],
      "definitions": [
        "the inside lower horizontal surface (as of a room, hallway, tent, or other structure)",
        "a structure consisting of a room or set of rooms at a single position along a vertical scale",
        "a lower limit",
        "the ground on which people and animals move about",
        "the bottom surface of any lake or other body of water",
        "the lower inside surface of any hollow structure",
        "the occupants of a floor",
        "the parliamentary right to address an assembly",
        "the legislative hall where members debate and vote and conduct other business",
        "a large room in a exchange where the trading is done"
      ]
    },
    {
      "id": "office",
      "image_urls": [
        "https://upload.wikimedia.org/wikipedia/commons/thumb/5/5f/Microsoft_Office_logo_%282019%E2%80%93present%29.svg/1200px-Microsoft_Office_logo_%282019%E2%80%93present%29.svg.png",
        "https://www.schoolspot.nl/media/catalog/product/cache/aeefb11f2c4ba36990522cb6a0da7511/o/f/office-365-proplus-logo1_1.png",
        "https://www.janzijlstra.nl/images/stories/virtuemart/product/Office%20Professional.png",
        "https://www.microsinternetdiensten.nl/resources/uploads/2017/06/Office365.png",
        "https://office-licentie.com/wp-content/uploads/2020/04/Microsoft-Office-2019-Professional-Plus-removebg-preview.png"
      ],
      "definitions": [
        "place of business where professional or clerical duties are performed",
        "an administrative unit of government",
        "the actions and activities assigned to or required or expected of a person or group",
        "(of a government or government official) holding an office means being in power",
        "professional or clerical workers in an office",
        "a religious rite or service prescribed by ecclesiastical authorities",
        "a job in an organization"
      ]
    }
  ]
}