mushroom,onions
cap,plate
sandals,gloves
closet,cupboard
olive,onions
vest,gown
shoes,bag
bear,goat
pants,boots
clam,asparagus
bomb,missile
napkin,scarf
flute,saxophone
giraffe,hyena
bear,goat
tray,pan
avocado,potato
tricycle,buggy
screws,barrel
sailboat,yacht
pants,shoes
snail,cockroach
fork,wheel
chandelier,lamp
skirt,dress
wasp,spider
hawk,parakeet
eel,tuna
elk,cougar
skirt,trousers
blender,parsley
sheep,dog
rabbit,raccoon
turtle,iguana
vest,shirt
corn,onions
pepper,cucumber
jar,spoon
certificate,level
iguana,tortoise
flute,accordion
rabbit,chicken
missile,submarine
robe,gown
belt,helmet
shoes,slippers
whale,crocodile
camisole,robe
swimsuit,blouse
boots,socks
chicken,asparagus
toad,rattlesnake
broccoli,parsley
jar,cheese
rake,hoe
basement,brick
mackerel,squid
tiger,dog
shirt,skirt
saucer,bucket
pants,dress
panther,eagle
hawk,woodpecker
pants,sweater
necklace,scarf
pen,stick
bag,trousers
bike,skateboard
giraffe,zebra
surfboard,canoe
trumpet,whistle
corn,garlic
beans,peas
duck,tuna
tent,curtains
gate,house
hawk,vulture
jacket,boots
avocado,asparagus
ant,squirrel
skirt,jeans
cod,potato
seal,hose
bike,jeep
bagpipe,trumpet
robe,cloak
saucer,helicopter
bed,sofa
ashtray,doorknob
swimsuit,dress
bear,elk
tray,oven
wheel,tank
carpet,coat
ant,squirrel
belt,shirt
balloon,rope
bow,dress
basement,apartment
gopher,rattlesnake
mole,raccoon
shoes,gown
prune,cherry
barn,building
porcupine,deer
leopard,lion
pants,jacket
grenade,bazooka
bag,coat
mushroom,pepper
toad,goat
lantern,lamp
falcon,pheasant
camel,elk
spear,shovel
bagpipe,accordion
hose,rope
tray,spoon
dog,pig
closet,door
toad,duck
sink,stove
crab,octopus
bra,shoes
jeans,dress
turtle,buzzard
banner,shield
jeans,dress
oven,dishwasher
prune,plum
sailboat,boat
saxophone,harp
pen,mouse
beetle,butterfly
rat,squirrel
ring,wheel
gate,wall
prune,pineapple
cod,spinach
rabbit,cow
jacket,cloak
rattlesnake,alligator
wagon,car
helicopter,jet
lemon,cheese
camel,tiger
blouse,trousers
jeans,skirt
gate,inn
pipe,tank
screwdriver,bolts
wheelbarrow,trolley
saucer,tray
catfish,salmon
trousers,shoes
jeans,gown
rattlesnake,turtle
cow,pony
plate,dish
chicken,pepper
coat,scarf
caribou,cougar
freezer,oven
cloak,apron
crab,squid
chicken,dish
seal,turtle
necklace,pearl
beans,avocado
sink,bucket
bracelet,buckle
prune,nectarine
pin,wheel
screws,pipe
chain,wheel
mushroom,lemon
eagle,duck
bike,truck
pliers,screwdriver
candle,basket
bed,bedroom
plum,raisin
frog,salamander
dog,coat
cockroach,spider
boat,train
boots,slippers
dandelion,lettuce
faucet,mixer
lemon,lime
salmon,asparagus
pin,plate
shirt,socks
honeydew,lettuce
bra,blouse
turtle,octopus
blouse,pants
screwdriver,knife
lamp,stove
trumpet,piano
peach,tomato
bison,ostrich
raccoon,skunk
rope,bag
plate,dish
rabbit,tomato
tank,barrel
rooster,rabbit
orange,lime
tiger,squirrel
mackerel,lobster
bison,camel
flute,trumpet
rattlesnake,gopher
celery,spinach
bow,skirt
plum,pepper
cap,skirt
duck,goose
shirt,jeans
cat,squirrel
boots,dress
tray,dish
alligator,camel
boat,bike
gun,cannon
camisole,robe
mole,coyote
jacket,skirt
vulture,hawk
eel,shrimp
camisole,gown
shoes,shirt
napkin,curtains
prune,grapefruit
budgie,hamster
goldfish,hamster
dandelion,garlic
broccoli,carrot
bat,duck
kettle,sink
woodpecker,sparrow
bat,toad
bat,moth
wheelbarrow,truck
jeans,boots
lime,peach
bed,bag
mittens,socks
hornet,jet
bagpipe,harmonica
crab,salmon
turtle,rabbit
olive,spinach
bat,elephant
porcupine,beaver
bookcase,dresser
wasp,beetle
squirrel,mink
cucumber,cheese
necklace,chandelier
trumpet,harmonica
camel,crocodile
screws,drill
pony,donkey
desk,shelves
willow,cedar
eel,salmon
squid,lobster
barn,cottage
corn,pepper
belt,buckle
wall,door
bag,gloves
nylons,socks
fan,rock
salmon,eel
trombone,harpsichord
tie,skirt
crocodile,cheetah
rabbit,cow
bagpipe,trombone
caterpillar,jeep
cougar,buffalo
crocodile,alligator
cod,squid
duck,onions
bracelet,buckle
pants,socks
helicopter,missile
frog,cat
trousers,coat
bracelet,pearl
shirt,gown
porcupine,rabbit
camel,calf
ashtray,ladle
calf,sheep
cow,bison
subway,train
olive,potato
dresser,stool
trousers,scarf
flea,cockroach
radio,rock
wagon,trolley
shoes,shirt
pan,tray
canoe,sailboat
bear,coyote
crocodile,walrus
scarf,coat
corn,cabbage
eggplant,parsley
skunk,mink
jar,garlic
chicken,pepper
cage,tray
avocado,spinach
slingshot,bazooka
cow,donkey
mole,toad
pheasant,spinach
skirt,sweater
cap,helmet
eagle,raven
corn,pepper
eagle,duck
jacket,boots
robe,apron
toad,hamster
prune,cranberry
bed,curtains
moose,ox
hawk,woodpecker
blouse,robe
tractor,wagon
keyboard,drum
tank,rifle
bread,tomato
piano,harpsichord
cherry,pear
sofa,curtains
bow,sword
cheetah,otter
coat,shawl
bungalow,apartment
rabbit,bear
sink,dishwasher
cod,chicken
prune,asparagus
vulture,sparrow
jacket,skirt
dresser,bookcase
coat,gloves
football,cup
apron,pants
orange,tomato
missile,gun
caribou,mink
coat,scarf
caribou,cougar
trailer,motorcycle
nectarine,banana
plum,raspberry
chapel,house
tangerine,carrot
bow,bolts
apple,cherry
slingshot,tomahawk
corn,peas
blender,avocado
shoes,gloves
candle,cigar
thimble,necklace
catfish,lobster
bike,tractor
rabbit,mouse
trousers,shoes
gloves,sweater
pants,blouse
duck,cabbage
frog,tortoise
screws,hose
dishwasher,cupboard
zucchini,carrot
coat,blouse
boots,bag
cat,goat
seagull,crow
boots,slippers
missile,tomahawk
chapel,bridge
cedar,oak
skirt,robe
avocado,lemon
wasp,butterfly
pear,rhubarb
ashtray,bucket
dress,jeans
alligator,elk
broccoli,rhubarb
tent,toilet
crab,avocado
lemon,chicken
toad,turtle
camisole,vest
skirt,cloak
broccoli,pumpkin
shoes,jacket
carpet,cushion
mug,spoon
cougar,cheetah
eggplant,cabbage
bike,trolley
robe,trousers
chimp,donkey
tiger,elephant
jacket,vest
pencil,crayon
skirt,vest
napkin,shawl
clam,coconut
pants,vest
giraffe,tiger
bag,jacket
train,car
trout,crab
rattlesnake,beaver
rake,shovel
typewriter,paintbrush
typewriter,paintbrush
rabbit,dog
jacket,bag
dress,skirt
avocado,carrot
spider,cat
cage,fence
tie,scarf
jacket,shoes
dandelion,spinach
onions,beans
blouse,robe
pencil,paintbrush
toad,rat
gate,inn
tent,cabin
sandals,shoes
frog,catfish
camel,ostrich
pear,banana
bra,blouse
donkey,sheep
pot,garlic
shoes,slippers
jar,cheese
raft,sailboat
shirt,jacket
crayon,pen
gate,chapel
ashtray,chandelier
broom,birch
woodpecker,parakeet
corn,avocado
unicycle,scooter
shoes,shirt
jar,lemon
shoes,sandals
trout,shrimp
shoes,gown
shirt,vest
shoes,trousers
robe,coat
plum,cucumber
grasshopper,owl
tomato,bread
cow,bison
grape,cherry
bear,caribou
helicopter,missile
saddle,cushion
coat,scarf
pants,vest
radio,magazine
sink,freezer
belt,screws
pants,sweater
cod,shrimp
elk,sheep
coat,dress
wasp,cockroach
dog,pony
bowl,dish
donkey,dog
butterfly,bat
pin,plug
gate,bridge
mug,bucket
hawk,hornet
stick,knife
hawk,dove
eel,crab
jacket,scarf
olive,cheese
prune,pear
pelican,penguin
mole,mouse
eggplant,cauliflower
rat,pigeon
mink,otter
pot,dish
faucet,tap
jeans,trousers
bed,door
shotgun,grenade
gown,scarf
mittens,pants
toad,rat
elephant,cow
balloon,airplane
accordion,tuba
buzzard,kite
apron,jacket
rattlesnake,turtle
tent,trailer
blouse,scarf
eggplant,beans
napkin,cushion
garlic,cheese
seagull,falcon
bra,jacket
seagull,eagle
airplane,truck
lime,garlic
chimp,crocodile
shotgun,bullet
elk,porcupine
jacket,gloves
pigeon,crow
stereo,tape
cod,squid
apartment,cottage
scissors,screwdriver
dress,shoes
minnow,trout
radio,stereo
tray,bowl
bedroom,apartment
typewriter,paintbrush
panther,gorilla
jacket,gown
skunk,cat
belt,jacket
fan,rocker
pumpkin,cauliflower
dishwasher,oven
spider,worm
prune,cranberry
mittens,scarf
sack,wheelbarrow
bread,garlic
helicopter,ship
pants,dress
duck,chicken
jeans,sweater
barn,brick
kettle,bucket
cupboard,oven
cabin,hut
strawberry,rhubarb
robe,socks
prune,pear
avocado,garlic
alligator,rat
rope,hose
razor,axe
pants,skirt
bike,car
caribou,ox
walrus,dolphin
bolts,clamp
barrel,screws
eagle,goose
minnow,eel
raisin,banana
shoes,gloves
wheel,barrel
canoe,boat
screws,drill
olive,avocado
shoes,dress
cherry,rhubarb
bike,trolley
catfish,lobster
cedar,willow
cushion,curtains
moth,frog
stereo,mixer
sack,rope
elephant,cow
chandelier,lantern
corn,onions
seal,dolphin
honeydew,peach
rabbit,sheep
shoes,trousers
avocado,potato
necklace,dress
cupboard,toilet
hawk,crow
chain,boots
crocodile,buffalo
falcon,dove
snail,wasp
blouse,jeans
screwdriver,brush
pear,grapefruit
dandelion,spinach
corn,cauliflower
faucet,mixer
mole,raccoon
skis,surfboard
plum,garlic
bread,rice
pear,garlic
rattlesnake,alligator
alligator,lobster
sink,fridge
tent,bed
spider,beetle
jacket,sweater
freezer,sink
celery,rhubarb
swimsuit,gown
shirt,pants
prune,avocado
walrus,giraffe
crab,peas
duck,pigeon
elephant,squirrel
groundhog,raccoon
onions,pepper
dog,pig
sweater,trousers
cucumber,parsley
mug,kettle
pan,pepper
rabbit,pig
pot,garlic
bagpipe,banjo
pencil,knife
elk,hyena
lamp,projector
pepper,parsley
skirt,coat
whale,octopus
bow,skirt
basement,garage
faucet,tap
coin,cigarette
coat,cloak
rabbit,goat
hawk,woodpecker
socks,dress
coat,dress
grenade,harpoon
avocado,pepper
grasshopper,sparrow
robe,dress
cupboard,dresser
grasshopper,buzzard
cherry,strawberry
saxophone,harpsichord
card,pin
bed,cottage
trumpet,harp
boots,skirt
cherry,apple
camel,elk
skirt,pants
rocket,tomato
door,wall
raft,jeep
bungalow,barn
cupboard,bookcase
dishwasher,kettle
tortoise,toad
kettle,spoon
hawk,sparrow
jeans,trousers
piano,guitar
tiger,lion
bat,mouse
rattlesnake,coyote
elephant,horse
limousine,truck
rabbit,raccoon
orange,olive
cap,robe
worm,shrimp
pumpkin,potato
saxophone,harpsichord
wheelbarrow,shovel
bed,cottage
missile,gun
plum,walnut
cougar,lion
worm,flea
kettle,bucket
swimsuit,gown
pliers,tongs
camel,gorilla
plate,dish
mink,skunk
cupboard,door
mink,coyote
shirt,scarf
basement,cupboard
apple,spinach
corn,pineapple
comb,razor
faucet,bathtub
rabbit,deer
moose,raccoon
bed,pine
accordion,keyboard
banner,umbrella
grape,banana
mug,bottle
pencil,knife
tiger,zebra
broccoli,cucumber
thermometer,clock
goldfish,shrimp
brush,scissors
robe,gown
toad,donkey
donkey,horse
spatula,strainer
clam,squid
jacket,gloves
bread,cheese
accordion,cello
boat,airplane
lime,onions
balloon,jet
doll,dress
cod,tuna
bra,shirt
boots,jeans
broccoli,asparagus
bear,frog
swimsuit,gown
drill,hammer
banner,cloak
wheel,truck
bag,cushion
cupboard,sink
snail,crocodile
guitar,piano
strawberry,blueberry
rope,bolts
corn,lettuce
pie,potato
bra,jacket
paintbrush,pencil
eggplant,beans
leotards,socks
bat,mouse
bra,shirt
rattlesnake,beaver
prune,rhubarb
lantern,chandelier
camisole,vest
flute,harp
kettle,mug
turtle,buzzard
deer,sheep
seagull,pheasant
sink,drain
dog,elephant
jacket,shawl
jacket,boots
thermometer,screwdriver
pheasant,trout
tractor,trolley
tangerine,coconut
pants,boots
trombone,piano
turtle,squirrel
stick,brush
saxophone,piano
budgie,hamster
cod,eel
cap,socks
cod,crab
guitar,accordion
piano,harp
boat,train
eggplant,cabbage
bed,bag
raccoon,elk
camel,horse
tank,rocket
worm,shrimp
moose,bison
alligator,elephant
broccoli,cauliflower
couch,curtains
lemon,cheese
shirt,scarf
sofa,curtains
fridge,sink
plum,grapefruit
perch,peg
eggplant,lettuce
leopard,turtle
bra,jeans
corn,garlic
plum,pear
camel,pony
ship,boat
mug,jar
cushion,pillow
cabin,tent
lamp,lantern
vulture,kite
coat,socks
corn,potato
rabbit,mouse
tortoise,pig
apartment,cabin
pencil,scissors
necklace,scarf
rocket,onions
pants,gloves
skirt,shawl
jacket,cloak
cat,spider
balloon,rocket
owl,parakeet
subway,trolley
skunk,deer
spider,tiger
cod,lobster
skunk,hare
scissors,knife
fan,rocker
saucer,balloon
kettle,tray
elk,goat
chimp,gorilla
wall,fence
skirt,blouse
worm,snail
rooster,raccoon
table,desk
porcupine,moose
seagull,wasp
alligator,crab
cat,mouse
grape,pineapple
bra,jacket
shirt,sweater
fork,clamp
hut,stone
rattlesnake,alligator
vest,scarf
toad,hamster
apple,banana
gate,cottage
lemon,olive
boots,jeans
plum,garlic
blender,freezer
hawk,sparrow
onions,lemon
cougar,deer
wheel,plate
beans,parsley
drill,plug
robe,apron
frog,salamander
cottage,house
cantaloupe,pineapple
cap,pants
hawk,raven
fan,rock
strawberry,potato
tank,pipe
trombone,tuba
corn,asparagus
elephant,tiger
panther,fox
airplane,helicopter
lime,pear
goat,asparagus
panther,deer
mackerel,crab
wheel,clamp
gate,church
donkey,moose
zucchini,beans
hose,drain
pants,jacket
house,bridge
skunk,squirrel
bra,socks
hawk,oriole
saucer,spoon
jeans,pants
falcon,goose
corn,avocado
lantern,candle
chicken,coconut
plum,coconut
parakeet,pigeon
chimp,cockroach
saucer,spatula
camel,tiger
shoes,jeans
crab,salmon
scissors,pliers
bra,shoes
crocodile,hyena
bed,pillow
zucchini,cabbage
pot,potato
bike,scooter
nightgown,apron
honeydew,lettuce
rabbit,bear
skunk,beaver
snail,rattlesnake
elephant,gorilla
toad,hamster
robe,pants
chapel,cathedral
corn,spinach
magazine,book
starling,buzzard
grape,raspberry
jeans,trousers
tie,rope
jeans,blouse
cage,wheel
lemon,pepper
flute,harmonica
cedar,cherry
duck,asparagus
toaster,sink
prune,avocado
grape,cherry
avocado,beans
whip,dagger
stereo,plug
camisole,blouse
wheel,truck
tie,dress
bottle,mug
apron,shirt
rattlesnake,iguana
bike,scooter
tie,dress
lamp,mirror
jeans,socks
corn,rice
pepper,potato
cigarette,candle
brush,comb
orange,cherry
flute,harpsichord
clock,thermometer
bagpipe,cello
mittens,trousers
belt,plate
rooster,goat
camel,deer
canoe,boat
raccoon,mink
trout,squid
jacket,gloves
leopard,bear
balloon,saucer
woodpecker,owl
robe,drapes
skirt,curtains
vest,blouse
rattlesnake,squirrel
pigeon,dove
blender,kettle
raccoon,beaver
cabin,cupboard
prune,blueberry
cougar,caribou
cheetah,cougar
nectarine,grapefruit
toad,turtle
coat,shirt
eggplant,turnip
cougar,leopard
seagull,raven
jacket,shirt
tangerine,pear
pants,boots
drill,screws
spatula,spoon
bed,toilet
sack,jacket
dandelion,parsley
rat,hamster
dresser,walnut
bed,carpet
ant,cockroach
apple,peach
bra,socks
scooter,car
rifle,bullet
camel,giraffe
comb,scissors
tie,jacket
bra,shirt
drill,rope
parakeet,woodpecker
napkin,scarf
blender,colander
missile,rocket
sink,oven
shotgun,muzzle
plum,apple
rabbit,duck
orange,peach
bottle,bucket
beans,cucumber
ship,helicopter
cloak,veil
cougar,deer
tomato,spinach
rocket,spinach
beans,pepper
hawk,pigeon
gorilla,crocodile
saxophone,banjo
turtle,otter
dresser,pine
paintbrush,brush
penguin,pelican
bathtub,bucket
bagpipe,trumpet
jet,helicopter
camel,horse
bed,sofa
cage,bolts
drill,clamp
skirt,cloak
shotgun,cannon
tomato,olive
cabin,cupboard
pumpkin,turnip
mittens,gloves
skirt,gown
cherry,asparagus
trousers,gown
blouse,skirt
cap,apron
faucet,sink
clarinet,cello
jet,rocket
cedar,walnut
cannon,rifle
leopard,elephant
wheel,tank
barrel,muzzle
crab,shrimp
hawk,moth
bag,rope
butterfly,crocodile
boots,slippers
blender,kettle
belt,hose
accordion,violin
avocado,peas
mole,rat
whip,sword
cigarette,bottle
bra,dress
goat,cheese
pants,socks
onions,lemon
telephone,ring
seagull,pigeon
elephant,bison
tie,trousers
fork,bolts
robe,shawl
spider,octopus
corn,avocado
spider,tiger
buffalo,elephant
cat,frog
corn,rice
eagle,dove
tent,hut
porcupine,mink
saddle,helmet
dog,rat
closet,door
camel,zebra
sink,oven
hawk,sparrow
bow,rope
canoe,yacht
door,curtains
cheetah,zebra
peach,strawberry
catfish,zebra
thermometer,screwdriver
ant,cockroach
candle,cigar
gate,fence
wheelbarrow,jeep
blouse,jacket
celery,cucumber
faucet,toilet
bagpipe,harpsichord
mole,squirrel
duck,lamb
scissors,chisel
cod,crab
rabbit,tomato
mackerel,lobster
accordion,trombone
plug,bolts
prune,tomato
orange,apple
shirt,shoes
sandals,pants
jacket,bag
pants,shoes
duck,potato
mole,coyote
swimsuit,leotards
grapefruit,cantaloupe
camisole,pants
stereo,plug
pen,bag
shoes,trousers
saxophone,cello
mole,fox
couch,cushion
rattlesnake,salamander
fridge,cupboard
turtle,pheasant
airplane,helicopter
chandelier,candle
cougar,leopard
camel,calf
mackerel,tuna
vulture,buzzard
chandelier,candle
bookcase,sofa
bear,dog
helicopter,airplane
hook,ball
coat,shawl
lamp,candle
hare,deer
prune,raspberry
fork,bucket
paintbrush,spatula
elevator,airplane
vulture,owl
barrel,pistol
hut,cottage
hawk,falcon
blouse,sweater
elephant,deer
camel,giraffe
cage,tray
mug,bucket
bed,pine
plug,pipe
grape,apple
coat,blouse
rabbit,goose
mat,gloves
blender,mixer
jeans,sweater
rope,screws
balloon,rocket
subway,train
robe,cloak
cantaloupe,peas
lime,olive
oven,toaster
raisin,bread
frog,bat
elephant,camel
elk,goat
tank,cannon
cherry,grapefruit
lamp,candle
parakeet,woodpecker
rattlesnake,alligator
dog,bag
seal,whale
shoes,jeans
elephant,buffalo
dresser,bookcase
jar,spoon
faucet,toilet
wasp,ant
tangerine,plum
gate,house
pen,mouse
panther,tiger
coat,socks
bottle,mug
rat,rabbit
rattlesnake,coyote
bow,tie
gown,skirt
prune,peach
dog,cat
bracelet,necklace
pipe,hose
scissors,comb
pot,jar
plug,pipe
cod,chicken
olive,coconut
scooter,truck
swimsuit,blouse
elephant,buffalo
blender,avocado
prune,strawberry
orange,banana
sink,tap
porcupine,caribou
bottle,tray
bracelet,buckle
cow,sheep
skunk,beaver
cupboard,oven
elevator,airplane
house,cottage
catfish,lobster
spear,axe
caterpillar,worm
hare,mink
pot,coconut
wall,marble
flute,harmonica
clam,seaweed
camel,tiger
church,bridge
beans,garlic
gate,wall
sink,freezer
balloon,rope
skyscraper,building
buggy,car
cottage,barn
jeans,gloves
lime,celery
rabbit,elephant
raisin,plum
apple,coconut
seagull,hawk
sack,rope
lamp,projector
bed,sofa
octopus,cod
duck,asparagus
honeydew,grapefruit
shoes,slippers
plate,pipe
shoes,gown
toad,duck
plum,banana
falcon,duck
tent,bed
pants,trousers
closet,cupboard
doll,dog
tie,scarf
corn,lettuce
tuna,spinach
bra,jacket
wheelbarrow,ladle
swimsuit,pajamas
salmon,lobster
prune,lemon
pine,coconut
turtle,owl
mackerel,sardine
pie,onions
frog,crab
oven,dish
jar,beans
crab,tomato
swimsuit,skirt
helicopter,airplane
shoes,slippers
tuna,chicken
cap,trousers
pigeon,blackbird
orange,garlic
cat,deer
crocodile,goat
cedar,elk
pigeon,owl
tiger,fox
pencil,pen
ox,camel
bat,rat
coat,robe
tent,toilet
belt,bolts
kettle,mug
eggplant,onions
dishwasher,oven
corn,bread
napkin,gown
bike,tractor
prune,raisin
building,cottage
banner,cloak
plate,pipe
prune,rhubarb
saucer,jar
cantaloupe,broccoli
rattle,drum
olive,lime
basement,brick
tuba,harmonica
clam,eel
cupboard,toilet
lamb,lemon
robe,shawl
cow,rabbit
broccoli,garlic
pants,skirt
shoes,sandals
spatula,brush
elephant,squirrel
vulture,hawk
lime,cherry
falcon,pelican
orange,rhubarb
scooter,truck
squirrel,moose
toad,goat
tuba,piano
gate,door
magazine,radio
church,cathedral
pliers,tongs
duck,potato
pepper,chicken
gloves,trousers
hut,cottage
camel,bull
pants,jeans
robe,socks
cucumber,asparagus
lemon,pepper
bike,jeep
jacket,sweater
belt,bag
leopard,deer
balloon,rocket
crocodile,tortoise
screwdriver,drill
chandelier,lantern
spear,bayonet
onions,tomato
catfish,zebra
catfish,zebra
rocket,celery
necklace,emerald
corn,spinach
lemon,garlic
tray,dish
saucer,spatula
trumpet,harpsichord
saddle,cushion
skis,boots
apple,cheese
avocado,parsley
shirt,gown
plum,strawberry
grenade,gun
skirt,curtains
turtle,deer
rabbit,goose
trousers,jeans
vulture,parakeet
drill,chisel
ambulance,limousine
paintbrush,spatula
balloon,jet
plum,banana
dresser,sofa
whip,machete
airplane,truck
rifle,cannon
candle,tray
accordion,flute
bra,dress
rabbit,donkey
squid,trout
dishwasher,microwave
ant,squirrel
broom,birch
tortoise,goat
coat,trousers
plug,screws
tank,armour
screwdriver,pin
pepper,onions
sack,rope
gloves,socks
snail,crocodile
bag,trousers
tangerine,mandarin
chicken,onions
kettle,dishwasher
mouse,bat
barn,owl
bat,pigeon
chicken,potato
football,cup
pickle,lettuce
owl,squirrel
screws,pin
camel,ostrich
chimp,hamster
crayon,pencil
peach,apple
shoes,socks
caterpillar,snail
walrus,whale
parka,mittens
dress,gown
wheel,screws
boat,submarine
goldfish,perch
buggy,skis
garlic,spinach
seagull,swan
walrus,moose
lemon,asparagus
snail,worm
camisole,vest
jacket,socks
fridge,kettle
train,bus
cherry,tomato
hawk,moth
lemon,chicken
vest,jacket
jacket,robe
plate,barrel
trousers,dress
goat,duck
candle,cigarette
trailer,car
belt,wheel
buggy,wheel
raft,boat
plum,blueberry
cat,rat
peach,banana
veil,trousers
catfish,eel
rocket,lettuce
eggplant,potato
onions,cabbage
book,magazine
eagle,stork
shoes,socks
vest,gloves
trumpet,piano
bungalow,cottage
bureau,board
jacket,trousers
rabbit,coyote
swimsuit,sandals
faucet,toilet
squirrel,spider
bow,hook
church,house
calf,lamb
camel,goat
squirrel,turtle
olive,pepper
cage,bolts
fridge,kettle
bike,truck
hut,shack
avocado,asparagus
blackbird,sparrow
jacket,gloves
toad,turtle
cabinet,bookcase
trombone,clarinet
tiger,alligator
pistol,crossbow
jeans,socks
dresser,sofa
skirt,trousers
bottle,bucket
crossbow,cannon
wall,fence
oven,sink
belt,hose
jacket,gown
frog,cat
grapefruit,pear
apartment,cabin
piano,harpsichord
napkin,mug
tray,cupboard
falcon,owl
wheelbarrow,trolley
socks,scarf
spider,crab
hook,rope
trumpet,harp
whale,tuna
skis,bike
strawberry,carrot
saddle,buckle
cloak,skirt
surfboard,scooter
salmon,lemon
skis,helmet
beets,cabbage
saucer,spoon
bus,car
jacket,bag
vest,jeans
parka,mittens
skirt,vest
drill,pipe
lamp,candle
umbrella,banner
avocado,lettuce
elk,beaver
crab,mackerel
eggplant,lettuce
scissors,comb
cucumber,cabbage
salmon,shrimp
crab,lobster
jeans,gown
cannon,gun
jeans,boots
pencil,crayon
napkin,nightgown
cap,socks
dress,socks
pajamas,nightgown
plum,pumpkin
crayon,brush
slingshot,crossbow
cheetah,elephant
blouse,robe
robe,jacket
chicken,mushroom
cap,skirt
raccoon,crocodile
cat,mouse
pants,sweater
mittens,jacket
pliers,wrench
camisole,pants
cod,chicken
wasp,cockroach
gate,brick
snail,toad
camel,goat
rabbit,goat
mug,bottle
bear,deer
spider,worm
stereo,tape
avocado,cauliflower
blender,toaster
vulture,starling
bowl,beans
porcupine,squirrel
squid,eel
keyboard,harmonica
salmon,crab
pen,bottle
elephant,whale
plum,coconut
grapefruit,pineapple
hut,house
skyscraper,building
shoes,shirt
slingshot,corkscrew
cat,deer
raft,surfboard
jeans,shoes
lemon,asparagus
trailer,bike
starling,crow
duck,potato
minnow,catfish
gloves,apron
sofa,bed
trombone,guitar
napkin,robe
rat,dog
desk,sofa
jet,helicopter
cloak,curtains
kite,eagle
bow,helmet
jeans,trousers
wheel,screws
medal,cup
pants,dress
chimp,elephant
corn,lettuce
camel,crocodile
corn,garlic
tie,jacket
crossbow,slingshot
pipe,plate
bra,jeans
buggy,tractor
elephant,giraffe
tuna,cheese
seagull,swan
chicken,mushroom
boots,bag
rooster,pig
hawk,duck
coat,cloak
apartment,bungalow
strawberry,cranberry
beets,beans
saxophone,harmonica
toad,salamander
plate,wall
onions,cabbage
gate,brick
vulture,falcon
raisin,banana
leopard,cat
giraffe,deer
bow,knife
jeans,jacket
cougar,moose
jeans,boots
turtle,octopus
prune,cherry
door,cupboard
fridge,oven
blackbird,dove
rattlesnake,salamander
drill,pin
bomb,bullet
rat,deer
prune,rhubarb
garlic,peas
trousers,blouse
boots,jeans
orange,pepper
desk,bookcase
jeans,boots
raft,canoe
bra,shirt
moose,elephant
crab,chicken
camisole,skirt
bike,wheel
scooter,tractor
saxophone,harpsichord
hawk,stork
cottage,inn
panther,cougar
wrench,pipe
tent,cabin
wasp,flea
duck,partridge
coat,scarf
wheelbarrow,buggy
blender,fridge
bed,carpet
grapefruit,tomato
strawberry,pear
necklace,scarf
spatula,colander
hawk,goose
skirt,gown
grape,plum
jeans,blouse
crab,peas
cannon,pistol
mat,cushion
sandals,slippers
submarine,missile
grape,banana
broccoli,tomato
pie,rhubarb
submarine,boat
camisole,pants
shoes,gloves
porcupine,skunk
airplane,truck
lime,pepper
bowl,pot
jar,garlic
octopus,eel
mackerel,shrimp
camel,sheep
pants,coat
saucer,mug
pumpkin,pineapple
coat,sweater
alligator,pig
kite,vulture
elephant,dog
apartment,building
boat,car
drill,barrel
camel,cow
lamb,onions
cougar,hyena
bike,skateboard
barn,bungalow
spider,beetle
eggplant,beets
falcon,goose
hawk,crow
bag,bottle
coin,card
jacket,jeans
moose,coyote
tray,strainer
hook,peg
inn,cottage
garlic,onions
cellar,brick
buffalo,goat
tangerine,lemon
raft,boat
corn,pepper
hawk,parakeet
grapefruit,cantaloupe
tray,pan
tent,tray
trombone,cello
napkin,curtains
tie,skirt
boots,socks
robe,shirt
lamp,stove
cage,hamster
cucumber,carrot
giraffe,crocodile
hawk,dove
elephant,rabbit
hawk,helicopter
cupboard,freezer
snail,ant
canoe,sailboat
rattlesnake,snail
blouse,trousers
mittens,pajamas
sack,bucket
leopard,crocodile
radio,magazine
corn,banana
gorilla,whale
pickle,asparagus
cantaloupe,cabbage
bagpipe,violin
elephant,horse
plum,cheese
dishwasher,fridge
walrus,seal
mat,pillow
brush,carpet
toilet,cupboard
coin,necklace
necklace,dress
cucumber,spinach
wheel,plate
prune,nectarine
sink,cupboard
candle,cigarette
shirt,robe
prune,grapefruit
pheasant,salmon
pie,garlic
banner,umbrella
cap,bag
moose,otter
minnow,eel
bathtub,dishwasher
pen,bag
elephant,goat
pot,spinach
trousers,jeans
shirt,robe
blouse,coat
bra,dress
crocodile,leopard
screws,clamp
box,telephone
bike,scooter
mug,ashtray
sailboat,raft
barn,stone
olive,chicken
garlic,chicken
cheetah,buffalo
boots,skirt
cage,door
squirrel,hamster
avocado,tomato
sandals,jeans
avocado,celery
frog,deer
tuna,tomato
wall,door
belt,shirt
razor,spear
hut,cabin
prune,pineapple
orange,plum
dog,horse
onions,tomato
canary,finch
mole,coyote
prune,blueberry
shoes,boots
spider,butterfly
necklace,pearl
tuba,harpsichord
crab,pumpkin
walrus,elk
bed,bag
skunk,squirrel
camisole,blouse
desk,door
clam,tuna
colander,ladle
saxophone,harmonica
rattlesnake,beaver
eagle,woodpecker
prune,lemon
gate,chapel
accordion,harp
frog,turtle
trousers,gloves
bookcase,pine
mackerel,squid
pot,coconut
vulture,stork
seagull,sparrow
elephant,leopard
plug,hose
cottage,church
flute,violin
bat,elephant
cabin,bedroom
crossbow,shotgun
tractor,airplane
willow,walnut
trout,crab
cod,lobster
scissors,chisel
pants,jeans
blouse,sweater
tomato,onions
strawberry,cheese
bread,potato
rabbit,raccoon
carpet,drapes
rattlesnake,crocodile
pepper,coconut
woodpecker,dove
bra,blouse
oven,cupboard
eel,perch
flea,rabbit
hawk,vulture
toad,donkey
cat,squirrel
revolver,crossbow
eggplant,garlic
budgie,hamster
candle,chandelier
leotards,jeans
ashtray,tray
gorilla,bear
cap,jacket
sink,tray
candle,cigarette
shirt,shoes
trousers,scarf
jeans,pants
scarf,apron
prune,plum
prune,pineapple
broccoli,peas
bomb,rocket
lobster,spinach
pants,jeans
elephant,elk
airplane,helicopter
vest,skirt
eel,lobster
cigarette,pipe
porcupine,hare
door,curtains
umbrella,bag
cat,cow
mirror,lamp
ant,flea
jacket,trousers
turtle,frog
bra,socks
bolts,wrench
avocado,pepper
hawk,eagle
cage,barrel
napkin,cigarette
spider,octopus
pot,spoon
broom,wand
cat,cow
shirt,blouse
rattlesnake,gopher
bike,skateboard
eggplant,carrot
broccoli,avocado
spider,frog
jeans,shirt
pants,coat
shoes,jeans
closet,toilet
hose,drain
hose,drain
pants,shoes
dolphin,turtle
rifle,grenade
hare,fox
necklace,dress
vest,sweater
colander,spatula
cucumber,rhubarb
pencil,scissors
shirt,socks
bookcase,stool
napkin,shawl
cage,bolts
rabbit,rat
plate,tray
corn,asparagus
zebra,cheetah
mushroom,cauliflower
cap,boots
jeans,boots
jeans,gloves
perch,peg
guitar,saxophone
corn,bread
typewriter,pencil
raisin,raspberry
dog,rat
tricycle,bike
scarf,cloak
raft,sled
bag,boots
toad,turtle
shirt,vest
stereo,tape
jeans,shirt
elephant,hyena
cougar,hyena
trousers,gloves
balloon,rope
necklace,scarf
spider,moth
cabin,airplane
blouse,shawl
jacket,vest
pear,pineapple
goldfish,shrimp
door,cupboard
raft,jeep
cucumber,cauliflower
cap,plate
bike,skateboard
house,building
saxophone,harp
shoes,dress
corn,asparagus
orange,tomato
jacket,robe
plug,bolts
sweater,shawl
tangerine,cantaloupe
necklace,dress
shoes,sandals
orange,lemon
gun,rocket
pan,spinach
flute,tuba
coat,socks
trousers,gloves
hare,fox
raisin,cranberry
perch,peg
leopard,bison
hook,stick
belt,bolts
goat,cow
snail,beetle
bear,frog
vulture,duck
owl,duck
flute,clarinet
camisole,robe
sandals,trousers
closet,dishwasher
bungalow,cottage
tangerine,cherry
bag,bucket
mushroom,parsley
boat,submarine
bomb,grenade
pheasant,cabbage
dresser,walnut
seagull,hawk
pants,socks
crab,clam
tank,rifle
dolphin,boat
bra,blouse
pigeon,pheasant
shirt,tie
raccoon,fox
lamp,lantern
cod,potato
clarinet,accordion
guitar,rock
mixer,tap
crocodile,leopard
sweater,pants
falcon,stork
fridge,cupboard
apron,vest
elephant,leopard
bolts,clamp
falcon,sparrow
swimsuit,blouse
screwdriver,clamp
dresser,pine
kettle,pot
stereo,plug
ship,truck
hare,deer
spider,caterpillar
scooter,bike
menu,keyboard
flute,piano
bike,trolley
swimsuit,bra
seagull,buzzard
elephant,horse
fridge,sink
barrel,bolts
belt,pants
raft,sailboat
plum,lemon
skirt,curtains
chandelier,lamp
seagull,stork
zebra,ostrich
necklace,pearl
starling,oriole
basement,garage
radio,rock
cigarette,ashtray
mackerel,sardine
corn,garlic
wheel,plate
elephant,hyena
elephant,crocodile
corn,coconut
hare,squirrel
skunk,alligator
lamp,lantern
strawberry,plum
corn,cabbage
telephone,ring
alligator,zebra
thermometer,tray
shoes,gloves
octopus,tuna
eggplant,spinach
bowl,coconut
jacket,boots
church,cathedral
garlic,chicken
camisole,skirt
lamb,beans
ant,rat
chandelier,candle
brick,stone
rattlesnake,gopher
tank,barrel
cage,bucket
shirt,sweater
closet,fridge
toad,rattlesnake
dog,goat
prune,blueberry
willow,cherry
raft,sled
robe,drapes
mushroom,asparagus
pot,spinach
camel,goat
corn,asparagus
apple,plum
shoes,skirt
saucer,bowl
piano,banjo
tomato,potato
leopard,tiger
door,curtains
toaster,sink
garlic,pepper
stereo,tape
trousers,vest
plum,nectarine
elevator,door
saddle,tack
unicycle,skateboard
helicopter,submarine
raccoon,porcupine
hose,tap
coat,gown
kite,starling
wheel,tank
bed,toilet
wheel,clamp
parka,sweater
cupboard,cellar
jeans,gloves
orange,cherry
sack,bucket
dishwasher,toaster
tent,rope
socks,pants
camel,pony
bike,truck
pear,cranberry
leotards,sweater
napkin,robe
shirt,shawl
fridge,dishwasher
corn,celery
cat,horse
rabbit,cabbage
saxophone,violin
grape,lemon
raccoon,elk
olive,asparagus
gun,tank
vulture,pigeon
wheel,screws
duck,tuna
avocado,pear
cucumber,peas
plum,rhubarb
faucet,tap
saxophone,tuba
camel,bison
falcon,vulture
raspberry,cherry
bottle,orange
raspberry,peach
candle,cigarette
fridge,oven
clam,tomato
blouse,robe
stick,wheel
spatula,screwdriver
lobster,tomato
shoes,jacket
beans,cheese
trombone,piano
fridge,stove
piano,harmonica
elephant,crocodile
camel,cow
elk,beaver
pants,jeans
church,inn
mug,pot
saddle,wheel
bike,jeep
crocodile,iguana
parakeet,pigeon
hare,otter
corn,peas
plum,asparagus
crab,asparagus
bear,elk
belt,trousers
rabbit,rat
pumpkin,banana
hut,bungalow
goat,asparagus
turtle,iguana
swimsuit,blouse
robe,blouse
prune,cranberry
camel,bull
celery,tomato
bike,skis
cat,rat
plug,clamp
spider,squirrel
razor,dagger
church,bridge
bra,socks
bra,shoes
crocodile,ostrich
hawk,woodpecker
pot,mug
shoes,jacket
rabbit,pig
owl,frog
tuna,shrimp
cigar,ashtray
coat,pants
nectarine,rhubarb
broccoli,zucchini
rabbit,otter
socks,shirt
avocado,banana
vest,dress
catfish,trout
ant,beetle
mug,pot
cat,horse
cherry,peach
barn,garage
caribou,bison
beets,onions
swimsuit,skirt
elephant,whale
tomato,chicken
scissors,corkscrew
gate,brick
tangerine,peach
garlic,cheese
fan,rocker
camel,moose
robe,sweater
trout,eel
accordion,bagpipe
hut,bungalow
orange,cheese
pie,lemon
elephant,hyena
lobster,shrimp
cow,rabbit
rat,sheep
pants,shirt
broccoli,beans
cap,scarf
apple,onions
tent,curtains
saxophone,guitar
broom,cherry
lemon,strawberry
bison,goat
ring,stone
whip,hook
ant,wasp
flea,moth
barn,house
hose,tap
chapel,building
bed,sofa
card,pin
candle,basket
cap,jacket
belt,bag
sofa,carpet
elephant,walrus
rabbit,pigeon
football,cup
rabbit,lamb
skirt,gown
pants,blouse
blackbird,owl
raccoon,deer
hawk,oriole
sink,cupboard
beans,coconut
wheelbarrow,wagon
butterfly,caterpillar
hare,deer
alligator,deer
bow,dress
cage,rope
apple,chicken
closet,freezer
lemon,pineapple
orange,coconut
scooter,motorcycle
ox,goose
bed,pine
avocado,lettuce
shirt,shawl
drill,hose
onions,broccoli
mug,tray
scarf,shirt
caribou,ox
hut,barn
apple,pepper
scissors,tongs
pepper,beans
pickle,carrot
wasp,flea
garlic,broccoli
corn,lettuce
camel,sheep
tray,plate
prune,strawberry
chicken,potato
bow,rope
bed,carpet
basement,apartment
octopus,tuna
plum,pear
screws,screwdriver
bra,jacket
jeans,gloves
ant,beetle
vulture,sparrow
bathtub,tent
squid,mackerel
camisole,shirt
vulture,starling
snail,toad
belt,pants
corn,cauliflower
trombone,accordion
cougar,elk
spatula,tray
elephant,rabbit
bra,shoes
tie,scarf
boat,raft
mittens,earmuffs
bag,basket
crab,avocado
squirrel,frog
hose,rope
mouse,pig
duck,tuna
apartment,cottage
dog,bag
goose,goat
plug,stereo
mackerel,shrimp
kite,eagle
medal,cup
necklace,chandelier
pants,boots
blouse,pants
camel,zebra
candle,chandelier
pony,sheep
pickle,tuna
prune,grapefruit
alligator,ostrich
corn,pineapple
necklace,pearl
pliers,scissors
woodpecker,starling
necklace,emerald
saxophone,trumpet
rabbit,sheep
jeans,gown
pants,vest
cupboard,dishwasher
chimp,elephant
cage,bucket
rooster,cow
camisole,dress
bed,door
trousers,shirt
shirt,shawl
tiger,bison
elephant,deer
pigeon,duck
chain,wheel
salmon,spinach
blender,avocado
shoes,skirt
barn,oak
clam,lobster
crocodile,zebra
eagle,pigeon
candle,chandelier
robe,scarf
wheel,bolts
catfish,crab
clarinet,banjo
blender,parsley
cap,shield
lime,pineapple
accordion,piano
mittens,vest
bookcase,walnut
orange,strawberry
mole,beaver
rabbit,mouse
blouse,jeans
porcupine,hare
raccoon,coyote
goldfish,hamster
corn,beans
corn,cauliflower
plum,asparagus
goat,sheep
scissors,pencil
pencil,paintbrush
bra,gown
alligator,squirrel
camel,calf
kettle,cupboard
corn,carrot
donkey,ox
bear,coyote
camel,giraffe
jeans,gown
saucer,helicopter
wall,stone
rattlesnake,elk
shirt,shoes
corn,peas
apartment,house
eggplant,celery
cabin,apartment
saxophone,flute
grape,coconut
cow,pony
trousers,gown
hawk,falcon
coat,sweater
strawberry,banana
chandelier,lamp
crab,mackerel
hawk,buzzard
robe,jacket
camel,donkey
guitar,cello
tie,trousers
dolphin,whale
moose,porcupine
seagull,peacock
pants,vest
drill,screwdriver
drill,bolts
bike,car
orange,cranberry
dresser,fridge
church,inn
robe,coat
cougar,lion
eggplant,turnip
spear,crossbow
socks,sweater
apartment,cottage
piano,tuba
bowl,cheese
drill,plug
corn,carrot
duck,cabbage
pencil,brush
corn,coconut
missile,submarine
pants,shoes
boat,submarine
guitar,violin
fridge,sink
toad,donkey
pheasant,lamb
rabbit,deer
avocado,banana
mushroom,garlic
cherry,avocado
fridge,stove
freezer,kettle
belt,screws
spear,bullet
wheel,bolts
guitar,clarinet
sink,tray
saxophone,piano
bike,jeep
squirrel,hare
pan,dish
raft,surfboard
trombone,guitar
cougar,bear
nylons,socks
dresser,stool
saxophone,harmonica
mackerel,eel
fridge,oven
dog,coat
scissors,corkscrew
avocado,pineapple
scooter,jeep
blender,colander
prune,cherry
shirt,tie
radio,microwave
clam,salmon
closet,shelves
vest,trousers
coat,trousers
basement,cellar
skirt,coat
onions,asparagus
turtle,shrimp
cap,gown
jeans,dress
mackerel,lobster
candle,basket
cloak,slippers
elephant,bull
robe,gown
gown,slippers
dolphin,leopard
strawberry,pineapple
thimble,comb
vulture,falcon
jet,rocket
chicken,cheese
pen,bag
moose,fox
cap,trousers
cherry,spinach
eel,mackerel
eagle,falcon
pie,chicken
cap,boots
jacket,sweater
tank,shell
orange,plum
goldfish,catfish
sailboat,raft
apron,coat
cabin,boat
dishwasher,toilet
cupboard,sink
raspberry,pineapple
sack,bag
barrel,bottle
surfboard,scooter
coat,shawl
bag,gloves
hawk,stork
cougar,elk
mole,otter
vest,scarf
turtle,frog
trousers,skirt
hawk,buzzard
tie,jacket
camel,giraffe
salmon,potato
saxophone,trombone
canary,sparrow
shirt,tie
catfish,goldfish
tuna,spinach
crossbow,gun
airplane,jet
mole,rat
plug,pin
pants,sweater
flea,rat
cucumber,pepper
bison,moose
ant,spider
coat,socks
camel,pony
seagull,crow
broccoli,cabbage
chain,belt
vest,skirt
freezer,stove
bra,dress
hook,bolts
clarinet,trombone
saxophone,cello
rabbit,otter
pumpkin,cabbage
pine,oak
boat,car
porcupine,elk
skirt,trousers
cabin,boat
rabbit,squirrel
rabbit,goose
trousers,blouse
pipe,tank
falcon,pheasant
beets,cucumber
dog,rabbit
squirrel,rabbit
cottage,bridge
bow,rope
ant,crab
bagpipe,harp
trout,squid
cod,eel
raisin,rhubarb
blouse,scarf
rocket,tank
donkey,hamster
sack,wheelbarrow
bow,helmet
sack,bottle
pony,goat
swimsuit,dress
prune,avocado
shirt,shoes
eggplant,asparagus
rattlesnake,turtle
bowl,bread
grenade,shotgun
beets,zucchini
honeydew,cantaloupe
pear,strawberry
candle,chandelier
robe,blouse
chimp,tortoise
elephant,turtle
spider,moth
fridge,oven
falcon,hornet
belt,tie
grape,peach
fork,pipe
salmon,bread
rattlesnake,coyote
tangerine,pear
elephant,deer
cherry,garlic
coat,shawl
house,cottage
cat,frog
cherry,olive
blender,colander
scooter,skateboard
prune,peach
shirt,skirt
scissors,brush
fridge,sink
eagle,deer
celery,onions
shoes,shirt
bookcase,shelves
camel,bison
onions,lettuce
raisin,plum
corn,potato
vest,socks
zucchini,onions
duck,onions
elephant,giraffe
bagpipe,saxophone
cantaloupe,banana
prune,asparagus
tuna,tomato
jeans,dress
cod,garlic
gloves,vest
corn,onions
cage,hamster
onions,cucumber
grenade,missile
crocodile,frog
wheelbarrow,sled
gate,church
rope,bag
corn,pineapple
coat,gown
beetle,flea
bike,car
lamp,projector
tomato,garlic
lamp,mirror
avocado,eggplant
pin,clamp
broom,cherry
dolphin,eel
cannon,rocket
turtle,elephant
orange,cheese
doll,shoes
shirt,gown
skunk,hare
tractor,truck
robe,shirt
spider,caterpillar
fridge,freezer
sink,oven
pigeon,rabbit
bra,jeans
tray,strainer
jeans,gloves
dog,horse
toad,rat
shoes,dress
barn,inn
wasp,beetle
basement,cellar
corn,celery
cheetah,giraffe
dishwasher,freezer
apartment,bungalow
ship,helicopter
cantaloupe,onions
submarine,ship
grapefruit,banana
comb,coat
skis,skateboard
grenade,rocket
orange,strawberry
blouse,vest
saxophone,guitar
shoes,gown
bra,jeans
socks,slippers
seal,walrus
dog,sheep
cap,bottle
hawk,helicopter
mittens,slippers
hawk,oriole
octopus,crab
door,wall
coat,cloak
elephant,deer
cage,wheel
helicopter,missile
spear,shield
coat,dress
apron,gloves
screws,screwdriver
hawk,parakeet
bagpipe,harpsichord
bus,car
elephant,whale
cupboard,shelves
gown,dress
rattlesnake,crocodile
camel,bison
catfish,crab
porcupine,bison
butterfly,caterpillar
tomato,pepper
hare,mink
pliers,clamp
toad,goat
eagle,pelican
rope,bolts
pepper,garlic
beetle,cockroach
tank,shell
sandals,slippers
skirt,scarf
camisole,shirt
robe,socks
bat,rat
walrus,crocodile
screws,clamp
elephant,tiger
wasp,spider
crayon,pencil
hut,cabin
plug,clamp
cherry,strawberry
ox,deer
mole,rat
limousine,car
pan,oven
saxophone,trumpet
doll,slippers
tank,cannon
corn,potato
tuna,shrimp
tray,bowl
orange,banana
garlic,broccoli
necklace,bracelet
sweater,mittens
broccoli,beets
pie,cheese
elephant,whale
falcon,buzzard
panther,beaver
jacket,skirt
willow,birch
crocodile,iguana
hawk,buzzard
cougar,cheetah
seagull,vulture
cage,rope
eggplant,carrot
cherry,plum
rattlesnake,squirrel
camel,ostrich
rabbit,cat
blender,mixer
prune,rhubarb
gorilla,camel
donkey,duck
plum,tomato
cloak,shawl
bag,shoes
guitar,harmonica
bear,dog
bra,jacket
rabbit,mink
thimble,buckle
boots,sandals
pigeon,rabbit
eagle,sparrow
belt,shoes
onions,lettuce
cat,horse
gate,garage
bed,bedroom
belt,bolts
corn,cabbage
spider,beetle
squirrel,skunk
swimsuit,vest
pie,mushroom
duck,onions
elephant,giraffe
grenade,rifle
prune,raspberry
robe,shirt
wagon,truck
house,inn
camel,moose
coat,dress
gloves,slippers
corn,coconut
sandals,gloves
toaster,stove
rabbit,mink
hut,shed
orange,olive
tie,socks
rattlesnake,salamander
elephant,dolphin
sink,toilet
plug,stereo
bike,boat
guitar,keyboard
bra,jeans
camisole,pants
bear,caribou
basement,garage
coat,shirt
apartment,bedroom
plum,cheese
flea,wasp
submarine,missile
accordion,clarinet
fridge,cupboard
tie,dress
rope,bolts
saxophone,banjo
catfish,zebra
prune,raisin
grapefruit,lime
flute,accordion
avocado,peas
bra,blouse
dog,hamster
bottle,orange
cupboard,dishwasher
drill,pipe
pot,bowl
pencil,paintbrush
chicken,coconut
pigeon,woodpecker
canoe,yacht
cheetah,bison
sweater,gloves
saucer,bucket
gorilla,zebra
beans,cabbage
mole,frog
hawk,dove
pants,skirt
bomb,gun
duck,salmon
jacket,pants
trumpet,clarinet
pistol,knife
corn,banana
mackerel,eel
crocodile,cheetah
salmon,avocado
catfish,tuna
swimsuit,vest
blender,fridge
skirt,vest
pants,gloves
rattlesnake,beaver
robe,veil
seagull,pelican
mole,squirrel
bear,crocodile
bow,helmet
snail,wasp
gate,inn
cat,squirrel
sandals,gown
barn,owl
beans,tomato
chipmunk,otter
frog,owl
pen,knife
skirt,pants
trumpet,harmonica
dog,goat
alligator,eel
canoe,boat
calf,goat
bagpipe,harmonica
sink,bucket
thimble,spoon
boat,airplane
box,telephone
dandelion,celery
saxophone,banjo
raccoon,groundhog
snail,squid
screwdriver,crowbar
cherry,walnut
grape,tomato
crab,onions
elephant,bison
sink,tap
carpet,trousers
olive,parsley
woodpecker,oriole
ship,truck
gorilla,leopard
sack,wheelbarrow
guitar,flute
tiger,dolphin
toad,hamster
barrel,screws
helicopter,airplane
rake,comb
jar,lemon
salmon,chicken
toad,frog
lamp,candle
sailboat,yacht
accordion,saxophone
coat,socks
snail,cockroach
raft,balloon
hawk,parakeet
sailboat,yacht
fridge,dishwasher
plug,stereo
skunk,mink
gloves,jeans
bra,gown
jeans,shirt
robe,veil
helicopter,boat
pistol,barrel
mouse,pig
porcupine,bison
prune,blueberry
duck,tomato
bottle,pot
nightgown,skirt
mixer,faucet
cigar,pipe
shirt,shawl
pliers,knife
closet,shelves
sailboat,raft
cloak,drapes
shirt,trousers
raspberry,coconut
missile,harpoon
raccoon,groundhog
crocodile,goat
plum,tomato
orange,potato
jacket,dress
balloon,ball
elephant,donkey
razor,pencil
frog,salamander
cherry,cucumber
cat,hamster
cow,donkey
jacket,shawl
desk,table
bag,tray
orange,lime
trousers,vest
canoe,yacht
spear,grenade
turtle,clam
dolphin,turtle
crab,lemon
pants,dress
catfish,eel
corn,beans
gloves,jacket
eggplant,parsley
duck,chicken
dolphin,octopus
tie,jacket
mittens,pants
coat,socks
coat,shirt
scissors,spatula
sink,shelves
trousers,dress
pheasant,asparagus
pencil,screwdriver
coat,sweater
basement,cupboard
hawk,goose
coat,scarf
donkey,tiger
avocado,pear
ant,flea
sandals,jeans
salmon,asparagus
plate,pipe
cucumber,broccoli
scarf,gown
rattlesnake,snail
pajamas,slippers
pot,bottle
fridge,dishwasher
dresser,bookcase
coat,robe
skirt,dress
boat,yacht
camel,rabbit
sink,drain
plug,pin
pants,coat
cage,fence
necklace,pearl
leotards,pants
wagon,trailer
cage,barrel
seal,otter
swan,crane
porcupine,caribou
closet,door
mole,mouse
avocado,onions
strainer,tray
pumpkin,rhubarb
cod,squid
tuna,onions
nylons,socks
pants,boots
alligator,cockroach
pepper,lemon
vulture,stork
falcon,buzzard
frog,tortoise
spider,caterpillar
tomato,mushroom
cherry,spinach
rattlesnake,squirrel
cannon,grenade
mouse,hamster
skirt,sweater
camel,deer
bolts,rope
cow,cheese
shoes,bag
jacket,skirt
blouse,gown
grenade,cannon
belt,plate
clam,pumpkin
pyramid,brick
octopus,eel
pot,beans
bed,curtains
plug,tap
snail,frog
banner,umbrella
canoe,yacht
cherry,pumpkin
pony,cow
freezer,dishwasher
flute,saxophone
ambulance,truck
trout,lobster
dolphin,leopard
couch,bed
tie,trousers
tent,jacket
raspberry,pear
rattlesnake,crocodile
jar,pineapple
cantaloupe,rhubarb
tie,socks
bracelet,pearl
hook,pin
tuna,avocado
squirrel,deer
garlic,parsley
cupboard,shelves
blackbird,buzzard
pants,socks
chain,belt
catfish,salmon
bed,sofa
bed,bedroom
mittens,shawl
plate,wall
calf,pig
buggy,truck
apron,trousers
fridge,kettle
saddle,clamp
hawk,duck
prune,avocado
starling,dove
jeans,shoes
cucumber,potato
plate,barrel
saddle,bike
donkey,zebra
hawk,helicopter
hornet,jet
boots,sandals
toad,salamander
robe,skirt
dandelion,garlic
tuna,squid
bungalow,barn
flute,piano
mole,frog
boots,bag
jacket,socks
tent,bag
pen,bottle
parka,jacket
squirrel,rat
camel,rabbit
desk,cupboard
pony,saddle
bagpipe,banjo
bat,otter
dog,hamster
eggplant,tomato
skirt,pants
broom,spear
cod,spinach
lemon,celery
barn,bungalow
mink,otter
snail,squid
bike,car
keyboard,accordion
drill,barrel
corn,lettuce
mole,spider
coat,pants
pot,tomato
apron,blouse
screws,pin
avocado,beans
salmon,lobster
couch,stool
strawberry,peach
pigeon,partridge
telephone,ring
shoes,skirt
spider,cat
corn,banana
frog,deer
missile,harpoon
mat,rope
fan,rock
pan,potato
turtle,squirrel
chipmunk,raccoon
garlic,cabbage
rabbit,potato
zucchini,celery
bra,vest
corn,banana
microwave,oven
jacket,pants
shirt,coat
bike,skateboard
crow,crane
bike,boat
airplane,jet
cap,scarf
pen,pencil
pepper,tomato
ship,submarine
spider,moth
escalator,elevator
robe,curtains
tangerine,pineapple
bottle,spoon
trombone,clarinet
butterfly,crocodile
camel,crocodile
saucer,bowl
shoes,gown
piano,banjo
pipe,hose
butterfly,crocodile
brush,tray
cod,asparagus
tangerine,carrot
screwdriver,chisel
mixer,stereo
parakeet,starling
saxophone,violin
freezer,oven
caterpillar,snail
sweater,jeans
corn,carrot
duck,garlic
coat,dress
vulture,starling
pencil,brush
rabbit,bear
trousers,socks
corn,beans
crab,cod
sandals,gown
mushroom,cucumber
elephant,zebra
buggy,cart
pants,jeans
napkin,pillow
gown,sweater
subway,trolley
rocket,bomb
falcon,stork
jeans,skirt
pepper,avocado
bowl,cup
tank,gun
pants,shoes
gloves,shoes
basement,cupboard
radio,magazine
raccoon,frog
plum,avocado
cat,sheep
crayon,paintbrush
ring,wheel
sack,jacket
owl,sparrow
jeans,socks
eagle,falcon
corn,peas
bra,vest
kite,vulture
bagpipe,tuba
bolts,wheel
camel,moose
screwdriver,spatula
corn,onions
crab,chicken
wrench,hammer
tiger,giraffe
desk,tray
jeans,gown
bagpipe,trombone
rattlesnake,alligator
cat,deer
tomato,parsley
tangerine,pineapple
hose,drain
beans,onions
iguana,alligator
belt,boots
seagull,pheasant
fawn,blouse
panther,cheetah
lamp,lantern
tuna,onions
catfish,crab
skis,canoe
seagull,stork
kettle,microwave
saddle,bike
toad,duck
belt,plate
orange,coconut
mushroom,celery
saucer,tray
hawk,raven
robe,scarf
seal,coat
tray,brush
thimble,scissors
necklace,emerald
trousers,socks
eggplant,broccoli
hut,tent
beetle,flea
coat,skirt
microwave,toaster
avocado,cucumber
blender,fridge
cat,hamster
blouse,jeans
tank,armour
blender,spoon
hawk,crow
toad,beetle
saxophone,tuba
candle,cigar
pepper,spinach
mink,deer
jacket,gown
octopus,crab
wheelbarrow,wagon
chipmunk,alligator
gun,missile
raccoon,porcupine
jar,pot
mole,frog
belt,trousers
rabbit,elephant
wheel,bolts
hawk,goose
spider,crab
oven,kettle
rattlesnake,elk
cap,helmet
pants,sweater
tent,trailer
stereo,mixer
screwdriver,pliers
pumpkin,asparagus
rabbit,sheep
peach,blueberry
scissors,screwdriver
bed,curtains
crossbow,bolts
robe,sweater
falcon,pigeon
pants,jacket
iguana,crocodile
skirt,blouse
gown,shawl
typewriter,keyboard
stereo,plug
catfish,eel
keyboard,harp
shoes,dress
rattlesnake,squirrel
celery,pumpkin
snail,clam
mittens,socks
cap,sweater
cougar,caribou
grape,pineapple
cucumber,pineapple
basement,garage
spider,butterfly
bedroom,apartment
salmon,tomato
screwdriver,paintbrush
tie,cup
chimp,tortoise
flute,violin
prune,tomato
sailboat,boat
cat,goat
bow,hook
prune,nectarine
turtle,clam
pheasant,ostrich
onions,beans
raspberry,plum
flute,tuba
kite,falcon
cabin,airplane
candle,cigar
wall,cupboard
bear,moose
keyboard,violin
fridge,cupboard
pan,potato
razor,rope
panther,cat
barn,house
shoes,pants
robe,curtains
broom,spade
rocket,parsley
raccoon,cougar
tiger,whale
dishwasher,toilet
clam,mushroom
turtle,pigeon
shoes,socks
piano,drum
zucchini,broccoli
robe,skirt
bag,jacket
toad,beetle
elephant,gorilla
tray,bag
swimsuit,bra
boots,skirt
plug,tap
panther,leopard
ship,yacht
typewriter,keyboard
skirt,vest
clam,turtle
alligator,whale
missile,grenade
onions,celery
snail,rattlesnake
microwave,freezer
jeans,boots
sack,bag
scarf,necklace
orange,plum
catfish,cod
pants,gloves
typewriter,keyboard
trousers,socks
eggplant,pumpkin
chandelier,lantern
moose,goat
bear,crocodile
pants,shoes
bed,bag
eggplant,radish
rat,mole
lobster,octopus
elephant,tiger
cow,cheese
elephant,cow
pear,pumpkin
chipmunk,hamster
rabbit,cow
bed,carpet
bear,moose
socks,trousers
cantaloupe,beets
box,telephone
raft,balloon
cloak,dress
cat,hamster
seagull,hornet
plum,pepper
elephant,camel
grater,spoon
jeans,vest
lamp,lantern
closet,freezer
bowl,pan
raccoon,fawn
ring,plate
level,certificate
robe,cloak
pigeon,oriole
bike,boat
cow,deer
sandals,sweater
blouse,dress
oven,bread
saddle,rope
cat,mouse
cow,pony
snail,spider
camisole,gown
rat,mouse
jacket,scarf
cushion,bag
pot,tray
rattlesnake,crocodile
bra,shoes
surfboard,canoe
pot,pan
blender,spoon
cat,sheep
screwdriver,scissors
bra,vest
rat,pig
lime,coconut
coat,gloves
toaster,oven
bat,toad
boots,socks
blouse,jacket
ox,buffalo
belt,buckle
grenade,pistol
frog,squirrel
comb,rake
door,cupboard
hut,fence
hawk,crow
hut,tent
crocodile,elk
rattlesnake,gopher
corn,broccoli
toilet,fridge
mouse,hamster
rocket,garlic
pepper,olive
hose,rope
couch,bed
pants,socks
dandelion,carrot
shoes,bag
deer,bison
toad,rat
shirt,skirt
orange,cucumber
hawk,duck
tangerine,strawberry
vulture,eagle
bow,tie
eggplant,cauliflower
scarf,socks
beetle,spider
grapefruit,pineapple
chimp,hamster
elephant,goat
mink,coyote
cushion,carpet
flea,cat
crab,tuna
boat,train
blender,dishwasher
wrench,barrel
frog,turtle
hook,clamp
pliers,screwdriver
celery,avocado
cucumber,garlic
rattlesnake,iguana
bra,shirt
prune,raisin
saddle,wheel
flute,banjo
coat,skirt
catfish,eel
ox,elk
broom,spade
blender,dishwasher
spider,butterfly
jeans,dress
pencil,brush
pan,garlic
crocodile,whale
shoes,boots
boat,ship
vulture,woodpecker
pie,beans
accordion,banjo
sink,drain
bra,shoes
frog,catfish
pliers,bolts
duck,asparagus
fork,tongs
onions,carrot
dress,pants
bathtub,fridge
lamp,mirror
balloon,rocket
mink,deer
coat,skirt
fan,rock
apple,pie
surfboard,scooter
jeans,sweater
zebra,giraffe
cabin,hut
vest,sweater
cage,wheel
wall,marble
orange,garlic
football,cup
belt,jacket
pan,dish
swimsuit,sandals
camel,calf
cap,apron
tray,bag
corn,potato
partridge,hare
strawberry,coconut
vest,blouse
honeydew,nectarine
microwave,dishwasher
bag,bucket
sink,shelves
elk,cougar
mat,bag
olive,parsley
brick,building
orange,cherry
canoe,sailboat
squid,shrimp
kettle,stove
cucumber,radish
crab,shrimp
prune,pear
candle,cigarette
wrench,tap
cantaloupe,beans
jacket,scarf
snail,clam
rocket,airplane
panther,bear
accordion,whistle
skirt,sweater
falcon,hornet
pot,mug
rabbit,chicken
rooster,frog
camel,bull
napkin,gown
blouse,skirt
avocado,cabbage
cherry,raspberry
dog,elephant
corn,cabbage
cherry,avocado
rabbit,dog
orange,peach
strainer,ladle
pants,sweater
bed,cottage
tomato,cheese
trout,shrimp
elephant,zebra
gloves,boots
piano,trumpet
goat,duck
stereo,plug
onions,celery
cod,asparagus
ant,crab
cod,lobster
zucchini,spinach
coat,trousers
hose,bolts
mittens,pajamas
tomato,peas
chicken,tuna
saxophone,accordion
turtle,rabbit
fan,rock
cap,dress
razor,scissors
camel,bull
lamp,mirror
rattlesnake,turtle
crocodile,tortoise
chipmunk,beaver
drill,wheel
tie,cup
jar,tomato
buggy,scooter
dog,rabbit
avocado,pineapple
shirt,socks
apartment,house
skunk,fox
elephant,turtle
jacket,cloak
blender,garlic
calf,cow
toilet,freezer
celery,lettuce
wheelbarrow,cart
pen,knife
cage,door
trumpet,banjo
corn,pumpkin
gate,fence
prune,peach
trousers,scarf
giraffe,cheetah
gun,barrel
plate,pipe
cod,potato
bottle,spoon
turtle,snail
tortoise,cat
onions,garlic
bra,vest
cat,rabbit
kettle,fridge
eel,catfish
porcupine,raccoon
cheetah,leopard
blackbird,woodpecker
dolphin,tiger
balloon,helicopter
sink,tap
donkey,bull
wall,stone
coat,blouse
rabbit,pig
mittens,earmuffs
kettle,tray
pants,dress
ant,crab
apron,robe
onions,cucumber
mug,bracelet
rooster,pheasant
trumpet,trombone
crab,mushroom
owl,squirrel
camel,donkey
brush,knife
scooter,buggy
bra,jeans
cougar,tiger
robe,curtains
cockroach,worm
jacket,gown
lamp,stove
rattlesnake,snail
avocado,parsley
pistol,grenade
squirrel,cat
bow,sword
tray,bucket
skirt,jeans
piano,drum
tie,blouse
rattlesnake,coyote
pants,skirt
mixer,faucet
orange,pepper
cupboard,door
pony,dog
pear,walnut
crab,cucumber
mat,tray
bison,deer
cheetah,hyena
raccoon,cougar
clam,shrimp
hawk,helicopter
cage,rabbit
onions,peas
rabbit,potato
pants,trousers
grapefruit,pineapple
jacket,pants
bed,cottage
elephant,bull
crocodile,deer
olive,potato
tank,wheel
cow,donkey
tank,shell
rattlesnake,turtle
elephant,leopard
skirt,dress
boots,slippers
lantern,helmet
shirt,jeans
trout,eel
parakeet,oriole
accordion,guitar
strainer,hose
beets,asparagus
stereo,mixer
basement,apartment
pencil,pen
mole,beaver
tangerine,blueberry
plug,tap
belt,boots
wrench,drill
balloon,ball
colander,tray
hut,shack
shirt,robe
inn,church
chicken,asparagus
bike,truck
tuna,squid
tank,gun
paintbrush,screwdriver
platypus,crocodile
swimsuit,leotards
bed,door
wheelbarrow,bucket
screws,wrench
corn,coconut
prune,raspberry
orange,pineapple
brick,marble
cat,dog
pants,jacket
cod,crab
onions,broccoli
chimp,donkey
jeans,skirt
pajamas,slippers
sailboat,raft
cellar,garage
whip,bat
belt,rope
skirt,trousers
trousers,socks
woodpecker,pigeon
helicopter,jet
scissors,screws
pin,buckle
camel,zebra
shoes,bag
door,brick
saucer,bowl
hose,rope
gate,house
prune,pineapple
prune,lemon
turtle,sparrow
squirrel,elephant
saucer,balloon
belt,gloves
octopus,shrimp
gate,garage
cherry,orange
barn,cottage
bed,toilet
blouse,vest
vulture,buzzard
scarf,tie
plum,raisin
drill,bolts
crayon,brush
beans,corn
pants,skirt
elevator,door
camel,zebra
grape,peach
bra,dress
ox,donkey
saucer,spatula
coat,gloves
dresser,walnut
doll,necklace
ship,helicopter
lime,plum
revolver,bullet
cloak,shirt
porcupine,skunk
orange,coconut
bra,socks
bra,vest
jacket,shirt
tortoise,spider
bison,elephant
jacket,robe
broccoli,spinach
donkey,deer
vest,dress
cherry,apple
scissors,pencil
paintbrush,crayon
crocodile,whale
crocodile,ostrich
closet,dresser
barrel,muzzle
salmon,avocado
tie,skirt
elephant,giraffe
tie,scarf
butterfly,wasp
pan,spoon
plug,hose
bag,basket
grape,grapefruit
raspberry,cheese
elephant,crocodile
salmon,bread
eggplant,celery
brush,coat
swimsuit,vest
trousers,sweater
camisole,dress
elephant,walrus
turtle,duck
corn,cabbage
duck,pig
cage,hamster
elephant,goat
bed,pine
squid,crab
grape,blueberry
tray,oven
ring,bracelet
vulture,owl
olive,cucumber
necklace,pearl
walrus,bison
kettle,cupboard
eel,cod
hare,otter
kettle,dishwasher
mittens,sweater
corn,spinach
cage,fence
beans,celery
cherry,grapefruit
seagull,peacock
cherry,asparagus
pan,skillet
necklace,chandelier
corn,asparagus
camel,deer
barrel,pistol
razor,hook
subway,bus
spider,crab
beets,lettuce
magazine,radio
dresser,sofa
pot,cheese
jacket,blouse
pan,skillet
tie,shirt
rabbit,squirrel
couch,curtains
shirt,dress
elephant,gorilla
trumpet,saxophone
bedroom,bed
jeans,dress
scissors,razor
eagle,buzzard
pipe,rope
rope,wheel
squirrel,fox
fawn,sweater
parakeet,owl
razor,pliers
mackerel,sardine
eggplant,asparagus
salmon,pepper
tuna,cheese
cherry,banana
turtle,elephant
freezer,sink
ant,rat
cantaloupe,celery
frog,squirrel
mouse,bat
eagle,sparrow
plate,tray
gorilla,tortoise
flute,trumpet
chandelier,lantern
mouse,cat
sweater,gown
owl,woodpecker
skirt,robe
bow,dress
robe,jacket
cage,barrel
radio,stereo
catfish,tuna
seagull,vulture
pepper,cabbage
peach,pineapple
corn,coconut
swimsuit,sandals
crossbow,bazooka
hose,clamp
blender,colander
porcupine,elk
coat,robe
clarinet,guitar
mole,spider
spear,bow
jeans,skirt
toad,rabbit
trousers,vest
prune,pear
avocado,garlic
dolphin,whale
thermometer,tray
garlic,parsley
raccoon,beaver
boat,truck
pie,dish
plum,cucumber
garlic,cabbage
dolphin,boat
skis,bike
apron,shawl
buggy,jeep
lamp,stove
pencil,scissors
cod,tomato
saxophone,piano
toad,beetle
whip,knife
catfish,mackerel
sink,cupboard
rattlesnake,salamander
socks,mittens
socks,shoes
zucchini,cauliflower
snail,crab
dress,curtains
blender,parsley
shoes,pants
belt,buckle
jeans,vest
mink,elk
oven,microwave
boat,raft
olive,cheese
belt,skirt
shoes,pants
vest,dress
chimp,rabbit
elephant,elk
helicopter,boat
pear,plum
avocado,cauliflower
elephant,gorilla
raspberry,banana
bra,gown
duck,goose
mole,beaver
church,chapel
jeans,gloves
rooster,hamster
spatula,rake
falcon,pelican
pumpkin,spinach
jacket,blouse
bra,socks
strawberry,cherry
radio,magazine
owl,crow
chimp,rabbit
apron,scarf
lobster,salmon
pants,boots
vest,trousers
microwave,dishwasher
sink,tray
tractor,trailer
vulture,woodpecker
rattlesnake,beaver
catfish,shrimp
duck,tomato
barn,oak
dog,cow
hornet,hawk
trombone,flute
screwdriver,pencil
socks,vest
catfish,shrimp
moose,squirrel
cod,asparagus
trumpet,flute
shoes,jeans
mug,bracelet
tuna,garlic
kite,falcon
closet,shelves
dresser,pine
coat,gown
tomato,celery
trout,shrimp
starling,pigeon
closet,dresser
worm,spider
grape,strawberry
elevator,truck
rattlesnake,snail
crab,cheese
cherry,carrot
blouse,shawl
pipe,tank
scooter,car
vest,gloves
jeans,pants
elk,buffalo
barrel,bolts
prune,cranberry
ring,rope
drill,screws
swimsuit,pajamas
eggplant,broccoli
trombone,cello
kettle,blender
bracelet,pearl
worm,beetle
balloon,rope
camel,sheep
coat,sweater
bra,jacket
helicopter,ship
hawk,eagle
necklace,chandelier
apron,cloak
chain,rope
skyscraper,building
necklace,dress
spider,octopus
blender,garlic
broccoli,eggplant
trousers,skirt
pear,nectarine
jacket,scarf
eagle,deer
duck,pig
scooter,buggy
cow,cheese
fork,tray
belt,apron
corn,cauliflower
jar,tomato
wheel,bike
chandelier,candle
bolts,wheel
hut,house
walrus,hyena
jeans,shirt
prune,tomato
inn,bridge
elephant,donkey
stool,bucket
coat,scarf
cabinet,bookcase
bag,cushion
crab,pineapple
turtle,whale
olive,asparagus
rope,hook
bra,vest
saxophone,violin
robe,veil
lime,parsley
bike,skis
corn,pepper
mouse,cat
bagpipe,cello
radio,stereo
shirt,robe
plum,pumpkin
snail,crab
elephant,turtle
dandelion,rhubarb
hose,bolts
bike,trolley
pumpkin,coconut
cat,elephant
bed,toilet
spider,worm
catfish,shrimp
bat,ball
camel,pony
robe,blouse
wasp,flea
bedroom,bungalow
seagull,pelican
coin,bracelet
peach,lemon
bottle,tray
tent,bag
raccoon,skunk
pear,peach
colander,skillet
cushion,skirt
toad,duck
bat,otter
tie,blouse
crayon,paintbrush
hawk,helicopter
trumpet,clarinet
pumpkin,garlic
ship,yacht
corn,potato
cat,spider
leopard,hyena
tray,brush
cherry,cucumber
raisin,pear
plum,cranberry
crossbow,catapult
screws,barrel
rattlesnake,squirrel
belt,pants
lobster,mackerel
cupboard,closet
saxophone,cello
raccoon,mink
corn,bread
cheetah,tiger
jeans,skirt
blender,kettle
woodpecker,buzzard
shoes,pants
bow,bolts
prune,strawberry
saxophone,accordion
saucer,spoon
shirt,trousers
apartment,house
tray,cupboard
tangerine,coconut
owl,frog
apartment,cottage
trumpet,flute
bottle,jar
garlic,peas
tangerine,cherry
basement,apartment
pepper,broccoli
mole,toad
gate,cottage
elephant,rabbit
building,chapel
flute,trombone
keyboard,mouse
cage,rope
bra,socks
apple,cranberry
rope,hose
camel,gorilla
spider,squirrel
pheasant,deer
grapefruit,lime
fawn,blouse
mushroom,potato
skirt,sweater
microwave,freezer
raccoon,alligator
tie,trousers
eggplant,onions
rabbit,squirrel
bra,gown
skis,boots
pot,spoon
cap,sweater
pants,dress
broccoli,turnip
moose,cougar
trousers,gloves
skirt,shirt
mink,elk
basement,brick
nightgown,sweater
mackerel,asparagus
flute,harpsichord
robe,trousers
beets,avocado
jeans,sweater
mole,fox
pear,lemon
octopus,squid
raccoon,fawn
crab,clam
pants,gloves
gun,bullet
pony,horse
plum,lemon
blouse,trousers
peach,cranberry
rattlesnake,salamander
eggplant,radish
elephant,zebra
grapefruit,cranberry
grapefruit,pear
eagle,hawk
bookcase,desk
cherry,blueberry
rattlesnake,elk
perch,eel
sink,microwave
buggy,tricycle
saddle,tack
mushroom,carrot
cabin,apartment
radio,rock
raspberry,blueberry
hose,drain
saxophone,guitar
goldfish,hamster
pants,boots
hawk,buzzard
tiger,buffalo
iguana,dolphin
cow,bison
tie,shirt
avocado,pumpkin
gown,jacket
dolphin,walrus
plum,rhubarb
dolphin,octopus
hawk,stork
elevator,truck
trousers,scarf
walrus,lion
cod,garlic
mole,otter
nectarine,raspberry
chain,rope
tomato,coconut
guitar,banjo
wheelbarrow,truck
camel,crocodile
camel,cow
basement,cupboard
catfish,crab
orange,banana
pistol,cannon
rattlesnake,elk
sandals,sweater
groundhog,raccoon
skirt,jeans
spider,squirrel
trout,lobster
garlic,beans
paintbrush,pencil
pants,shirt
missile,rocket
raisin,rhubarb
pot,lemon
mug,ashtray
toad,rabbit
wall,brick
pine,willow
shoes,pants
leopard,alligator
eel,trout
zucchini,turnip
brush,pencil
caribou,mink
rattlesnake,beaver
trousers,skirt
jeans,skirt
crow,squirrel
hawk,goose
plum,walnut
saucer,balloon
leopard,otter
mole,mink
panther,falcon
rabbit,cat
elephant,elk
rattlesnake,gopher
razor,chisel
trombone,accordion
parakeet,owl
razor,screwdriver
certificate,level
mittens,jacket
mackerel,squid
clarinet,flute
porcupine,mink
flute,clarinet
tape,stereo
eggplant,peas
hawk,dove
gun,grenade
coat,cloak
socks,jacket
mittens,boots
butterfly,wasp
sheep,bison
tiger,deer
cannon,pistol
panther,hawk
jacket,trousers
ant,cockroach
corn,pumpkin
sack,bottle
salmon,eel
olive,lime
guitar,trombone
robe,dress
bathtub,cupboard
cushion,jacket
trousers,gown
camel,rabbit
squid,cod
wheel,bike
vest,scarf
vulture,stork
corn,rice
apartment,bedroom
sink,toaster
bungalow,apartment
napkin,pillow
bike,jeep
trousers,dress
corn,banana
corn,broccoli
typewriter,pencil
hawk,hornet
hare,otter
iguana,turtle
bag,boots
balloon,ball
seagull,sparrow
blouse,gown
hawk,moth
cathedral,chapel
pan,pot
onions,cheese
vest,pants
rocket,gun
pants,gloves
pants,blouse
lamp,mirror
microwave,kettle
rabbit,hamster
kettle,pot
rattlesnake,crocodile
turtle,dove
cedar,birch
pan,tray
razor,corkscrew
trailer,wheel
rifle,grenade
beehive,brick
orange,olive
crocodile,bison
trailer,trolley
buggy,wagon
balloon,saucer
squid,salmon
wheelbarrow,jeep
bag,pants
robe,dress
prune,rhubarb
gate,garage
leopard,panther
mackerel,salmon
door,curtains
rattlesnake,gopher
napkin,shirt
tank,rocket
shirt,skirt
cherry,garlic
bike,skis
dresser,stool
pot,lemon
gown,shirt
cannon,shotgun
jacket,sweater
shirt,gown
camel,moose
bat,hawk
pliers,hammer
frog,catfish
vulture,kite
tiger,pig
hook,buckle
bread,beans
stereo,tape
necklace,chandelier
rattlesnake,iguana
pin,barrel
vulture,duck
swimsuit,leotards
wheel,barrel
rope,screws
pot,bucket
keyboard,clarinet
nectarine,strawberry
crab,garlic
pliers,screws
kettle,spoon
rabbit,potato
catfish,lobster
ant,wasp
cigarette,lamp
hornet,hawk
frog,cat
scissors,gloves
scooter,skateboard
piano,guitar
cupboard,freezer
jeans,shoes
pants,shirt
rabbit,mink
bike,truck
shoes,gloves
house,chapel
jeans,coat
cow,deer
cougar,buffalo
eagle,dove
doll,gown
camisole,blouse
necklace,dress
apple,pineapple
ox,caribou
napkin,mug
vulture,pigeon
tangerine,lime
scarf,robe
pants,blouse
corn,onions
gate,church
door,cupboard
eagle,woodpecker
tiger,horse
elephant,dog
wheel,barrel
crocodile,buffalo
elephant,tiger
eggplant,cucumber
belt,wheel
rabbit,pheasant
pan,pepper
spear,hook
vulture,parakeet
orange,lemon
pickle,celery
spatula,shovel
bed,carpet
helicopter,submarine
sofa,carpet
rabbit,rat
swimsuit,pajamas
vest,socks
wrench,screwdriver
scarf,pants
olive,coconut
mug,tray
cage,bucket
belt,helmet
skirt,scarf
apartment,cabin
camisole,sweater
jacket,gown
shirt,socks
crab,pineapple
pan,garlic
camisole,shirt
mole,hare
sack,jacket
apple,bread
necklace,bracelet
cupboard,fridge
saucer,mug
bag,rope
chandelier,lantern
pants,socks
plate,wall
belt,gloves
garlic,carrot
seal,bag
stereo,mixer
owl,dove
lamb,dish
vulture,pigeon
cap,coat
candle,chandelier
tiger,catfish
belt,shoes
cherry,lime
garlic,celery
crab,lemon
orange,pepper
rattle,whistle
hare,squirrel
jeans,vest
raccoon,coyote
submarine,boat
jar,bottle
trout,tuna
elephant,dolphin
boat,helicopter
octopus,cod
faucet,sink
broccoli,pepper
envelope,bag
jacket,scarf
boots,dress
crocodile,bison
crab,onions
rabbit,pigeon
minnow,eel
trailer,truck
elephant,squirrel
whale,turtle
cannon,gun
sweater,scarf
banner,shield
caterpillar,beetle
prune,grapefruit
goat,bread
balloon,jet
crossbow,spear
vulture,owl
blouse,shawl
paintbrush,pen
squid,tuna
spider,frog
vulture,kite
screwdriver,shovel
calf,bull
lemon,celery
dog,pony
dandelion,carrot
elevator,airplane
porcupine,squirrel
bed,bedroom
pen,pencil
pigeon,chicken
banner,cloak
pliers,knife
garlic,celery
balloon,saucer
orange,potato
cucumber,celery
hut,stone
caribou,hyena
mittens,boots
robe,sweater
spider,butterfly
rake,spatula
frog,crab
raven,crane
garlic,carrot
lime,cheese
trumpet,guitar
freezer,toaster
swimsuit,gown
pliers,clamp
ox,duck
orange,cranberry
flute,harp
pear,blueberry
hare,mink
helicopter,boat
doll,bag
eggplant,avocado
wrench,buckle
celery,cauliflower
boots,bag
rattlesnake,elk
clam,snail
gown,coat
skunk,cat
bed,curtains
pants,socks
worm,flea
pan,spoon
plug,clamp
shoes,socks
broccoli,lettuce
grapefruit,banana
shotgun,barrel
jacket,socks
olive,chicken
vulture,woodpecker
eggplant,zucchini
olive,pepper
elevator,airplane
swimsuit,bra
missile,tomahawk
bison,ox
zebra,crocodile
bed,bedroom
bike,scooter
jacket,shoes
skirt,gown
submarine,helicopter
shirt,pants
cottage,bedroom
closet,dresser
pencil,knife
camisole,vest
orange,cheese
rabbit,pheasant
jacket,dress
hornet,falcon
cannon,rocket
gate,chapel
seal,bolts
bed,pillow
comb,brush
dolphin,walrus
kettle,sink
honeydew,nectarine
panther,squirrel
tricycle,buggy
gate,cottage
cherry,pineapple
gate,bridge
bra,gown
pie,spinach
strainer,sink
belt,skirt
sink,fridge
broom,willow
trumpet,violin
building,house
coat,gown
calf,ox
falcon,hawk
gorilla,bison
rabbit,duck
mixer,stereo
fridge,stove
tuna,chicken
magazine,book
bra,jeans
tie,socks
cherry,coconut
trout,salmon
hawk,moth
bike,trolley
kettle,cupboard
celery,turnip
shirt,sweater
veil,skirt
mole,spider
bag,sack
cow,deer
jacket,socks
falcon,duck
balloon,saucer
walrus,turtle
porcupine,beaver
tricycle,scooter
toad,rabbit
frog,squirrel
bouquet,lemon
whale,elephant
drill,screwdriver
mug,spoon
tuba,clarinet
pajamas,slippers
pen,bottle
peach,rhubarb
cherry,raspberry
necklace,scarf
rattlesnake,iguana
jacket,robe
raccoon,alligator
raccoon,crocodile
jeans,shoes
worm,shrimp
blouse,scarf
faucet,mixer
sink,dishwasher
ant,wasp
tent,rope
wheel,plate
plug,pipe
cod,shrimp
eagle,kite
gate,fence
helicopter,jet
pot,bucket
mushroom,cabbage
tank,hose
rat,spider
peach,coconut
helicopter,submarine
chicken,rice
celery,cabbage
olive,cucumber
shoes,trousers
butterfly,moth
leopard,frog
mug,jar
prune,asparagus
blackbird,crow
tie,socks
lemon,onions
saxophone,harp
cat,cow
seagull,eagle
swimsuit,leotards
pear,apple
cheetah,gorilla
plate,dish
shoes,sandals
prune,banana
train,truck
rabbit,lamb
pan,spinach
plate,barrel
couch,stool
shoes,socks
corn,beans
napkin,nightgown
salmon,spinach
onions,pepper
pan,oven
skirt,blouse
skunk,flea
coat,gloves
shoes,jeans
olive,spinach
dandelion,rhubarb
parakeet,starling
boat,truck
screwdriver,hammer
prune,cranberry
skis,skateboard
cherry,rhubarb
chicken,cabbage
balloon,airplane
scissors,knife
corn,pineapple
buggy,skateboard
camisole,shirt
jacket,shoes
pajamas,nightgown
mouse,cat
tank,wheel
flute,trombone
sack,bag
beetle,wasp
jacket,bag
balloon,ball
fridge,sink
mat,carpet
keyboard,cello
cap,pants
jeans,socks
telephone,ring
chicken,cabbage
lamp,candle
camisole,skirt
jeans,blouse
napkin,shirt
ant,worm
brush,pen
belt,apron
sink,toaster
rocket,jet
tank,truck
rooster,crow
pigeon,hawk
leopard,gorilla
stove,oven
robe,pants
umbrella,trousers
squid,spinach
porcupine,raccoon
skirt,cloak
tortoise,rabbit
radio,microwave
pliers,chisel
calf,bull
salmon,tomato
blackbird,grasshopper
pickle,cranberry
corn,bread
scooter,motorcycle
blouse,shirt
blouse,skirt
bike,tractor
screwdriver,wrench
gorilla,pig
orange,apple
tricycle,buggy
toaster,blender
eagle,deer
leopard,zebra
belt,jacket
elephant,donkey
orange,garlic
crossbow,rifle
pen,stick
cat,goat
crocodile,tiger
rabbit,pheasant
scarf,shawl
grater,corkscrew
hook,hose
camisole,sweater
elephant,camel
prune,asparagus
celery,parsley
leopard,cheetah
piano,harmonica
scissors,razor
skirt,shawl
brick,marble
lobster,asparagus
wheelbarrow,buggy
sack,bucket
camel,goat
dresser,bookcase
owl,blackbird
mixer,faucet
cat,rat
wrench,clamp
lemon,onions
robe,drapes
prune,pear
bagpipe,flute
apartment,bedroom
minnow,perch
trousers,coat
apron,curtains
trout,lobster
seagull,buzzard
boat,helicopter
paintbrush,pen
broom,spear
certificate,level
shoes,dress
crab,asparagus
rattlesnake,snail
camel,elk
stove,cupboard
pigeon,starling
jeans,socks
bag,bottle
tank,pipe
mouse,frog
tuna,garlic
stereo,plug
pumpkin,onions
crab,mushroom
pants,vest
snail,spider
closet,freezer
raspberry,rhubarb
salmon,potato
kettle,bucket
skirt,shawl
hawk,vulture
shoes,skirt
cloak,blouse
cabin,cottage
garlic,beans
boat,canoe
cellar,basement
mackerel,asparagus
corn,spinach
skirt,shawl
rattlesnake,iguana
veil,curtains
spear,hatchet
dog,cat
doorknob,ashtray
kettle,blender
jeans,vest
duck,pigeon
shotgun,crossbow
spider,squirrel
tie,blouse
prune,strawberry
giraffe,buffalo
trumpet,whistle
spider,cat
corn,garlic
pants,blouse
trousers,skirt
bread,spinach
screws,clamp
pear,celery
hut,barn
camisole,sweater
apple,blueberry
tie,rope
belt,rope
blender,freezer
coat,gloves
deer,beaver
faucet,bathtub
saddle,rope
pot,potato
stereo,tape
celery,potato
tank,wheel
skirt,shirt
tomato,beans
pot,tomato
coat,trousers
hose,clamp
butterfly,bat
hose,clamp
clock,keyboard
pliers,chisel
rabbit,cat
rattlesnake,elk
sink,microwave
screws,pipe
pear,lime
tiger,otter
cod,eel
camisole,dress
piano,trumpet
squirrel,raccoon
drill,wheel
dresser,sofa
cantaloupe,cauliflower
tank,pipe
pumpkin,peas
pipe,plate
corn,carrot
rope,belt
apartment,building
barn,garage
screws,bolts
scooter,jeep
dog,cow
bouquet,lemon
screws,drill
toaster,fridge
shoes,trousers
cloak,scarf
cat,rabbit
vest,gloves
goldfish,trout
bra,vest
celery,peas
rabbit,duck
prune,lemon
cap,robe
raccoon,deer
boots,socks
cap,shield
sack,bottle
hornet,falcon
caribou,deer
parakeet,dove
skirt,cloak
rabbit,donkey
rabbit,dog
raft,jeep
skirt,shirt
beans,rice
kite,stork
bike,skis
orange,cranberry
corn,bread
spatula,spade
blender,garlic
saxophone,flute
grape,blueberry
shoes,gloves
jacket,dress
flea,dog
toad,goat
balloon,airplane
crab,tomato
gorilla,hamster
door,wall
duck,lamb
belt,apron
celery,asparagus
frog,deer
rabbit,cabbage
candle,tray
ring,box
rope,screws
bow,sword
cannon,shotgun
cherry,banana
veil,drapes
bag,coat
cathedral,church
tank,gun
trumpet,harpsichord
spider,octopus
blender,avocado
mackerel,asparagus
elephant,bison
elephant,hyena
rattlesnake,salamander
elephant,walrus
sofa,bed
tank,cannon
turtle,dove
blackbird,oriole
elephant,goat
mushroom,pumpkin
hawk,stork
cherry,tomato
plate,tray
falcon,pigeon
bagpipe,clarinet
bed,pillow
tangerine,banana
brush,stick
saxophone,accordion
hawk,eagle
coat,robe
chandelier,candle
corn,carrot
raccoon,frog
goldfish,shrimp
apron,skirt
pine,lime
cherry,pineapple
trailer,boat
elephant,buffalo
eel,squid
blouse,scarf
wheelbarrow,shovel
turtle,whale
clarinet,tuba
cherry,cheese
elephant,camel
coat,robe
snail,worm
cloak,robe
orange,rhubarb
apple,garlic
spider,moth
orange,rhubarb
peach,lime
whip,axe
turtle,alligator
duck,partridge
paintbrush,screwdriver
balloon,boat
sheep,deer
rope,hook
camel,gorilla
helicopter,ship
ring,plate
pear,cheese
missile,bomb
grapefruit,banana
trousers,blouse
gown,curtains
cod,garlic
tricycle,unicycle
elephant,squirrel
sandals,socks
typewriter,paintbrush
pin,bolts
sink,shelves
clock,lamp
bike,car
coat,gloves
beetle,ant
scissors,tongs
tray,spoon
limousine,wagon
gown,jeans
chain,boots
cat,elephant
elephant,turtle
blender,spoon
carpet,sofa
mouse,bat
shoes,slippers
church,house
eagle,goose
door,brick
fridge,freezer
camisole,dress
leopard,squirrel
duck,salmon
wheel,screws
owl,pigeon
trumpet,cello
toad,rattlesnake
helicopter,airplane
prune,pineapple
pigeon,parakeet
dress,robe
sheep,rabbit
saxophone,clarinet
bat,ball
porcupine,deer
chicken,cheese
prune,cherry
eggplant,potato
rat,goat
crayon,pen
deer,rabbit
wheelbarrow,sled
squirrel,otter
fork,spoon
necklace,emerald
nightgown,scarf
bow,skirt
skirt,coat
hut,shed
camel,elk
gown,trousers
beets,peas
tank,barrel
orange,cucumber
rooster,duck
raft,sailboat
lobster,cod
pants,shoes
swimsuit,dress
rattlesnake,coyote
tuba,flute
rooster,raven
skunk,flea
mushroom,chicken
duck,garlic
cottage,chapel
sink,toaster
elephant,crocodile
crocodile,zebra
blouse,gown
shoes,jacket
trousers,shoes
parakeet,dove
kite,balloon
apartment,bungalow
beans,spinach
wasp,ant
pine,birch
falcon,owl
onions,carrot
cap,bag
camisole,robe
apron,sweater
necklace,bracelet
moth,flea
grapefruit,tomato
coin,barrel
menu,keyboard
avocado,broccoli
elephant,horse
grape,cranberry
tie,dress
clarinet,piano
gun,knife
blender,toaster
prune,banana
corn,avocado
tiger,turtle
beans,cauliflower
crab,garlic
garlic,cauliflower
bagpipe,clarinet
saxophone,clarinet
plug,screws
pot,cheese
lemon,grapefruit
inn,house
tangerine,peach
tangerine,plum
wasp,spider
camel,horse
corn,spinach
chicken,onions
barn,brick
drill,chisel
pipe,rope
skirt,robe
caterpillar,butterfly
zucchini,asparagus
box,telephone
pliers,hammer
shoes,jeans
clarinet,harmonica
broom,willow
fridge,stove
bow,knife
jeans,sweater
kettle,microwave
eagle,buzzard
closet,dishwasher
wheel,bolts
elephant,dolphin
gorilla,hyena
caterpillar,spider
prune,tomato
bear,deer
kettle,sink
banner,shield
shoes,gown
cap,gown
bow,knife
camel,donkey
spatula,skillet
raspberry,cranberry
tape,hose
raft,boat
trumpet,tuba
razor,knife
cow,rabbit
moose,sheep
turtle,alligator
barn,inn
jeans,gown
boots,skirt
camel,gorilla
bagpipe,harp
whale,salmon
microwave,toaster
necklace,emerald
avocado,carrot
cage,rabbit
helicopter,missile
tent,tray
blender,dishwasher
mackerel,eel
sandals,vest
tank,rifle
rope,belt
rabbit,tomato
rooster,alligator
elephant,dog
bike,wheel
colander,spoon
spatula,chisel
honeydew,pear
cottage,bungalow
mole,otter
apple,cabbage
pencil,screwdriver
fan,rocker
catfish,shrimp
tray,shelves
alligator,octopus
wall,cupboard
plug,bolts
peach,pear
chicken,rice
rope,wheel
dolphin,tiger
pants,skirt
candle,cigar
trumpet,banjo
bagpipe,violin
corn,avocado
mug,kettle
sweater,socks
pear,carrot
tuna,avocado
cap,barrel
fork,brush
hare,fox
duck,lamb
elephant,buffalo
typewriter,pencil
fridge,kettle
plate,tray
seagull,falcon
kettle,tray
raisin,raspberry
goat,tomato
elevator,door
cap,coat
mouse,hamster
pipe,rope
whip,baton
saddle,helmet
peach,raspberry
alligator,gorilla
elevator,truck
microwave,fridge
duck,tomato
elephant,elk
tomato,cabbage
raccoon,hare
seal,brush
kettle,stove
lobster,cucumber
jacket,jeans
boots,sandals
balloon,boat
chimp,crocodile
elk,sheep
chipmunk,groundhog
plum,strawberry
turtle,pigeon
tent,trousers
bow,tie
bed,curtains
duck,pig
tiger,hyena
shirt,scarf
plum,peach
trousers,dress
bolts,hose
wheel,barrel
eggplant,garlic
sink,freezer
screws,barrel
shoes,boots
shoes,jacket
pants,jacket
vest,socks
bus,subway
cabin,bedroom
ox,horse
blouse,pants
rabbit,goat
pyramid,brick
swimsuit,dress
blender,spoon
shoes,pants
gown,shoes
vest,skirt
cat,elephant
mittens,vest
typewriter,pencil
sink,toilet
raisin,cheese
celery,radish
submarine,ship
yacht,pier
pickle,onions
duck,cabbage
shoes,shirt
alligator,moose
beets,cauliflower
skis,surfboard
camel,sheep
bagpipe,accordion
camel,tiger
tortoise,hamster
rattlesnake,coyote
plum,apple
pipe,hose
prune,asparagus
slingshot,catapult
shoes,dress
zebra,catfish
jacket,socks
cherry,pumpkin
wrench,plug
scarf,curtains
plug,hose
swimsuit,sandals
bra,dress
cherry,coconut
pear,asparagus
duck,garlic
coat,cloak
ring,pin
ship,submarine
kite,starling
camel,horse
cockroach,hyena
plum,blueberry
trout,crab
beets,celery
tortoise,leopard
jacket,shoes
jacket,robe
basement,cellar
onions,asparagus
rope,hook
tie,rope
fork,spade
prune,nectarine
apron,drapes
pickle,garlic
rifle,revolver
rabbit,otter
closet,cellar
mouse,frog
balloon,jet
drill,pin
cougar,moose
bike,tractor
belt,wheel
saucer,tray
trombone,harp
spatula,bucket
lamp,projector
salmon,crab
mixer,tap
faucet,sink
corn,cauliflower
sandals,trousers
radio,microwave
candle,tray
skunk,alligator
sweater,skirt
apple,pear
fawn,sweater
clam,crab
camisole,gown
napkin,apron
shirt,tie
robe,shawl
pants,dress
rattlesnake,snail
raft,jeep
shirt,scarf
bagpipe,tuba
clarinet,violin
apron,gown
wheel,truck
turtle,dolphin
raft,canoe
trousers,shirt
camisole,bra
chicken,dish
plug,screws
squid,chicken
duck,salmon
coat,shawl
walrus,otter
turtle,dolphin
jacket,shawl
starling,sparrow
snail,frog
plate,wall
hawk,pigeon
orange,potato
napkin,blouse
zucchini,radish
belt,necklace
avocado,coconut
camel,cow
elevator,door
parakeet,oriole
shoes,jacket
ox,bull
corn,pepper
panther,alligator
cap,barrel
accordion,harpsichord
desk,bed
cat,dog
eel,octopus
scissors,screws
raisin,cheese
leotards,trousers
skirt,scarf
apron,dress
hawk,falcon
mittens,slippers
level,certificate
parka,sweater
jacket,vest
chipmunk,hawk
rifle,bullet
coat,skirt
balloon,boat
socks,gloves
dolphin,eel
cage,rabbit
spear,spade
seagull,wasp
radio,rock
barn,stone
trumpet,guitar
nightgown,shawl
ring,box
apartment,building
nightgown,robe
bed,pillow
donkey,pony
boots,shoes
turtle,pheasant
gate,bridge
tank,rocket
tray,bucket
fridge,oven
garlic,pepper
goat,cheese
belt,screws
vest,pants
rabbit,coyote
ship,submarine
raft,sled
corn,beans
alligator,porcupine
house,inn
rabbit,cabbage
pants,coat
cheetah,crocodile
blouse,skirt
chimp,cockroach
tortoise,elephant
hook,scissors
sink,stove
cat,rabbit
tie,shirt
trousers,shoes
kettle,toaster
camel,ostrich
jacket,blouse
whale,seal
corn,broccoli
trousers,sweater
piano,tuba
prune,blueberry
beets,turnip
toilet,tray
belt,necklace
whale,squid
turtle,otter
hose,clamp
turtle,sparrow
crab,pumpkin
spider,tiger
butterfly,moth
tiger,camel
faucet,bathtub
grape,cranberry
lobster,garlic
drill,hose
toad,salamander
caterpillar,jeep
plug,pin
rope,wheel
mole,fox
boots,dress
skirt,dress
mackerel,crab
hose,bolts
hose,clamp
grapefruit,cranberry
apartment,cabin
crossbow,pistol
pot,dish
eagle,raven
bike,tractor
lemon,avocado
necklace,bracelet
bike,wheel
drill,clamp
piano,harp
bra,dress
bag,sack
jeans,blouse
building,church
pants,trousers
bed,toilet
gown,robe
cod,shrimp
bike,wheel
spider,crab
camisole,skirt
elephant,bull
falcon,dove
cabinet,cupboard
trailer,jeep
saxophone,flute
plum,raspberry
frog,bat
porcupine,moose
tuba,harp
blouse,shawl
spear,helmet
cherry,walnut
bra,shirt
barn,building
jeans,shoes
saucer,bucket
plum,cherry
trousers,sweater
peach,grapefruit
crab,squid
jeans,socks
tomato,carrot
chapel,cottage
zucchini,lettuce
cucumber,beans
olive,avocado
pin,hook
tray,shelves
pot,beans
shirt,vest
ashtray,spoon
house,chapel
raft,surfboard
boat,bike
clam,potato
hare,squirrel
corn,celery
frog,tortoise
cherry,lime
mole,hare
cod,salmon
onions,peas
hose,tap
broccoli,onions
avocado,cabbage
candle,basket
pot,pie
jeans,jacket
bison,leopard
sink,bucket
inn,chapel
apartment,bedroom
camisole,sweater
turtle,deer
dresser,walnut
frog,owl
missile,bomb
plum,grapefruit
pin,card
cherry,cheese
hawk,duck
trumpet,cello
thermometer,lamp
seagull,hornet
peach,orange
tricycle,unicycle
mink,skunk
broccoli,radish
mittens,shawl
prune,banana
boat,car
tiger,beetle
microwave,fridge
skunk,fox
corn,pumpkin
pants,shirt
snail,shrimp
helicopter,jet
tangerine,raspberry
napkin,cigarette
toad,beetle
ring,stone
tank,truck
seagull,raven
boat,airplane
tie,cup
pickle,cheese
toaster,freezer
shoes,skirt
cat,spider
robe,apron
snail,turtle
toaster,oven
bag,pants
crab,cheese
belt,trousers
tortoise,gorilla
vulture,parakeet
house,building
dress,scarf
gate,wall
jacket,shawl
hut,fence
coat,gown
whale,walrus
lemon,raspberry
rocket,missile
balloon,helicopter
jacket,dress
bungalow,bedroom
orange,pineapple
rattlesnake,squirrel
alligator,beaver
blender,toaster
necklace,emerald
onions,cheese
olive,onions
beans,chicken
jacket,bag
eel,sardine
hook,screws
jeans,shoes
pipe,plate
mittens,sweater
trombone,harpsichord
trombone,flute
train,taxi
kettle,mug
plum,cranberry
hose,tap
pan,tomato
drill,hammer
wheel,bike
elephant,bison
ring,pin
rabbit,deer
magazine,radio
mittens,trousers
sandals,socks
cod,tomato
skirt,jeans
mole,mouse
tank,truck
jar,beans
cow,sheep
fan,rocker
lime,cranberry
toaster,microwave
screwdriver,razor
pie,tomato
eagle,kite
toad,rattlesnake
wheel,clamp
pear,onions
microwave,oven
saucer,jar
tray,plate
beets,broccoli
raccoon,hare
starling,woodpecker
crab,tuna
flute,banjo
dresser,stool
grasshopper,raven
camisole,bra
plum,avocado
worm,snail
bra,gown
bread,onions
worm,flea
jar,pineapple
fridge,dishwasher
rabbit,hamster
trailer,wagon
cap,bottle
buggy,sled
cherry,cranberry
rooster,budgie
vulture,kite
robe,scarf
jacket,skirt
elephant,bull
grapefruit,cranberry
ring,rope
cherry,blueberry
pajamas,nightgown
squirrel,beaver
couch,cushion
camel,bison
cherry,cranberry
corn,pumpkin
belt,bag
screwdriver,corkscrew
tortoise,crocodile
cheetah,ostrich
nectarine,pineapple
avocado,onions
saucer,jar
rat,toad
pyramid,brick
boat,bike
screws,pipe
keyboard,piano
microwave,oven
trousers,sweater
toad,salamander
beets,radish
trombone,harp
gloves,coat
raft,canoe
wasp,butterfly
raft,sled
wheel,truck
hawk,pigeon
rabbit,hamster
apartment,bungalow
turtle,shrimp
corn,rice
whale,deer
boat,helicopter
skirt,curtains
snail,shrimp
vest,shirt
cat,frog
rifle,shotgun
swimsuit,skirt
orange,pineapple
mole,mink
bed,door
frog,owl
chipmunk,moth
grape,coconut
garlic,spinach
vulture,duck
pin,screws
coat,shawl
sink,stove
spider,tiger
hawk,hornet
tank,hose
shoes,slippers
sandals,skirt
dress,shawl
jacket,boots
raccoon,fox
perch,eel
spatula,paintbrush
mixer,tap
eggplant,peas
pants,vest
pheasant,lobster
tuba,cello
frog,turtle
brick,stone
cod,spinach
vest,sweater
grasshopper,nightingale
jeans,pants
pumpkin,pepper
mushroom,broccoli
lobster,tuna
pen,mouse
elevator,truck
stick,bag
dandelion,parsley
coat,sweater
frog,bat
jacket,shawl
paintbrush,crayon
salmon,lemon
mole,toad
cherry,carrot
skirt,shirt
razor,brush
crocodile,frog
hawk,sparrow
beans,carrot
wheelbarrow,ladle
oven,stove
trout,eel
socks,skirt
octopus,lobster
jacket,gloves
blackbird,nightingale
eggplant,spinach
blender,parsley
avocado,coconut
closet,toilet
saucer,helicopter
coat,gown
hose,tap
wheelbarrow,bucket
bra,gown
prune,plum
saddle,pony
gown,pants
crocodile,squirrel
woodpecker,vulture
goat,bread
trout,squid
raisin,bread
hose,bolts
shoes,socks
pan,tomato
camel,deer
balloon,helicopter
owl,pheasant
veil,coat
nightgown,shirt
keyboard,banjo
shoes,sandals
jeans,sweater
typewriter,keyboard
candle,tray
tiger,spider
corn,pumpkin
vest,gown
ant,spider
cat,sheep
pot,bowl
blouse,dress
hawk,raven
worm,snail
pot,tray
pants,gloves
turtle,owl
goldfish,hamster
mole,mink
leopard,buffalo
pants,shirt
skirt,blouse
robe,trousers
wheel,bike
octopus,lobster
thimble,ashtray
house,bridge
kettle,pot
pajamas,slippers
belt,helmet
plate,barrel
stereo,mixer
closet,cellar
comb,tray
squid,asparagus
elevator,escalator
bike,wheel
hawk,pigeon
gorilla,rabbit
rabbit,lamb
lemon,garlic
bed,cottage
panther,elephant
camel,donkey
trousers,gown
saddle,buckle
boots,dress
tuba,banjo
broccoli,potato
lamb,bread
door,brick
basement,cellar
eagle,kite
bathtub,toilet
thermometer,lamp
escalator,elevator
crocodile,tiger
flea,beetle
ant,rat
frog,crab
shirt,dress
belt,shirt
dresser,fridge
balloon,helicopter
rattlesnake,iguana
pickle,cabbage
elevator,escalator
rabbit,chicken
fridge,freezer
gorilla,squirrel
dress,trousers
corn,peas
ox,bison
goldfish,shrimp
tangerine,blueberry
saddle,clamp
mackerel,shrimp
coat,skirt
sink,dishwasher
rattlesnake,turtle
turtle,duck
bed,pillow
belt,tie
bag,tray
chapel,inn
cabin,cottage
dishwasher,stove
grapefruit,pear
prune,raspberry
sandals,skirt
carpet,curtains
tiger,crocodile
dog,sheep
screws,pin
belt,necklace
elephant,zebra
tent,jacket
cannon,grenade
leopard,ostrich
tiger,cheetah
apron,nightgown
crocodile,deer
bolts,rope
cockroach,alligator
ship,truck
tomato,lettuce
chicken,tuna
bike,skis
balloon,airplane
wasp,ant
cat,dog
alligator,duck
bungalow,bedroom
camel,rabbit
raisin,cranberry
shoes,bag
tie,shirt
helicopter,ship
bedroom,bungalow
orange,peach
scissors,gloves
paintbrush,scissors
prune,banana
bed,pine
kettle,spoon
mouse,frog
wheel,tank
salmon,pepper
honeydew,peach
bike,boat
elk,hyena
saxophone,trombone
candle,tray
belt,skirt
accordion,trumpet
tangerine,banana
grater,knife
boots,jeans
bed,door
tank,armour
thimble,doorknob
pencil,crayon
apartment,building
rabbit,pigeon
saddle,pony
brush,spoon
mirror,peg
broom,wand
vulture,buzzard
mixer,blender
blouse,coat
scarf,jacket
screws,wrench
cloak,sweater
jeans,blouse
fork,stick
mouse,pig
corn,broccoli
avocado,celery
wheel,clamp
toad,donkey
bra,blouse
accordion,harmonica
dandelion,celery
comb,knife
razor,machete
veil,cloak
cod,tomato
telephone,ring
eagle,pelican
tent,hut
scissors,spatula
closet,fridge
sandals,pants
sandals,vest
spider,cat
boat,canoe
keyboard,saxophone
pigeon,sparrow
lemon,pineapple
skunk,deer
airplane,truck
salmon,shrimp
hook,bag
elephant,cow
pony,camel
shirt,dress
blender,garlic
cat,bear
jeans,coat
gloves,scarf
jeans,coat
raisin,pear
scissors,brush
cabin,tent
avocado,grapefruit
dandelion,lettuce
vulture,sparrow
beans,bread
hawk,oriole
bike,boat
blouse,vest
coat,blouse
trailer,tractor
hawk,hornet
kite,stork
scarf,gloves
sweater,vest
guitar,harp
blender,freezer
salmon,chicken
bagpipe,flute
bra,blouse
belt,gloves
bear,tiger
closet,dishwasher
mole,hare
apron,mittens
corn,pineapple
mole,squirrel
shoes,trousers
razor,comb
perch,eel
pigeon,eagle
falcon,sparrow
mushroom,avocado
eagle,stork
peach,avocado
drill,rope
rabbit,coyote
garlic,cauliflower
skis,helmet
jacket,cloak
pencil,screwdriver
door,wall
screws,hose
alligator,leopard
helicopter,boat
goat,tomato
mackerel,crab
buggy,motorcycle
cherry,orange
dishwasher,cupboard
pot,pie
rope,bag
caribou,hyena
worm,beetle
avocado,broccoli
buggy,bike
inn,barn
necklace,scarf
jacket,shoes
dresser,pine
vest,coat
seal,pipe
leopard,cougar
sailboat,yacht
elephant,leopard
zucchini,parsley
swimsuit,bra
candle,basket
razor,sword
hawk,raven
bagpipe,saxophone
prune,peach
shoes,skirt
calf,pig
porcupine,rabbit
cottage,apartment
honeydew,pear
boat,yacht
pistol,bullet
toaster,dishwasher
necklace,chandelier
kettle,fridge
elephant,dolphin
bedroom,bed
closet,toilet
elk,porcupine
mole,raccoon
tuba,accordion
microwave,kettle
jeans,jacket
eagle,pigeon
ant,worm
snail,beetle
vest,gown
pants,sweater
pen,knife
lemon,tomato
blouse,dress
airplane,helicopter
sink,fridge
pants,gloves
cheetah,panther
sandals,boots
medal,cup
cap,dress
blouse,sweater
keyboard,trumpet
corn,celery
bra,shirt
crab,octopus
boat,truck
belt,boots
worm,spider
rooster,tiger
owl,starling
alligator,turtle
crocodile,walrus
scarf,blouse
pants,blouse
tomato,cauliflower
colander,blender
paintbrush,scissors
cushion,drapes
tuba,violin
moose,hare
crab,cucumber
swimsuit,vest
cage,tray
missile,grenade
corn,rice
prune,banana
napkin,blouse
lamp,projector
trumpet,violin
tie,skirt
crab,cod
sink,microwave
apple,celery
willow,vine
pepper,cheese
catfish,perch
