{
  "difficulty": "MEDIUM",
  "objects": [
    {
      "id": "gown",
      "image_urls": [
        "https://i.pinimg.com/originals/f4/63/3b/f4633bf1a4f2152ae1ee2e0574a21759.png",
        "https://cdn.shopify.com/s/files/1/0263/8725/1260/products/20W11D341_C_1200x.png",
        "https://i.pinimg.com/originals/2c/c0/b0/2cc0b0df257040e64fd2376c925763ef.png",
        "https://cdn.shopify.com/s/files/1/0263/8725/1260/products/20F11D359_A_9912da06-3986-4ff2-9eea-bffd9ddb07fb-313969_1200x.png",
        "https://www.lenahoschek.com/pub/media/catalog/product/cache/8c780148e21c4290ece7b34a361216c9/g/o/gown-1001-nights-cayenne-vorne-aw2021-lena-hoschek-c-lupi-spuma_copy.png"
      ],
      "definitions": [
        "a woman's dress, usually with a close-fitting bodice and a long flared skirt, often worn on formal occasions",
        "the members of a university as distinguished from the other residents of the town in which the university is located",
        "lingerie consisting of a loose dress designed to be worn in bed by women",
        "protective garment worn by surgeons during operations",
        "outerwear consisting of a long flowing garment used for official or ceremonial occasions"
      ]
    },
    {
      "id": "jacket",
      "image_urls": [
        "https://www.prada.com/content/dam/pradanux_products/5/58A/58A094/08PF0002/58A094_08P_F0002_SLF.png",
        "https://smhttp-ssl-65481.nexcesscdn.net/media/catalog/product/cache/9/image/9df78eab33525d08d6e5fb8d27136e95/s/p/spidi_premium_leather_3.png",
        "https://smhttp-ssl-65481.nexcesscdn.net/media/catalog/product/cache/9/image/9df78eab33525d08d6e5fb8d27136e95/s/p/spidi_allroad_black.png",
        "https://cdn.boards-and-more.com/system/product_picture_gallery_pictures/files/5eda/092c/37bb/0900/d700/0139/original/47900-5483_ION---Windbreaker-Jacket-Shelter_787-ocean-blue_back.png",
        "https://www.rohnisch.com/on/demandware.static/-/Sites-rohnisch-catalog/default/dwacbcb97f/Hi-res/110306_T187_P2.png"
      ],
      "definitions": [
        "a short coat",
        "an outer wrapping or casing",
        "(dentistry) dental appliance consisting of an artificial crown for a broken or decayed tooth",
        "the outer skin of a potato",
        "the tough metal shell casing for certain kinds of ammunition"
      ]
    },
    {
      "id": "sack",
      "image_urls": [
        "https://www.hosokawa-alpine.com/fileadmin/_processed_/d/e/csm_F_HDSB_55df05dce3.png",
        "https://www.leghorngroup.com/wp-content/uploads/2020/02/canvas-postal-sack-matera.png",
        "https://static.wikia.nocookie.net/fallout/images/6/61/Sack.png",
        "https://dk0fkjygbn9vu.cloudfront.net/cache-buster-11629255557/deuter/mediaroom/product-images/bags/pack-sacks/image-thumb__40373__deuter_product-teaser/3940121-9002-LightDrypack5-w20-d0.png",
        "https://www.sacchificioveneto.com/wp-content/uploads/2017/03/1-Sacco-con-maniglia.png"
      ],
      "definitions": [
        "a bag made of paper or plastic for holding customer's purchases",
        "an enclosed space",
        "the quantity contained in a sack",
        "any of various light dry strong white wine from Spain and Canary Islands (including sherry)",
        "a woman's full loose hiplength jacket",
        "a hanging bed of canvas or rope netting (usually suspended between two trees); swings easily",
        "a loose-fitting dress hanging straight from the shoulders without a waist",
        "the plundering of a place by an army or mob; usually involves destruction and slaughter",
        "the termination of someone's employment (leaving them free to depart)"
      ]
    },
    {
      "id": "wheelbarrow",
      "image_urls": [
        "https://clm-supplies.com/wp-content/uploads/2017/03/Liftable-Wheelbarrow1.png",
        "https://wheel-barrows-direct.co.uk/wp-content/uploads/2020/07/IMG_2442-copy-1-single-fatboy-galv--550x403.png",
        "https://cdn.shopify.com/s/files/1/0404/0048/6557/products/281_29_WHE305_1_580x.png",
        "https://wheel-barrows-direct.co.uk/wp-content/uploads/2020/07/IMG_2451-120L-twin-gailv-.png",
        "https://wheel-barrows-direct.co.uk/wp-content/uploads/2018/04/001-120L-green-twin-fatboy-.png"
      ],
      "definitions": [
        "a cart for carrying small loads; has handles and one or more wheels"
      ]
    },
    {
      "id": "blouse",
      "image_urls": [
        "https://www.america-today.com/on/demandware.static/-/Sites-at-master-catalog/default/dw4b6cb072/images/product/blouse-collar-britt-women-green-2232002042-530-f.png",
        "https://www.zattimarmi.it/wp-content/uploads/2018/11/Tolani-Megan-Long-Sleeve-Blouse-3.png",
        "https://www.prada.com/content/dam/pradanux_products/P/P45/P451E/1H51F0304/P451E_1H51_F0304_S_202_SLF.png",
        "https://www.longchamp.com/dw/image/v2/BCVX_PRD/on/demandware.static/-/Sites-LC-master-catalog/default/dw8f825d3f/images/DIS/60724SOO127T40_0.png",
        "https://www.miumiu.com/content/dam/miumiu_products/M/MK1/MK1537/1YS4F0567/MK1537_1YS4_F0567_SLF.png"
      ],
      "definitions": [
        "a top worn by women"
      ]
    },
    {
      "id": "shirt",
      "image_urls": [
        "https://static.zajo.net/content/mediagallery/zajo_dcat/image/product/types/X/9088.png",
        "https://www.prada.com/content/dam/pradanux_products/U/UJN/UJN396/1JEYF0009/UJN396_1JEY_F0009_S_202_SLF.png",
        "https://www.prada.com/content/dam/pradanux_products/U/UJM/UJM492/ILKF0002/UJM492_ILK_F0002_S_181_SLF.png",
        "https://static.zajo.net/content/mediagallery/zajo_dcat/image/product/types/X/9086.png",
        "https://www.stoneycreekhunting.co.nz/image/cache/catalog/0_PRODUCT_PAGES/3_CORPORATE/1_MENS/3_MID%20LAYER/Corporate%20Shirts/Long%20Sleeve/C3224_Stoney_Creek_Corporate_Longsleeve_Shirt_Front_Black_Gingham_2000px-875x1000.png"
      ],
      "definitions": [
        "a garment worn on the upper half of the body"
      ]
    },
    {
      "id": "skirt",
      "image_urls": [
        "https://www.prada.com/content/dam/pradanux_products/P/P10/P103T/1ZBQF0964/P103T_1ZBQ_F0964_S_211_SLF.png",
        "https://www.prada.com/content/dam/pradanux_products/P/P11/P110TR/1ZCNF0518/P110TR_1ZCN_F0518_S_212_SLF.png",
        "https://www.prada.com/content/dam/pradanux_products/1/131/131094/1YUEF0T21/131094_1YUE_F0T21_S_211_SLF.png",
        "https://ae01.alicdn.com/kf/H199039964b084025bf0204f6984f0d68K/M-4XL-New-Summer-Preppy-Style-Purple-Plaid-Pleated-Skirt-Knee-length-Skirts-Female-High-Waist.png",
        "https://www.longchamp.com/dw/image/v2/BCVX_PRD/on/demandware.static/-/Sites-LC-master-catalog/default/dw05253cc4/images/DIS/60746COT001T38_0.png"
      ],
      "definitions": [
        "cloth covering that forms the part of a garment below the waist",
        "a garment hanging from the waist; worn mainly by girls and women",
        "(Fungi) a remnant of the partial veil that in mature mushrooms surrounds the stem like a collar",
        "informal terms for a (young) woman"
      ]
    },
    {
      "id": "trousers",
      "image_urls": [
        "https://www.prada.com/content/dam/pradanux_products/S/SPH/SPH109/1WQ8F0002/SPH109_1WQ8_F0002_S_211_SLF.png",
        "https://www.prada.com/content/dam/pradanux_products/U/UPA/UPA841/D39F0002/UPA841_D39_F0002_S_131_SLF.png",
        "https://www.prada.com/content/dam/pradanux_products/S/SPE/SPE12/1GQSF0002/SPE12_1GQS_F0002_S_172_SLF.png",
        "https://keelaoutdoors.com/wp-content/uploads/2020/06/hw.png",
        "https://www.prada.com/content/dam/pradanux_products/2/22H/22H745/I18F0002/22H745_I18_F0002_S_182_SLF.png"
      ],
      "definitions": [
        "a garment (or part of a garment) designed for or relating to trousers"
      ]
    },
    {
      "id": "coat",
      "image_urls": [
        "https://www.prada.com/content/dam/pradanux_products/U/UC4/UC448C/1W2ZF0008/UC448C_1W2Z_F0008_S_202_SLF.png",
        "https://www.prada.com/content/dam/pradanux_products/P/P65/P658NH/03HF0002/P658NH_03H_F0002_S_202_SLF.png",
        "https://www.prada.com/content/dam/pradanux_products/P/P61/P615O/1X5AF0002/P615O_1X5A_F0002_S_202_SLF.png",
        "https://s3-eu-west-1.amazonaws.com/data.pozzilei.it/images/galleries/1201/18062020_168.png",
        "https://www.bardot.com/dw/image/v2/BCGZ_PRD/on/demandware.static/-/Sites-bardot-master-catalog/default/dwc8c21c69/images/hi-res/bardot/39391JB/39391JB_190303_TF_04.png"
      ],
      "definitions": [
        "an outer garment that has sleeves and covers the body from shoulder down; worn outdoors",
        "a thin layer covering something",
        "growth of hair or wool or fur covering the body of an animal"
      ]
    },
    {
      "id": "pants",
      "image_urls": [
        "https://images.ctfassets.net/od02wyo8cgm5/LXOyRhqeL8pZwtDiuHtpa/ba1b0474d390613782de2d0743415f72/running_pants-fw16-navy-w-d.png",
        "https://images.ctfassets.net/od02wyo8cgm5/7yuxL1LSqnW4hQdL00nRRG/3e6fe2ec30edbd722a16568deba1a9a6/running_pants-ss20-black-m-g1.png",
        "https://dfr4rssi07fv7.cloudfront.net/htx/images/category/clothing/urban_tactical_pants_clothing.png",
        "https://www.nordicwalkingshop.net/WebRoot/StoreIT7/Shops/120702/5A0E/B831/3629/F6BC/99BF/0A0A/B011/EBE3/8300255140868_1.png",
        "https://static.zajo.net/content/mediagallery/zajo_dcat/image/product/types/X/9912.png"
      ],
      "definitions": [
        "the noise made by a short puff of steam (as from an engine)",
        "(usually in the plural) a garment extending from the waist to the knee or ankle, covering each leg separately",
        "a short labored intake of breath with the mouth open"
      ]
    },
    {
      "id": "shoes",
      "image_urls": [
        "https://cdn.shopify.com/s/files/1/0204/0483/0283/products/TD1MTHU_SHOE_ANGLE_GLOBAL_MENS_TREE_DASHERS_THUNDER_900x900.png",
        "https://www.prada.com/content/dam/pradanux_products/1/1E7/1E708L/B4LF0009/1E708L_B4L_F0009_F_B055_SLR.png",
        "https://www.prada.com/content/dam/pradanux_products/2/2EE/2EE346/P39F0002/2EE346_P39_F0002_SLR.png",
        "https://www.church-footwear.com/content/dam/churchs_products/E/EDB/EDB003/9VEF0ABM/EDB003_9VE_F0ABM_F_000000_SLS.png",
        "https://www.trickers.com/media/catalog/product/cache/a9dfa53173f2a6e000fb6ed6b0b6cdf9/b/o/bourton_navy_side_result.png"
      ],
      "definitions": [
        "footwear shaped to fit the foot (below the ankle) with a flexible upper of leather or plastic and a sole and heel of heavier material",
        "(card games) a case from which playing cards are dealt one at a time",
        "U-shaped plate nailed to underside of horse's hoof",
        "a restraint provided when the brake linings are moved hydraulically against the brake drum to retard the wheel's rotation"
      ]
    },
    {
      "id": "boots",
      "image_urls": [
        "https://www.prada.com/content/dam/pradanux_products/1/1W2/1W272M/3LBMF0046/1W272M_3LBM_F0046_F_045_SLR.png",
        "https://www.prada.com/content/dam/pradanux_products/1/1T2/1T255M/3L09F0002/1T255M_3L09_F0002_F_B055_SLR.png",
        "https://www.prada.com/content/dam/pradanux_products/1/1T2/1T255M/3L09F0009/1T255M_3L09_F0009_F_B055_SLR.png",
        "https://dfr4rssi07fv7.cloudfront.net/htx/images/category/buty.png",
        "https://www.church-footwear.com/content/dam/churchs_products/E/ETB/ETB065/9MOF0AZM/ETB065_9MO_F0AZM_F_000000_SLS.png"
      ],
      "definitions": [
        "footwear that covers the whole foot and lower leg",
        "compartment in an automobile that carries luggage or shopping or tools",
        "the swift release of a store of affective force",
        "protective casing for something that resembles a leg",
        "an instrument of torture that is used to heat or crush the foot and leg",
        "a form of foot torture in which the feet are encased in iron and slowly crushed",
        "the act of delivering a blow with the foot"
      ]
    },
    {
      "id": "bag",
      "image_urls": [
        "https://www.prada.com/content/dam/pradanux_products/1/1BD/1BD228/2BB0F0046/1BD228_2BB0_F0046_V_OJN_SLF.png",
        "https://www.prada.com/content/dam/pradanux_products/1/1BC/1BC499/ZO6F0002/1BC499_ZO6_F0002_V_OOO_SLF.png",
        "https://www.canyon.com/dw/image/v2/BCML_PRD/on/demandware.static/-/Sites-canyon-master/default/dw9a0deb54/images/full/10005112-C/2019/10005112-Canyon_Gym_Bag_full.png",
        "https://www.ifbags.it/uploads/OZ_BlackFront1%20%281%29.png",
        "https://www.ifbags.it/uploads/Oz_Bordeaux%20%281%29.png"
      ],
      "definitions": [
        "a flexible container with a single opening",
        "the quantity of game taken in a particular period (usually by one person)",
        "a place that the runner must touch before scoring",
        "a container used for carrying money and small personal items or accessories (especially by women)",
        "the quantity that a bag will hold",
        "a portable rectangular container for carrying clothes",
        "an ugly or ill-tempered woman",
        "mammary gland of bovids (cows and sheep and goats)",
        "an activity that you like or at which you are superior"
      ]
    },
    {
      "id": "dress",
      "image_urls": [
        "https://www.prada.com/content/dam/pradanux_products/P/P3D/P3D35/1ZCJF0964/P3D35_1ZCJ_F0964_S_211_SLF.png",
        "https://www.prada.com/content/dam/pradanux_products/P/P3D/P3D13H/1WHIF0002/P3D13H_1WHI_F0002_S_211_SLF.png",
        "https://www.prada.com/content/dam/pradanux_products/2/23X/23X634/1YFLF0002/23X634_1YFL_F0002_S_202_MDR.png",
        "https://www.prada.com/content/dam/pradanux_products/3/335/33556/1T4WF0009/33556_1T4W_F0009_S_211_SLF.png",
        "https://www.prada.com/content/dam/pradanux_products/P/P3F/P3F25/1UCXF0009/P3F25_1UCX_F0009_S_211_SLF.png"
      ],
      "definitions": [
        "a one-piece garment for a woman; has skirt and bodice",
        "clothing of a distinctive style or for a particular occasion",
        "clothing in general"
      ]
    },
    {
      "id": "jeans",
      "image_urls": [
        "https://www.prada.com/content/dam/pradanux_products/G/GEP/GEP178/1P8QF0008/GEP178_1P8Q_F0008_S_192_SLF.png",
        "https://www.prada.com/content/dam/pradanux_products/G/GEP/GEP178/1W41F0008/GEP178_1W41_F0008_S_202_SLF.png",
        "https://www.prada.com/content/dam/pradanux_products/G/GFP/GFP470/1ZACF0008/GFP470_1ZAC_F0008_S_212_MDF.png",
        "https://fenzy.it/media/uploads/public/product/11097-hatiya_jeans_net.png",
        "https://smhttp-ssl-65481.nexcesscdn.net/media/catalog/product/cache/9/image/9df78eab33525d08d6e5fb8d27136e95/j/e/jeans_dyneema_spidi.png"
      ],
      "definitions": [
        "a coarse durable twill-weave cotton fabric"
      ]
    },
    {
      "id": "socks",
      "image_urls": [
        "https://www.prada.com/content/dam/pradanux_products/6/664/66408/1R9AF0136/66408_1R9A_F0136_S_182_SLF.png",
        "https://images.ctfassets.net/od02wyo8cgm5/3aALEdDPrs3gkBA3nv9NIA/d07e14f5aedbafb15d39ad9645143f17/high_sock-fw19-forest_moss-m-g1.png",
        "https://images.ctfassets.net/od02wyo8cgm5/2jtUkBA2sO22TZrByjuTuv/1776fc50176c045a41340b204c68fb4a/mid_sock-fw19-rust_navy-m-g1.png",
        "https://media.happysocks.com/catalog/product/m/a/magentoimage_fz49mkirrjjc3czp.png",
        "https://images.ctfassets.net/od02wyo8cgm5/6pXiVmv6vo18jvsDUsyBhz/6392ecab8c76e3525ad1edd60b826cc2/mid_sock-fw19-black_shadow-m-g1.png"
      ],
      "definitions": [
        "hosiery consisting of a cloth covering for the foot; worn inside the shoe; reaches to between the ankle and the knee",
        "a truncated cloth cone mounted on a mast; used (e.g., at airports) to show the direction of the wind"
      ]
    }
  ]
}