{
  "difficulty": "EASY",
  "objects": [
    {
      "id": "zebra",
      "image_urls": [
        "https://lazebraonlus.it/wp-content/uploads/2019/09/zebra_onlus.png",
        "https://lazebraonlus.it/wp-content/uploads/2019/09/zebra_onlus_small.png",
        "https://www.snapweb.net/immagini/Catalogo/images/zebra-tc21-tc26-f.png",
        "https://static.wikia.nocookie.net/wildlife-animal-pedia/images/6/6f/Grant%27s_Zebra.png",
        "https://static.wikia.nocookie.net/overlook-bay-roblox/images/3/37/Zebra.png"
      ],
      "definitions": [
        "any of several fleet black-and-white striped African equines"
      ]
    },
    {
      "id": "tiger",
      "image_urls": [
        "https://emojipedia-us.s3.amazonaws.com/social/emoji/tiger.png",
        "https://static.wikia.nocookie.net/uncle-grandpa/images/e/e5/GRFT.png",
        "https://www.natotigers.org/sites/default/files/styles/small/public/images/media/2021-04/PATCH%20NTM%202021%20FULL.png",
        "https://images.twinkl.co.uk/tr/image/upload/t_illustration/illustation/bengal-tiger.png",
        "https://natotigers.org/sites/default/files/styles/logo/public/images/logo/ntm/XTM2021%20logo.png"
      ],
      "definitions": [
        "a fierce or audacious person",
        "large feline of forests in most of Asia having a tawny coat with black stripes; endangered"
      ]
    },
    {
      "id": "elephant",
      "image_urls": [
        "https://images.twinkl.co.uk/tr/image/upload/illustation/elephant-6.png",
        "https://www.biovoices.eu/image_temp/516X516_516X516_04bc7008d41b0ab6f5b0ecec8635c3ae.png",
        "https://static.wikia.nocookie.net/vsbattles/images/8/81/African-Elephant-PNG-File-1-.png",
        "https://naturalhistory.si.edu/sites/default/files/media/image/nmnh-cutout-template-henry-copy.png",
        "https://images.twinkl.co.uk/tr/image/upload/illustation/Elephants-near-Mount-Kilimanjaro--Scene-Animal-Landscape-Kenya-Africa-Newsroom-KS2.png"
      ],
      "definitions": [
        "five-toed pachyderm",
        "the symbol of the Republican Party; introduced in cartoons by Thomas Nast in 1874"
      ]
    },
    {
      "id": "crocodile",
      "image_urls": [
        "https://static.wikia.nocookie.net/vsbattles/images/1/10/Crocodile_PNG13185.png",
        "https://static.wikia.nocookie.net/wildlife-animal-pedia/images/7/7f/Saltwater_Crocodile.png",
        "https://i.pinimg.com/originals/90/01/5e/90015e139bf834e912a407438fb20dac.png",
        "https://creazilla-store.fra1.digitaloceanspaces.com/cliparts/9200/crocodile-clipart-xl.png",
        "https://www.nightbuddiesadventures.com/wp-content/uploads/2014/08/crocodile.png"
      ],
      "definitions": [
        "large voracious aquatic reptile having a long snout with massive jaws and sharp teeth and a body covered with bony plates; of sluggish tropical waters"
      ]
    },
    {
      "id": "horse",
      "image_urls": [
        "https://www.harrisonhorsecare.com/wp-content/uploads/2021/07/re-leve-mix-saracen.png",
        "https://equusmagazine.com/.image/ar_4:3%2Cc_fill%2Ccs_srgb%2Cq_auto:good%2Cw_1200/MTUwNDI0ODcyNzIyMzc2MzYz/enterolithshorse.png",
        "https://d17lzgq6gc2tox.cloudfront.net/product/three_d_cover_image/original/9781580176507_3D.png",
        "https://1lei8e22t6um10wyil12fpkm-wpengine.netdna-ssl.com/wp-content/uploads/horse.png",
        "https://www.harrisonhorsecare.com/wp-content/uploads/2020/01/Hsrrison_Horse_Care-Prodotti-Alimentazione-Dengie-Alfa-A_original.png"
      ],
      "definitions": [
        "solid-hoofed herbivorous quadruped domesticated since prehistoric times",
        "a padded gymnastic apparatus on legs",
        "troops trained to fight on horseback",
        "a framework for holding wood that is being sawed",
        "a chessman shaped to resemble the head of a horse; can move two squares horizontally and one vertically (or vice versa)"
      ]
    },
    {
      "id": "cart",
      "image_urls": [
        "https://www.essent.com/SiteData/SiteID34/Images/B2B-Ecommerce/B2B%20Ecommerce%202%20Cart%20Y.png",
        "https://img.icons8.com/emoji/452/shopping-cart-emoji.png",
        "https://cdn.icon-icons.com/icons2/1369/PNG/512/-shopping-cart_90604.png",
        "https://www.tekneitalia.com/wp-content/uploads/2017/09/icecream-cart-procopiop6.png",
        "https://mycart.ai/wp-content/uploads/2020/10/%E6%9C%AA%E5%91%BD%E5%90%8D%E8%A8%AD%E8%A8%88-5.png"
      ],
      "definitions": [
        "a heavy open wagon usually having two wheels and drawn by an animal",
        "wheeled vehicle that can be pushed by a person; may have one or two or four wheels"
      ]
    },
    {
      "id": "giraffe",
      "image_urls": [
        "https://cdn.shopify.com/s/files/1/0573/4455/7253/products/01a-qeeboo-piero-fasanotto-michele-branca-giraffe-in-love-outdoor-4m-design-marcantonio-white.png",
        "https://cdn.shopify.com/s/files/1/2283/1973/products/giraffe-in-love-outdoor-4m-white-design-marcantonio-qeeboo--01c--white_1024x1024.png",
        "https://images.twinkl.co.uk/tr/image/upload/t_illustration/illustation/animal-giraffe.png",
        "https://www.edonart.com/cms/wp-content/uploads/2019/12/qeeboo-giraffe-in-love-xs-white.png",
        "https://pinkpampas.com/3.0/wp-content/uploads/2019/10/Animalitos-Wool-Giraffe-Embroidered-Fuchsia-blue-still.png"
      ],
      "definitions": [
        "tallest living quadruped; having a spotted coat and small horns and very long neck and legs; of savannahs of tropical Africa"
      ]
    },
    {
      "id": "camel",
      "image_urls": [
        "https://upload.wikimedia.org/wikipedia/commons/thumb/c/c8/CamelCase_new.svg/1200px-CamelCase_new.svg.png",
        "https://www.color-name.com/wp-content/uploads/camel-animal.png",
        "https://static.wikia.nocookie.net/vsbattles/images/8/80/Camelll.png",
        "https://www.stickersmurali.com/it/img/aspsp86-png/folder/products-detalle-png/adesivi-camel-2.png",
        "https://www.africansafariwildlifepark.com/content/uploads/Bactrian-Camel1.png"
      ],
      "definitions": [
        "cud-chewing mammal used as a draft or saddle animal in desert regions"
      ]
    }
  ]
}