{
  "difficulty": "EASY",
  "objects": [
    {
      "id": "boat",
      "image_urls": [
        "https://arctic-boats.com/stuff/file/i1_dark_blue.png",
        "https://cobaltboats.com/wp-content/uploads/2021/03/R8outboard-SimilarModels.png",
        "https://www.gerrisboats.com/wp-content/uploads/2021/03/GerrisBoat-34-1024x573.png",
        "https://www.verme.it/wpsite/wp-content/uploads/2021/04/GerrisBoat-sketch-1024x836.png",
        "https://www.evoyachts.com/wp-content/themes/evo/media/home/product-01.png"
      ],
      "definitions": [
        "a small vessel for travel on water",
        "a dish (often boat-shaped) for serving gravy or sauce"
      ]
    },
    {
      "id": "helicopter",
      "image_urls": [
        "https://www.leonardocompany.com/infografiche/aw169/outline_view/img/tecnico_base.png",
        "https://www.mdhelicopters.com/assets/gallery/969/969silo%20(2).png",
        "https://mars.nasa.gov/layout/helicopter/images/Mars_Helicopter-web.png",
        "https://www.bellflight.com/-/media/site-specific/bell-flight/images/2-products/2-single-frame-for-plp/525.png",
        "https://vrtech.aero/upload/iblock/adf/adfdf3ef44fd5b37071617f313dc29d3.png"
      ],
      "definitions": [
        "an aircraft without wings that obtains its lift from the rotation of overhead blades"
      ]
    },
    {
      "id": "airplane",
      "image_urls": [
        "https://img.icons8.com/emoji/452/airplane-emoji.png",
        "https://cdn.hinative.com/attached_images/13867/696974135db4c02f98170f0e997d2124ef8567c3/large.png",
        "https://cdn0.iconfinder.com/data/icons/gcons-2/22/airplane1-512.png",
        "https://www.rawshorts.com/freeicons/wp-content/uploads/2017/01/Travel-pict-airplane.png",
        "https://cdn.icon-icons.com/icons2/2070/PNG/512/airplane_icon_126136.png"
      ],
      "definitions": [
        "an aircraft that has a fixed wing and is powered by propellers or jets"
      ]
    },
    {
      "id": "balloon",
      "image_urls": [
        "https://images-eu.ssl-images-amazon.com/images/I/71hl7Ff11kL.png",
        "https://static.wikia.nocookie.net/fortnite_gamepedia/images/9/99/Balloons_icon.png",
        "https://cdn.shopify.com/s/files/1/0526/7144/7238/products/balloons-party-flying-tiger-copenhagen-285912.png",
        "https://uploads-ssl.webflow.com/60269060a909eabb7baad8c8/60537f06740eee6283c99392_Large-Pink-Balloon.png",
        "https://flensted-mobiles.com/wp-content/uploads/2019/05/FM_078a_balloon_3.png"
      ],
      "definitions": [
        "large tough nonrigid bag filled with gas or heated air",
        "small thin inflatable rubber bag with narrow neck"
      ]
    },
    {
      "id": "saucer",
      "image_urls": [
        "https://www.fuerstenberg-porzellan.com/out/pictures/master/product/1/un_64120weiss_suppenuntertasse.png",
        "https://s3.eu-central-1.amazonaws.com/ginori.platform.ugc/live/s3fs-public/140rg00_fx9401lxgeng01722400_02.png",
        "https://www.fuerstenberg-porzellan.com/out/pictures/master/product/1/TA2011155900.png",
        "https://elho.xcdn.nl/RM1100,1100,C_OQ70/green-basics-saucer-22cm-living-blackp1png/green_basics_saucer_22cm_living_black.p1.png",
        "https://res-2.cloudinary.com/christofle/s--ANYBXWTx--/c_limit,dpr_2.0,f_auto,h_265,q_auto,w_265/media/catalog/product/T/e/Tea_20cup_20and_20saucers_20Mood_20Nomade_20Porcelain_07685520000001_F.png"
      ],
      "definitions": [
        "something with a round shape resembling a flat circular plate",
        "a small shallow dish for holding a cup at the table",
        "directional antenna consisting of a parabolic reflector for microwave or radio frequency radiation",
        "a disk used in throwing competitions"
      ]
    },
    {
      "id": "ship",
      "image_urls": [
        "https://i.pinimg.com/originals/fc/35/72/fc357254541c2886a4a8722cbfa9631e.png",
        "https://img.icons8.com/emoji/452/ship.png",
        "https://greenshiptoken.com/static/media/vogemann-ship-black.6e3fa906.png",
        "https://image.flaticon.com/icons/png/512/2701/2701775.png",
        "https://www.shippingforum.at/wp-content/themes/less-bootstrap-4/assets/images/ship.png"
      ],
      "definitions": [
        "a vessel that carries passengers or freight"
      ]
    },
    {
      "id": "jet",
      "image_urls": [
        "https://cirrusaircraft.com/wp-content/uploads/2021/07/2021-vision-jet-apex-gainsboro.png",
        "https://cirrusaircraft.com/wp-content/uploads/2021/07/2021-vision-jet-vitesse-titan.png",
        "https://cirrusaircraft.com/wp-content/uploads/2021/07/2021-vision-jet-vitesse-gainsboro.png",
        "https://cirrusaircraft.com/wp-content/uploads/2021/07/2021-vision-jet-vitesse-corso.png",
        "https://cirrusaircraft.com/wp-content/uploads/2021/07/2021-vision-jet-apex-bimini.png"
      ],
      "definitions": [
        "an airplane powered by one or more jet engines",
        "the occurrence of a sudden discharge (as of liquid)",
        "a hard black form of lignite that takes a brilliant polish and is used in jewelry or ornamentation",
        "atmospheric discharges (lasting 10 msec) bursting from the tops of giant storm clouds in blue cones that widen as they flash upward",
        "street names for ketamine",
        "an artificially produced flow of water"
      ]
    },
    {
      "id": "bowl",
      "image_urls": [
        "https://www.matthewsstudio.ca/wp-content/uploads/2020/07/Black-Ash-Round-Bowl-Traditional-Edge-1-1.png",
        "https://bylassen.com/wp-content/uploads/2021/06/21002_pack.png",
        "https://ilovepoke.it/wp-content/uploads/2020/07/regular-n-300x170.png",
        "https://hulabari.it/wp-content/uploads/2019/02/lomi-salmon-hula-top-poke-bowl-1-768x768.png",
        "https://en.58products.com/955b712027d697dd00133310da1e49e4.lightbox/T024201_Schale_Kotzend_1000ml_weiss_0006.png"
      ],
      "definitions": [
        "a round vessel that is open at the top; used chiefly for holding food or liquids",
        "a concave shape with an open top",
        "a dish that is round and open at the top for serving foods",
        "the quantity contained in a bowl",
        "a large structure for open-air sports or entertainments",
        "a large ball with finger holes used in the sport of bowling",
        "a wooden ball (with flattened sides so that it rolls on a curved course) used in the game of lawn bowling",
        "a small round container that is open at the top for holding tobacco",
        "the act of rolling something (as the ball in bowling)"
      ]
    }
  ]
}