{
  "difficulty": "EASY",
  "objects": [
    {
      "id": "lime",
      "image_urls": [
        "https://www.theclimatepledge.com/content/dam/amazonclimatepledge/signatory-logo/Lime.png",
        "https://ginshop.it/wp-content/uploads/2020/05/9012-lime.png",
        "https://www.yogitea.com/site/assets/files/20483/lime.500x0.png",
        "https://www.howmuchisin.com/produce_converters_app/vegetables_large/lime.png",
        "https://www.goldenacrewines.co.uk/wp-content/uploads/2020/04/lime.png"
      ],
      "definitions": [
        "a caustic substance produced by heating limestone",
        "a white crystalline oxide used in the production of calcium hydroxide",
        "a sticky adhesive that is smeared on small branches to capture small birds",
        "any of various related trees bearing limes",
        "any of various deciduous trees of the genus Tilia with heart-shaped leaves and drooping cymose clusters of yellowish often fragrant flowers; several yield valuable timber",
        "the green acidic fruit of any of various lime trees"
      ]
    },
    {
      "id": "olive",
      "image_urls": [
        "https://www.ponti.com/wp-content/uploads/0535.png",
        "https://www.olivelarocca.it/wp-content/uploads/2019/11/olive-verdi-dolci-sicilia-larocca-fs-400x400.png",
        "https://www.madamaoliva.it/wp-content/uploads/2021/01/Olive-Verdi-Dolci-Giganti-Madama-Oliva-Freschissimi.png",
        "https://www.pereolive.com/wp-content/uploads/2019/10/manzanilla-72-300x300.png",
        "https://www.ponti.com/wp-content/uploads/7869.png"
      ],
      "definitions": [
        "small ovoid fruit of the European olive tree; important food and source of oil",
        "evergreen tree cultivated in the Mediterranean region since antiquity and now elsewhere; has edible shiny black fruits",
        "hard yellow often variegated wood of an olive tree; used in cabinetwork",
        "one-seeded fruit of the European olive tree usually pickled and used as a relish",
        "a yellow-green color of low brightness and saturation"
      ]
    },
    {
      "id": "lemon",
      "image_urls": [
        "https://img.icons8.com/emoji/452/lemon.png",
        "https://res.cloudinary.com/hksqkdlah/image/upload/38662_sil-regularlemon-03.png",
        "https://www.lemonsnack.it/assets/images/shapes/contact-shape-3.png",
        "https://bec-natura.com/wp-content/uploads/2020/04/Limone.png",
        "https://images.ctfassets.net/eizimaksw7co/1qoD6SrT1mGrKKZ03zAqpk/d9a5c1ac9b0865588d00a9d6d130a63f/Organics_Lemon.png"
      ],
      "definitions": [
        "yellow oval fruit with juicy acidic flesh",
        "a strong yellow color",
        "a small evergreen tree that originated in Asia but is widely cultivated for its fruit",
        "a distinctive tart flavor characteristic of lemons",
        "an artifact (especially an automobile) that is defective or unsatisfactory"
      ]
    },
    {
      "id": "garlic",
      "image_urls": [
        "https://www.fondation-louisbonduelle.org/wp-content/uploads/2016/09/ail_327236627-e1477391225750.png",
        "https://antogar.com/wp-content/uploads/2021/01/Antogar-morado-Garlic.png",
        "https://5.imimg.com/data5/SELLER/Default/2020/8/YY/VI/HT/6237564/indian-fresh-garlic-500x500.png",
        "https://antogar.com/wp-content/uploads/2021/01/Antogar-spring-blanco.png",
        "https://cdn.shopify.com/s/files/1/0553/8765/2286/products/InfusedGarlicOil250ml_front_950px_300x.png"
      ],
      "definitions": [
        "bulbous herb of southern Europe widely naturalized; bulb breaks up into separate strong-flavored cloves",
        "aromatic bulb used as seasoning"
      ]
    },
    {
      "id": "orange",
      "image_urls": [
        "https://5.imimg.com/data5/EE/ER/MY-27568370/fresh-orange-500x500.png",
        "https://www.boeschbodenspies.com/wp-content/uploads/2017/08/orange.png",
        "https://blog.redooc.com/wp-content/uploads/2016/07/orange-logo-vector-400x400.png",
        "https://www.orange-id.it/wp-content/uploads/2019/07/orange_artdirection_250.png",
        "https://www.orangeadv.it/wp-content/uploads/2019/02/Orange_ADV_Logo_white_top.png"
      ],
      "definitions": [
        "round yellow to orange fruit of any of several citrus trees",
        "orange color or pigment; any of a range of colors between red and yellow",
        "any citrus tree bearing oranges",
        "any pigment producing the orange color",
        "a river in South Africa that flows generally westward to the Atlantic Ocean"
      ]
    },
    {
      "id": "coconut",
      "image_urls": [
        "https://discoveredn-18cc7.kxcdn.com/wp-content/uploads/2021/04/kokosnoot_vrij.png",
        "https://www.isolabio.com/wp-content/uploads/2019/10/bevande_cocco_supreme_en-2-600x600.png",
        "https://sc04.alicdn.com/kf/U9a9deae3728040208c9097ad0af1ac1cR.png",
        "https://www.isolabio.com/wp-content/uploads/2019/06/2-creme_cucina-600x600_cocco_reb-600x600.png",
        "https://www.tonasia.com.vn/uploads/images/products/fresh-coconut-1.png"
      ],
      "definitions": [
        "the edible white meat of a coconut; often shredded for use in e.g. cakes and curries",
        "large hard-shelled oval nut with a fibrous husk containing thick white meat surrounding a central cavity filled (when fresh) with fluid or milk",
        "tall palm tree bearing coconuts as fruits; widely planted throughout the tropics"
      ]
    },
    {
      "id": "cherry",
      "image_urls": [
        "https://www.santorsola.com/2020/wp-content/uploads/2020/06/ciliegia-big.png",
        "https://www.boeschbodenspies.com/wp-content/uploads/2017/08/cherry.png",
        "https://static.wixstatic.com/media/2cd43b_4dfa25c96f064793ad2ac3e5a7b453fb~mv2.png",
        "https://cdn.shopify.com/s/files/1/2283/1973/products/04-qeeboo-cherry-lamp-by-nika-zupanc--red_1024x1024.png",
        "https://cdn.farmjournal.com/s3fs-public/1920-600-banner-cherries-ripe.png"
      ],
      "definitions": [
        "wood of any of various cherry trees especially the black cherry",
        "any of numerous trees and shrubs producing a small fleshy round fruit with a single hard stone; many also produce a valuable hardwood",
        "a red fruit with a single hard stone",
        "a red the color of ripe cherries"
      ]
    },
    {
      "id": "cheese",
      "image_urls": [
        "https://www.natec-network.com/images/NatecNetwork/applications/processed-cheese/NatecNetwork_ProcessedCheese-01.png",
        "https://www.puckarabia.com/globalassets/new-products-pictures/packshots/resized/01-triangle-chees-en.png",
        "https://storcpdkenticomedia.blob.core.windows.net/media/lolretail/media/lolr-media/products/00034500448307-600x600.png",
        "https://www.natec-network.com/images/NatecNetwork/applications/processed-cheese/all-applications-slider/Application_Food_ProcessedCheese_IWS.png",
        "https://presidentcheese-y0leynmj.netdna-ssl.com/wp-content/uploads/2017/06/CheeseSpreads.png"
      ],
      "definitions": [
        "a solid food prepared from the pressed curd of milk",
        "erect or decumbent Old World perennial with axillary clusters of rosy-purple flowers; introduced in United States"
      ]
    }
  ]
}