{
  "difficulty": "EASY",
  "objects": [
    {
      "id": "squirrel",
      "image_urls": [
        "https://images.twinkl.co.uk/tr/image/upload/illustation/Grey-Squirrel---Animal-Science-Secondary.png",
        "https://it.buccellati.com/sites/default/files/styles/product_big/public/img/product/scoiattolo_0.png",
        "https://images.twinkl.co.uk/tr/image/upload/illustation/Red-Squirrel--Animal-Scene-Nature-Scotland-Twinkl-Newsroom-KS2.png",
        "https://s3.envato.com/files/299233243/Cute%20Squirrel%20With%20Almonds%20SET/cute-squirrel-with-almonds%20transparent%20png.png",
        "https://static.wikia.nocookie.net/hayday/images/3/3e/Squirrel_Idle.png"
      ],
      "definitions": [
        "a kind of arboreal rodent having a long bushy tail",
        "the fur of a squirrel"
      ]
    },
    {
      "id": "mink",
      "image_urls": [
        "https://thenorfolkminkproject.org.uk/wp-content/uploads/2015/06/Mink-sighting-mink.png",
        "https://drncvpyikhjv3.cloudfront.net/sites/244/2019/05/30204910/mink.png",
        "https://cdn10.bigcommerce.com/s-dsqbh7cd/products/1851/images/1192/ALL_MINK__96900.1495052150.1280.1280.png",
        "https://cdn.shopify.com/s/files/1/0049/7686/9425/products/R-W-20U-21034-CS17-001_V3_1200x.png",
        "https://cdn.shopify.com/s/files/1/0263/8725/1260/products/R-W-20U-22004-MI00-003_V3_27a63df2-a215-40ef-976f-bed8df86d77d-422899_1200x.png"
      ],
      "definitions": [
        "the expensive fur of a mink",
        "fur coat made from the soft lustrous fur of minks",
        "slender-bodied semiaquatic mammal having partially webbed feet; valued for its fur"
      ]
    },
    {
      "id": "raccoon",
      "image_urls": [
        "https://www.jppestservices.com/sites/default/files/services/isolated/JP-Pest-Services_700x550_Raccoon_final.png",
        "https://static.wixstatic.com/media/24fe3c_ed1d59597c1a4ef09ffbd998b15001e4~mv2.png",
        "https://i.pinimg.com/originals/ef/ed/59/efed59fa0a9db54075f9831becb579ed.png",
        "https://images.twinkl.co.uk/tr/image/upload/t_illustration/illustation/Raccoon.png",
        "https://www.samsonite.it/dw/image/v2/AATF_PRD/on/demandware.static/-/Sites-samsonite-product-catalog/default/dw1b9d7c08/images/websiteexports/product_front/132078-8734-132078_8734_happy_sammies_eco_upr.4516_raccoon_remy_front-a04959dc-80c9-48dc-8c46-aac600910d41_sv_2017-11-09_sr_c_si_upload-c3b23c2837_sig_cK4dfCowuwmRVcVx4nUbPS9_Kkxq3wGaVPwmuO_1t0Q__spr_https.png"
      ],
      "definitions": [
        "the fur of the North American racoon",
        "an omnivorous nocturnal mammal native to North America and Central America"
      ]
    },
    {
      "id": "otter",
      "image_urls": [
        "https://images.twinkl.co.uk/tr/image/upload/t_illustration/illustation/japanese-river-otter.png",
        "https://img.icons8.com/emoji/452/otter-emoji.png",
        "https://www.seattleaquarium.org/sites/default/files/images/animal/sea-otter_0.png",
        "https://discoverkelpies.co.uk/wp-content/uploads/2019/07/SelkieGirl4.png",
        "https://www.varna-pasa.si/wp-content/uploads/2018/08/species-crop-img-vidra.png"
      ],
      "definitions": [
        "the fur of an otter",
        "freshwater carnivorous mammal having webbed and clawed feet and dark brown fur"
      ]
    },
    {
      "id": "mole",
      "image_urls": [
        "https://images.twinkl.co.uk/tr/raw/upload/u/ux/mole-wiki_ver_1.png",
        "https://images-na.ssl-images-amazon.com/images/I/51IY%2B4mlJ%2BL.png",
        "https://static.wikia.nocookie.net/fallout/images/b/ba/Mole_rat_fo4.png",
        "https://www.etownexterminator.com/assets/uploads/2018/10/Moles1.png",
        "https://deadcertpestcontrolcornwall.com/wp-content/uploads/2020/09/Mole-Icon-Realistic.png"
      ],
      "definitions": [
        "the molecular weight of a substance expressed in grams; the basic unit of amount of substance adopted under the Systeme International d'Unites",
        "a spy who works against enemy espionage",
        "spicy sauce often containing chocolate",
        "a small congenital pigmented spot on the skin",
        "a protective structure of stone or concrete; extends from shore into the water to prevent a beach from washing away",
        "small velvety-furred burrowing mammal having small eyes and fossorial forefeet"
      ]
    },
    {
      "id": "skunk",
      "image_urls": [
        "https://img.sensiseeds.com/it/semi-di-canapa/sensi-seeds/sensi-skunk-xl.png",
        "https://img.sensiseeds.com/it/semi-femminizzati/sensi-seeds/skunk-1-femminilizzata-xl.png",
        "https://img.sensiseeds.com/it/semi-femminizzati/sensi-seeds/skunk-1-automatic-photo.png",
        "https://seedsline.com/wp-content/uploads/2017/06/skunk-1-femminilizzata-xl.png",
        "https://img.sensiseeds.com/it/semi-di-canapa/sensi-seeds/super-skunk-xl.png"
      ],
      "definitions": [
        "a person who is deemed to be despicable or contemptible",
        "a defeat in a game where one side fails to score",
        "street names for marijuana",
        "American musteline mammal typically ejecting an intensely malodorous fluid when startled; in some classifications put in a separate subfamily Mephitinae"
      ]
    },
    {
      "id": "hare",
      "image_urls": [
        "https://scumblegoosie.co.uk/wp-content/uploads/2019/01/hare_edit.png",
        "https://i2.wp.com/irelandbeo.com/wp-content/uploads/2020/09/Hare.png",
        "https://creazilla-store.fra1.digitaloceanspaces.com/cliparts/9185/hare-clipart-md.png",
        "https://www.wildnephinnationalpark.ie/wp-content/uploads/2020/04/Hare_Badge-e1586678665212.png",
        "https://4vector.com/i/free-vector-hare_099067_Hare.png"
      ],
      "definitions": [
        "swift timid long-eared mammal larger than a rabbit having a divided upper lip and long hind legs; young born furred and with open eyes",
        "flesh of any of various rabbits or hares (wild or domesticated) eaten as food"
      ]
    },
    {
      "id": "rabbit",
      "image_urls": [
        "https://img.icons8.com/emoji/452/rabbit-emoji.png",
        "https://www.buccellati.com/sites/default/files/styles/product_big/public/img/product/coniglio.png",
        "https://vethelpdirect.com/wordpress/wp-content/uploads/2018/02/rabbit.png",
        "https://3wqjvwh65v-flywheel.netdna-ssl.com/wp-content/uploads/2018/05/morphocode-rabbit-logo-02.png",
        "https://static.wikia.nocookie.net/intothelongdark/images/f/fd/Rabbit.png"
      ],
      "definitions": [
        "any of various burrowing animals of the family Leporidae having long ears and short tails; some domesticated and raised for pets or food",
        "the fur of a rabbit",
        "flesh of any of various rabbits or hares (wild or domesticated) eaten as food"
      ]
    }
  ]
}