{
  "difficulty": "EASY",
  "objects": [
    {
      "id": "toe",
      "image_urls": [
        "https://dynasplint.com/wp-content/uploads/2019/11/toes.png",
        "https://upload.wikimedia.org/wikipedia/commons/thumb/0/07/Ospied-la.svg/250px-Ospied-la.svg.png",
        "https://www.accidentclaimsadvice.org.uk/wp-content/uploads/2019/08/broken-toe.png",
        "https://www.londonfootandanklesurgery.co.uk/wp-content/uploads/2018/10/Hammertoe-Blog-Size.png",
        "https://www.nextstepfoot.com/wp-content/uploads/2021/05/Claw-Toe2.png"
      ],
      "definitions": [
        "one of the digits of the foot",
        "the part of footwear that provides a covering for the toes",
        "forepart of a hoof",
        "(golf) the part of a clubhead farthest from the shaft"
      ]
    },
    {
      "id": "thigh",
      "image_urls": [
        "https://s3-us-west-2.amazonaws.com/courses-images/wp-content/uploads/sites/102/2017/05/27181843/Thigh-anterior-muscles-855x1024.png",
        "https://s3-us-west-2.amazonaws.com/courses-images/wp-content/uploads/sites/102/2017/05/27182248/Thigh-posterior-muscles-1024x651.png",
        "https://s3-us-west-2.amazonaws.com/courses-images/wp-content/uploads/sites/102/2017/05/27182413/hamstrings.png",
        "https://i1.wp.com/www.anatomyqa.com/wp-content/uploads/2018/05/muscles-of-ant-compartment-of-thigh-blog.png",
        "https://s3-us-west-2.amazonaws.com/courses-images/wp-content/uploads/sites/102/2017/05/27181642/gluteus-maximus-medius-minimus.png"
      ],
      "definitions": [
        "the part of the leg between the hip and the knee",
        "the upper joint of the leg of a fowl"
      ]
    },
    {
      "id": "shoulder",
      "image_urls": [
        "https://upload.wikimedia.org/wikipedia/commons/thumb/f/fc/Shoulder_joint.svg/1200px-Shoulder_joint.svg.png",
        "https://shoulderpaininfo.com/wp-content/uploads/sites/2/2021/01/2560px-Shoulder_joint_back-en.svg_-1024x924.png",
        "https://kellybryantwellness.com/wp-content/uploads/2020/05/1134px-Shoulder_joint.svg_-1024x925.png",
        "https://www.arlingtonortho.com/wp-content/uploads/2020/07/Shoulder-anatomy.png",
        "https://res.cloudinary.com/im2015/image/upload/v1587034604/Blog/v2/Labral_tear_No_BG-01.png"
      ],
      "definitions": [
        "the part of the body between the neck and the upper arm",
        "a cut of meat including the upper joint of the foreleg",
        "a ball-and-socket joint between the head of the humerus and a cavity of the scapula",
        "the part of a garment that covers or fits over the shoulder",
        "a narrow edge of land (usually unpaved) along the side of a road"
      ]
    },
    {
      "id": "ankle",
      "image_urls": [
        "https://upload.wikimedia.org/wikipedia/commons/thumb/b/bf/Ankle_en.svg/1200px-Ankle_en.svg.png",
        "https://asiamedicalspecialists.hk/files/article/81/Ankle%20ligament%20and%20cartilage.png",
        "https://lirp.cdn-website.com/72ea3332/dms3rep/multi/opt/Ankel+Instability-320w.png",
        "https://lportho.com/wp-content/uploads/2017/07/ankle_diagram.png",
        "https://d2ywvrgmgnteiv.cloudfront.net/assets/v4/_v2/ankle/ankle-replacemet-0ed043a9d0e86ecb26a85d5b1dace3008918cd41f2202207ade9063888281681.png"
      ],
      "definitions": [
        "a gliding joint between the distal ends of the tibia and fibula and the proximal end of the talus"
      ]
    },
    {
      "id": "leg",
      "image_urls": [
        "https://upload.wikimedia.org/wikipedia/commons/0/09/Gray1240.png",
        "https://creazilla-store.fra1.digitaloceanspaces.com/cliparts/77157/leg-clipart-md.png",
        "https://www.gymequip.eu/wp-content/uploads/2015/10/Leg-Extension-Leg-Curl-Machine-M8-4.png",
        "https://images.twinkl.co.uk/tr/image/upload/t_illustration/illustation/leg.png",
        "https://www.lifefitnessemea.com/resource/blob/664882/0d1762269724ed1afe1eaecf8d30ceb6/life-fitness-axiom-series-leg-extension-full-shroud-op-le--data.png"
      ],
      "definitions": [
        "a human limb; commonly used to refer to a whole limb but technically only the part of the limb between the knee and ankle",
        "a structure in animals that is similar to a human leg and used for locomotion",
        "one of the supports for a piece of furniture",
        "a part of a forked or branching shape",
        "the limb of an animal used for food",
        "a prosthesis that replaces a missing leg",
        "a cloth covering consisting of the part of a pair of trousers that covers a person's leg",
        "(nautical) the distance traveled by a sailing vessel on a single tack",
        "a section or portion of a journey or course"
      ]
    },
    {
      "id": "elbow",
      "image_urls": [
        "https://res.cloudinary.com/im2015/image/upload/v1583831908/Blog/v2/Elbow_Injuries_v2-10.png",
        "https://www.blog.ohmyarthritis.com/wp-content/uploads/tennis-elbow-pain.png",
        "https://cdn.sanity.io/images/0b678gck/buoy-public-site/c2d9a083bcf75072ad76d42571e93b6451c990b1-2000x1400.png",
        "https://www.compex.com/media/wysiwyg/compex-eu/pdp/compression-bracing/IT%20Defender%20Elbow%20Diagram.png",
        "https://res.cloudinary.com/im2015/image/upload/v1583822924/Blog/v2/Elbow_Injuries_f1-06.png"
      ],
      "definitions": [
        "hinge joint between the forearm and upper arm and the corresponding joint in the forelimb of a quadruped",
        "a sharp bend in a road or river",
        "a length of pipe with a sharp bend in it",
        "the part of a sleeve that covers the elbow joint",
        "the joint of a mammal or bird that corresponds to the human elbow"
      ]
    },
    {
      "id": "neck",
      "image_urls": [
        "https://2pybk2la9r-flywheel.netdna-ssl.com/wp-content/uploads/2020/05/72-neck_anatomy-1-1024x747.png",
        "https://upload.wikimedia.org/wikipedia/commons/thumb/d/da/Musculi_coli_base.svg/440px-Musculi_coli_base.svg.png",
        "https://smhttp-ssl-65481.nexcesscdn.net/media/catalog/product/cache/1/image/9df78eab33525d08d6e5fb8d27136e95/s/p/spidi_neck_gp.png",
        "https://2pybk2la9r-flywheel.netdna-ssl.com/wp-content/uploads/2020/05/73-neck-lymph_nodes-crop-2.png",
        "https://www.prada.com/content/dam/pradanux_products/U/UMB/UMB258/1ZJXF014C/UMB258_1ZJX_F014C_S_212_SLF.png"
      ],
      "definitions": [
        "the part of an organism (human or animal) that connects the head to the rest of the body",
        "a narrow elongated projecting strip of land",
        "a cut of meat from the neck of an animal",
        "a narrow part of an artifact that resembles a neck in position or form",
        "an opening in a garment for the neck of the wearer; a part of the garment near the wearer's neck"
      ]
    },
    {
      "id": "arm",
      "image_urls": [
        "https://upload.wikimedia.org/wikipedia/commons/thumb/7/77/Arm_logo_2017.svg/1280px-Arm_logo_2017.svg.png",
        "https://images.twinkl.co.uk/tr/image/upload/t_illustration/illustation/arm-1.png",
        "https://www.tecnologix.it/pub/media/catalog/product/cache/3b6f3fbe42cec9070da002fb247dc6fc/a/r/arm_logo.png",
        "https://cdn.shopify.com/s/files/1/0096/9926/2560/products/md_6511_elitecompressionsleeve_blk_back_7de477a5-7b13-480c-a772-e79569f4bab9_2000x.png",
        "https://images.twinkl.co.uk/tr/image/upload/t_illustration/illustation/childs-arm.png"
      ],
      "definitions": [
        "a human limb; technically the part of the superior limb between the shoulder and the elbow but commonly used to refer to the whole superior limb",
        "any projection that is thought to resemble a human arm",
        "any instrument or instrumentality used in fighting or hunting",
        "the part of an armchair or sofa that supports the elbow and forearm of a seated person",
        "a division of some larger or more complex organization",
        "the part of a garment that is attached at the armhole and that provides a cloth covering for the arm"
      ]
    }
  ]
}