{
  "difficulty": "EASY",
  "objects": [
    {
      "id": "spoon",
      "image_urls": [
        "https://res-3.cloudinary.com/christofle/s--Rqc7_NRo--/c_limit,dpr_2.0,f_auto,h_500,q_auto,w_500/media/catalog/product/S/t/Standard_20table_20spoon_20Albi_20_20Sterling_20silver_01407022000101_F_2_1.png",
        "https://res-2.cloudinary.com/christofle/s--9pvzXyd4--/c_limit,dpr_2.0,f_auto,h_500,q_auto,w_500/media/catalog/product/D/e/Dessert_20spoon_20Malmaison_20_20Sterling_20silver_01418014000101_F_2_1.png",
        "https://res-3.cloudinary.com/christofle/s--AW2ui7oj--/c_limit,dpr_2.0,f_auto,h_500,q_auto,w_500/media/catalog/product/S/e/Serving_20spoon_20Malmaison_20_20Silver_20plated_00018006000101_STQ_1_1.png",
        "https://www.arcos.com/media/catalog/product/cache/d3da5021f2d64e73d56df30e4091b50d/3/7/374923_detalle_1.png",
        "https://www.arcos.com/media/catalog/product/cache/d3da5021f2d64e73d56df30e4091b50d/7/0/701800_detalle_1.png"
      ],
      "definitions": [
        "a piece of cutlery with a shallow bowl-shaped container and a handle; used to stir or serve or take up food",
        "as much as a spoon will hold",
        "formerly a golfing wood with an elevated face"
      ]
    },
    {
      "id": "mug",
      "image_urls": [
        "https://www.lavazza.com/content/dam/lavazza/products/accessori/mugs/qualita-rossa-limited-edition-mug/Lavazza-ROSSA_kit-mug_thumb--29100238--.png",
        "https://cdn.shopify.com/s/files/1/0160/1822/products/Bond_Red_300mlMug_800_800x.png",
        "https://www.omugshop.com/wp-content/uploads/2020/03/DSC-WT.png",
        "https://www.lavazza.com/content/dam/lavazza/products/accessori/mugs/journeycollectionmugsbrasile/thumb-accessori-mug-journey-brazil.png",
        "https://www.colourbook.it/wp-content/uploads/2021/06/my-mug-love-you-1.png"
      ],
      "definitions": [
        "the quantity that can be held in a mug",
        "a person who is gullible and easy to take advantage of",
        "the human face (`kisser' and `smiler' and `mug' are informal terms for `face' and `phiz' is British)",
        "with handle and usually cylindrical"
      ]
    },
    {
      "id": "bucket",
      "image_urls": [
        "https://www.prada.com/content/dam/pradanux_products/1/1HC/1HC137/1L4KF0002/1HC137_1L4K_F0002_MDL.png",
        "https://mediacdn.nhbs.com/jackets/jackets_resizer_large/19/197162.png",
        "https://affordablebuckets.com/wp-content/uploads/2018/03/1-gallon-red-plastic-round-bucket-with-wire-bale-handle.png",
        "https://mediacdn.nhbs.com/jackets/jackets_resizer_large/19/197160.png",
        "https://www.prada.com/content/dam/pradanux_products/2/2HC/2HC137/1L4KF0002/2HC137_1L4K_F0002_MDL.png"
      ],
      "definitions": [
        "a roughly cylindrical vessel that is open at the top",
        "the quantity contained in a bucket"
      ]
    },
    {
      "id": "kettle",
      "image_urls": [
        "https://www.scarlett-europe.com/upload/resize_cache/iblock/cfd/1000_1500_1/SC_EK21S80.png",
        "https://www.beko.com/content/dam/brunei-bn-aem/brunei-bn-aemProductCatalog/product-images/8836583200-WKM4226B/8836583200-LO1-20180815-165018.png",
        "https://www.electrolux.com.sg/globalassets/appliances/electric-kettles/eek3505-left-1500x1500.png",
        "https://www.ifbappliances.com/media/catalog/product/cache/f6d60de4095a6e5204f81c04aa5b766f/d/i/digital_kettle_front_view_5.png",
        "https://ecg-electro.eu/wp-content/uploads/2020/07/rk_2080_glass_1-230x300.png"
      ],
      "definitions": [
        "a metal pot for stewing or boiling; usually has a lid",
        "the quantity a kettle will hold",
        "(geology) a hollow (typically filled by a lake) that results from the melting of a mass of ice trapped in glacial deposits",
        "a large hemispherical brass or copper percussion instrument with a drumhead that can be tuned by adjusting the tension on it"
      ]
    },
    {
      "id": "saucer",
      "image_urls": [
        "https://www.fuerstenberg-porzellan.com/out/pictures/master/product/1/un_64120weiss_suppenuntertasse.png",
        "https://s3.eu-central-1.amazonaws.com/ginori.platform.ugc/live/s3fs-public/140rg00_fx9401lxgeng01722400_02.png",
        "https://www.fuerstenberg-porzellan.com/out/pictures/master/product/1/TA2011155900.png",
        "https://elho.xcdn.nl/RM1100,1100,C_OQ70/green-basics-saucer-22cm-living-blackp1png/green_basics_saucer_22cm_living_black.p1.png",
        "https://res-2.cloudinary.com/christofle/s--ANYBXWTx--/c_limit,dpr_2.0,f_auto,h_265,q_auto,w_265/media/catalog/product/T/e/Tea_20cup_20and_20saucers_20Mood_20Nomade_20Porcelain_07685520000001_F.png"
      ],
      "definitions": [
        "something with a round shape resembling a flat circular plate",
        "a small shallow dish for holding a cup at the table",
        "directional antenna consisting of a parabolic reflector for microwave or radio frequency radiation",
        "a disk used in throwing competitions"
      ]
    },
    {
      "id": "bottle",
      "image_urls": [
        "https://www.rohnisch.com/on/demandware.static/-/Sites-rohnisch-catalog/default/dw84580a23/Hi-res/110513_S126_P1.png",
        "https://www.casall.com/storage/64D592134AAC067F381F0FDAF5D9F5681B9F3FD084EA33F132E3F34A202265AF/f3d5b444d72b49628bf8fd8b80e59ca7/png/media/f140d539edb4460c832415d2ee687d92/1-64040807.png",
        "https://www.prada.com/content/dam/pradanux_products/2/2UH/2UH003/2D84F0118/2UH003_2D84_F0118_V_OOO_SLF.png",
        "https://www.prada.com/content/dam/pradanux_products/2/2UH/2UH002/2D84F0118/2UH002_2D84_F0118_V_OOO_SLD.png",
        "https://cdn11.bigcommerce.com/s-ddskwahltf/images/stencil/1000x1000/products/121/535/SS-CY0001-001_Water_Bottle__35927.1591898350.png"
      ],
      "definitions": [
        "a glass or plastic vessel used for storing drinks or other liquids; typically cylindrical without handles and with a narrow neck that can be plugged or capped",
        "the quantity contained in a bottle",
        "a vessel fitted with a flexible teat and filled with milk or formula; used as a substitute for breast feeding infants and very young children"
      ]
    },
    {
      "id": "pot",
      "image_urls": [
        "https://elho.xcdn.nl/RM1100,1100,C_OQ70/tomato-pot-33-cm-living-black-8711904331634p1png/tomato_pot_33_cm_living_black_8711904331634.p1.png",
        "https://artevasi.com/wp-content/uploads/plastic-pot-recyclable-recycled-planter-eco-friendly-terracotta.png",
        "https://artevasi.com/wp-content/uploads/plastic-pot-recyclable-planter-outdoor-terracotta.png",
        "https://cdn.shopify.com/s/files/1/2198/4603/products/2inchteracottapot_59e38656-0321-44ca-982f-11a2e9e2a5b8_1200x.png",
        "https://cdn.shopify.com/s/files/1/0267/2816/9654/products/Leather-Pot-with-plant.png"
      ],
      "definitions": [
        "metal or earthenware cooking vessel that is usually round and deep; often has a handle and lid",
        "a plumbing fixture for defecation and urination",
        "the quantity contained in a pot",
        "a container in which plants are cultivated",
        "(often followed by `of') a large number or amount or extent",
        "the cumulative amount involved in a game (such as poker)",
        "slang for a paunch",
        "a resistor with three terminals, the third being an adjustable center terminal; used to adjust voltages in radios and TV sets",
        "street names for marijuana"
      ]
    },
    {
      "id": "tray",
      "image_urls": [
        "https://sgdentalshop.com/wp-content/uploads/2020/05/Asiga-build-tray-Pro-4K.png",
        "https://www.secretjardin.com/wp-content/uploads/2019/10/WATER-TRAY-1.png",
        "https://res-3.cloudinary.com/christofle/s--qSKqKd8X--/c_limit,dpr_2.0,f_auto,h_500,q_auto,w_500/media/catalog/product/R/e/Rectangular_20tray_20_20Malmaison_20_20Silver_20plated_04200720000101_T_1.png",
        "https://res-5.cloudinary.com/christofle/s---nnLPZJk--/c_limit,dpr_2.0,f_auto,h_500,q_auto,w_500/media/catalog/product/T/r/Tray_2020x16_20cm_20Graffiti_20_20Silver_20plated_04200416000001_STQP.png",
        "https://cdn.shopify.com/s/files/1/3008/1030/products/virginia-boys-kitchens-serving-tray-20-x-15-inch-rectangular-walnut-wood-serving-and-coffee-table-tray-with-handles-made-in-usa-walnut-wood-11694691811364_900x.png"
      ],
      "definitions": [
        "an open receptacle for holding or displaying or serving articles or food"
      ]
    }
  ]
}