{
  "difficulty": "EASY",
  "objects": [
    {
      "id": "eel",
      "image_urls": [
        "https://upload.wikimedia.org/wikipedia/commons/thumb/1/19/Eel-life-circle1.svg/310px-Eel-life-circle1.svg.png",
        "https://www.fws.gov/fisheries/freshwater-fish-of-america/images/originals/east_temperate/American_eel_DuaneRavenArt.png",
        "https://3.bp.blogspot.com/-GATbff41sXc/WTcAAJz94gI/AAAAAAAACWE/PxBJE5N516AWbXhKaDwm914vKERYjt3KgCEw/s1600/eel-976096_960_720.png",
        "https://forthriverstrust.org/wp-content/uploads/2020/03/eel5.png",
        "https://www.u-tokyo.ac.jp/content/400021240.png"
      ],
      "definitions": [
        "the fatty flesh of eel; an elongate fish found in fresh water in Europe and America; large eels are usually smoked or pickled",
        "voracious snakelike marine or freshwater fishes with smooth slimy usually scaleless skin and having a continuous vertical fin but no ventral fins"
      ]
    },
    {
      "id": "shrimp",
      "image_urls": [
        "https://17idjc2mjkuw17g32z1ivim6-wpengine.netdna-ssl.com/wp-content/uploads/Black_Tiger_Shrimp-650x650.png",
        "https://media.fisheries.noaa.gov/styles/original/s3/dam-migration/640x427-brown-shrimp.png",
        "https://media.fisheries.noaa.gov/styles/original/s3/dam-migration/640x427-white-shrimp.png",
        "https://media.fisheries.noaa.gov/styles/original/s3/dam-migration/640x427-atlantic-northern-shrimp.png",
        "https://royalshrimps.com/assets/components/phpthumbof/cache/shrimp2.5d9d5212482298763ec125cc76fef37d.png"
      ],
      "definitions": [
        "disparaging terms for small people",
        "any of various edible decapod crustaceans",
        "small slender-bodied chiefly marine decapod crustaceans with a long tail and single pair of pincers; many species are edible"
      ]
    },
    {
      "id": "salmon",
      "image_urls": [
        "https://youngsseafood.co.uk/wp-content/uploads/2017/06/atlantic-salmon.png",
        "https://media.fisheries.noaa.gov/styles/original/s3/dam-migration/640x427-sockeye-salmon.png",
        "https://www.gortons.com/wp-content/uploads/2017/01/Salmon-Imagery_420x420_CLASSIC.png",
        "https://0bb8856ba8259ec33e3d-a40599a114f3a4c6d0979c3ffe0b2bf5.ssl.cf2.rackcdn.com/0238587000000_CL_hyvee1_default_large.png",
        "https://www.aller-aqua.com/media/11392/5-atlantic-salmon-saltwater.png"
      ],
      "definitions": [
        "any of various large food and game fishes of northern waters; usually migrate from salt to fresh water to spawn",
        "a tributary of the Snake River in Idaho",
        "flesh of any of various marine or freshwater fish of the family Salmonidae",
        "a pale pinkish orange color"
      ]
    },
    {
      "id": "crab",
      "image_urls": [
        "https://media.fisheries.noaa.gov/styles/original/s3/dam-migration/1500x981-kona-crab-illustration.png",
        "https://media.fisheries.noaa.gov/styles/original/s3/dam-migration/640x427-alaska-snow-crab.png",
        "https://freight.cargo.site/t/original/i/665c73f2349be6c7302d3f5d0bd45fe2632e4234413e8e00c12af246e41f214e/Crab_White.png",
        "https://img.icons8.com/emoji/452/crab-.png",
        "https://static.wikia.nocookie.net/gensin-impact/images/0/0b/Item_Crab.png"
      ],
      "definitions": [
        "decapod having eyes on short stalks and a broad flattened carapace with a small abdomen folded under the thorax and pincers",
        "a quarrelsome grouch",
        "(astrology) a person who is born while the sun is in Cancer",
        "the fourth sign of the zodiac; the sun is in this sign from about June 21 to July 22",
        "the edible flesh of any of various crabs",
        "a louse that infests the pubic region of the human body",
        "a stroke of the oar that either misses the water or digs too deeply"
      ]
    },
    {
      "id": "lobster",
      "image_urls": [
        "https://media.fisheries.noaa.gov/styles/original/s3/dam-migration/640x427-american-lobster.png",
        "https://www.dictionary.com/e/wp-content/uploads/2018/11/lobster-emoji.png",
        "https://media.fisheries.noaa.gov/styles/original/s3/dam-migration/640x427-carribean-spiny-lobster.png",
        "https://cdn.shopify.com/s/files/1/1343/8677/products/Lobster-Cooked-PNG_083e4438-46c4-4ece-a5dd-8e3581568e1a_600x.png",
        "https://i1.wp.com/www.8pus.it/wp-content/uploads/2020/06/lobster-roll.png"
      ],
      "definitions": [
        "flesh of a lobster",
        "any of several edible marine crustaceans of the families Homaridae and Nephropsidae and Palinuridae"
      ]
    },
    {
      "id": "catfish",
      "image_urls": [
        "https://www.fws.gov/fisheries/freshwater-fish-of-america/images/originals/east_warm/Channel_catfish_DuaneRavenArt.png",
        "https://www.takemefishing.org/tmf/assets/images/fish/white-catfish-464x170.png",
        "https://static.wikia.nocookie.net/additional-creatures/images/c/cd/Goonch_Render.png",
        "https://guidesly.com/static/bb00ac8df96f718830a14ef78ccfab64/ee604/bda122e146df62d7fade1217aa963b1d.png",
        "https://fishbuoy.com/images/images/Fish_Species_Images/Identification/channel-catfish.png"
      ],
      "definitions": [
        "flesh of scaleless food fish of the southern United States; often farmed",
        "large ferocious northern deep-sea food fishes with strong teeth and no pelvic fins",
        "any of numerous mostly freshwater bottom-living fishes of Eurasia and North America with barbels like whiskers around the mouth"
      ]
    },
    {
      "id": "mackerel",
      "image_urls": [
        "https://media.fisheries.noaa.gov/styles/original/s3/dam-migration/640x427-atlantic-mackerel.png",
        "https://media.fisheries.noaa.gov/styles/original/s3/dam-migration/spanish_mackerel.png",
        "https://cdn.shopify.com/s/files/1/1343/8677/products/Atlantic_Mackerel_2800x.png",
        "https://img3.21food.com/img/product/2020/11/20/food3052441605840327280394.png",
        "https://www.isolafish.com/wp-content/uploads/2019/02/isola-fish-makreel.png"
      ],
      "definitions": [
        "flesh of very important usually small (to 18 in) fatty Atlantic fish",
        "any of various fishes of the family Scombridae"
      ]
    },
    {
      "id": "cod",
      "image_urls": [
        "https://www.callofduty.com/content/dam/atvi/callofduty/mobile/home/hero/cod-mobile-logo-v2.png",
        "https://media.fisheries.noaa.gov/styles/original/s3/dam-migration/640x427-atlantic-cod.png",
        "https://upload.wikimedia.org/wikipedia/commons/9/96/Gadus_macrocephalus.png",
        "https://guidesly.com/static/9f617b186b3a71e2c8a4d202a177b3e9/f3dec/43da3514da8065856230ec8d46d6bb3a.png",
        "https://www.fishwatch.gov/sites/default/files/pacific_cod.png"
      ],
      "definitions": [
        "the vessel that contains the seeds of a plant (not the seeds themselves)",
        "lean white flesh of important North Atlantic food fish; usually baked or poached",
        "major food fish of Arctic and cold-temperate waters"
      ]
    }
  ]
}