{
  "difficulty": "EASY",
  "objects": [
    {
      "id": "spoon",
      "image_urls": [
        "https://res-3.cloudinary.com/christofle/s--Rqc7_NRo--/c_limit,dpr_2.0,f_auto,h_500,q_auto,w_500/media/catalog/product/S/t/Standard_20table_20spoon_20Albi_20_20Sterling_20silver_01407022000101_F_2_1.png",
        "https://res-2.cloudinary.com/christofle/s--9pvzXyd4--/c_limit,dpr_2.0,f_auto,h_500,q_auto,w_500/media/catalog/product/D/e/Dessert_20spoon_20Malmaison_20_20Sterling_20silver_01418014000101_F_2_1.png",
        "https://res-3.cloudinary.com/christofle/s--AW2ui7oj--/c_limit,dpr_2.0,f_auto,h_500,q_auto,w_500/media/catalog/product/S/e/Serving_20spoon_20Malmaison_20_20Silver_20plated_00018006000101_STQ_1_1.png",
        "https://www.arcos.com/media/catalog/product/cache/d3da5021f2d64e73d56df30e4091b50d/3/7/374923_detalle_1.png",
        "https://www.arcos.com/media/catalog/product/cache/d3da5021f2d64e73d56df30e4091b50d/7/0/701800_detalle_1.png"
      ],
      "definitions": [
        "a piece of cutlery with a shallow bowl-shaped container and a handle; used to stir or serve or take up food",
        "as much as a spoon will hold",
        "formerly a golfing wood with an elevated face"
      ]
    },
    {
      "id": "sink",
      "image_urls": [
        "https://d7rh5s3nxmpy4.cloudfront.net/CMP1219/2/PR11899BI11133_11128001_PREMIUM_1C_SZ1.png",
        "https://www.schock.de/_Resources/Persistent/6ef1bf87a03691e692fc36b124322d0aee199a50/Inspiration-N-175Y-GNE-topview-1000x661.png",
        "https://crownappliances.com.pk/wp-content/uploads/2021/01/CR-6045-min-1.png",
        "https://www.mrdirectint.com/media/products/sink/2718/product/main.1000.png",
        "https://d7rh5s3nxmpy4.cloudfront.net/CMP1219/PR11617BI20811_10125004_BE_34_37_1B_SZ1.png"
      ],
      "definitions": [
        "plumbing fixture consisting of a water basin fixed to a wall or floor and having a drainpipe",
        "(technology) a process that acts to absorb or remove energy or a substance from a system",
        "a depression in the ground communicating with a subterranean passage (especially in limestone) and formed by solution or by collapse of a cavern roof",
        "a covered cistern; waste water and sewage flow into it"
      ]
    },
    {
      "id": "ladle",
      "image_urls": [
        "https://cdn.shopify.com/s/files/1/0526/7144/7238/products/ladle-kitchen-flying-tiger-copenhagen-844912.png",
        "https://www.arcos.com/media/catalog/product/cache/d3da5021f2d64e73d56df30e4091b50d/4/1/411000_detalle.png",
        "https://www.georgjensen.com/dw/image/v2/BBPS_PRD/on/demandware.static/-/Sites-master-catalog/default/dwacf99040/images/hi-res/pack___3021156-1200-1.png",
        "https://res-1.cloudinary.com/christofle/s--2Sh6pP60--/c_limit,dpr_2.0,f_auto,h_500,q_auto,w_500/media/catalog/product/S/o/Soup_20ladle_20Albi_202_20Stainless_20steel_02407005000001_F.png",
        "https://www.arcos.com/media/catalog/product/cache/d3da5021f2d64e73d56df30e4091b50d/4/1/411000_listado.png"
      ],
      "definitions": [
        "a spoon-shaped vessel with a long handle; frequently used to transfer liquids from one container to another"
      ]
    },
    {
      "id": "fridge",
      "image_urls": [
        "https://www.winningappliances.com.au/public/images/product/srf719dls/external/719L-Samsung-4-Door-Fridge-SRF719DLS-Hero-Image-standard.png",
        "https://cdn11.bigcommerce.com/s-npke0f4fvr/images/stencil/1280x1280/products/4591/15946/WQE6060SB_Westinghouse_French_Door_Fridge__30906.1594105873.png",
        "https://assets.products-live.ao.com/Images/41374523-f2f7-438e-a9a3-4363ad829bfc/1280x1280/rs50n3513sl_si_samsung_aff_03.png",
        "https://masons.co.za/wp-content/uploads/2018/11/hisense-fridge-H630TI-WD.png",
        "https://www.beko.com/content/dam/nigeria-ng-aem/nigeria-ng-aemProductCatalog/product-images/8141310020-BAC530-UK/BAC-530.png"
      ],
      "definitions": [
        "a refrigerator in which the coolant is pumped around by an electric motor"
      ]
    },
    {
      "id": "blender",
      "image_urls": [
        "https://services.electrolux-medialibrary.com/118ed4c0ee6546f4a7684c7fef8c985aNrZmYkM861d1f/view/WS_PN/PSEEBD200PS0001P.png",
        "https://www.scarlett-europe.com/upload/resize_cache/iblock/721/1000_1500_1/SC_HB42F54_all.png",
        "https://www.beko.com/content/dam/brunei-bn-aem/brunei-bn-aemProductCatalog/product-images/8834023200-TBN7802X-UK/8834023200-LO1-20190910-112216.png",
        "https://cdn.shopify.com/s/files/1/0489/8376/9247/products/BEAST_B10---Black---Empty---PNG24---1000px-Inter_1000x.png",
        "https://www.mayer.sg/pub/media/catalog/product/cache/458cdfb900b7b48b9fd1e65800102bb9/m/a/mayer_mmbc19-bk.png"
      ],
      "definitions": [
        "an electrically powered mixer with whirling blades that mix or chop or liquefy foods"
      ]
    },
    {
      "id": "kettle",
      "image_urls": [
        "https://www.scarlett-europe.com/upload/resize_cache/iblock/cfd/1000_1500_1/SC_EK21S80.png",
        "https://www.beko.com/content/dam/brunei-bn-aem/brunei-bn-aemProductCatalog/product-images/8836583200-WKM4226B/8836583200-LO1-20180815-165018.png",
        "https://www.electrolux.com.sg/globalassets/appliances/electric-kettles/eek3505-left-1500x1500.png",
        "https://www.ifbappliances.com/media/catalog/product/cache/f6d60de4095a6e5204f81c04aa5b766f/d/i/digital_kettle_front_view_5.png",
        "https://ecg-electro.eu/wp-content/uploads/2020/07/rk_2080_glass_1-230x300.png"
      ],
      "definitions": [
        "a metal pot for stewing or boiling; usually has a lid",
        "the quantity a kettle will hold",
        "(geology) a hollow (typically filled by a lake) that results from the melting of a mass of ice trapped in glacial deposits",
        "a large hemispherical brass or copper percussion instrument with a drumhead that can be tuned by adjusting the tension on it"
      ]
    },
    {
      "id": "dishwasher",
      "image_urls": [
        "https://assets.products-live.ao.com/Images/3b04f8b6-21ae-4ea4-a435-ee4ef70f3385/1280x1280/Bosch_SPS4HKW45G_WH_048.png",
        "https://storage.beko.co.uk/blomberg2018products/large/Blomberg_Dishwasher_LDF42240W_White_AngledFullyOpen.png",
        "https://na2.electroluxmedia.com/Transparent/Electrolux/Electrolux%20Assets/Images/Product%20Photography/FDPC4221AS-HOV.png",
        "https://cdn.shopify.com/s/files/1/0739/2987/files/tetra-dishwasher.png",
        "https://media.croma.com/image/upload/v1605261054/Croma%20Assets/Large%20Appliances/Dishwashers/Images/8950724067358.png"
      ],
      "definitions": [
        "a machine for washing dishes",
        "someone who washes dishes"
      ]
    },
    {
      "id": "colander",
      "image_urls": [
        "https://cdn.ckitchen.com/pmidimages/admiral-craft-alc-11-colander.png",
        "https://cdn.ckitchen.com/pmidimages/alegacy-foodservice-products-r33-colander.png",
        "https://cdn.shopify.com/s/files/1/1338/0611/products/08705.png",
        "https://cdn.shopify.com/s/files/1/0068/1728/4155/products/stainless-steel-colander-500x500_1_800x.png",
        "https://sc04.alicdn.com/kf/UT8O7vvXVVcXXcUQpbXg.png"
      ],
      "definitions": [
        "bowl-shaped strainer; used to wash or drain foods"
      ]
    }
  ]
}