{
  "difficulty": "EASY",
  "objects": [
    {
      "id": "trumpet",
      "image_urls": [
        "https://musicalinstrumenthire.com/wp-content/uploads/2018/07/Trumpet.png",
        "https://cdn.jpmusicalinstruments.com/uploads/prod_card_img/2_34_cb.png",
        "https://cdn.jpmusicalinstruments.com/uploads/var/14_60_s.png",
        "https://www.conn-selmer.com/application/files/4715/3745/3723/top-selling-601.png",
        "https://cdn11.bigcommerce.com/s-ba0uaju45t/images/stencil/1200x1800/products/1255/1876/Q10RS__50018.1589034338.png"
      ],
      "definitions": [
        "a brass musical instrument with a brilliant tone; has a narrow tube and a flared bell and is played by means of valves"
      ]
    },
    {
      "id": "saxophone",
      "image_urls": [
        "https://www.selmer.fr/media/cache/sylius_shop_product_original/63/4b/615d3563fc58df17561c48a9618e.png",
        "https://cdn11.bigcommerce.com/s-sjkuycrcgv/images/stencil/1280x1280/products/1630/6846/eas850__53411.1593209702.png",
        "https://static.wixstatic.com/media/f393a1_ff33c84871b241cb816ce0d52587261d~mv2_d_2612_4689_s_4_2.png",
        "https://www.abi.co.nz/edit/image_cache/AltoGold_DSC4734ccs_900x600c0pcenter.png",
        "https://static.wixstatic.com/media/bc9b35_b17d9f0ae87246d29ee1a9be9a48f913~mv2_d_1670_2785_s_2.png"
      ],
      "definitions": [
        "a single-reed woodwind with a conical bore"
      ]
    },
    {
      "id": "banjo",
      "image_urls": [
        "https://armadillo.sirv.com/assets/web/feature/bgbmoon5e.png",
        "https://www.ibanez.com/common/product_artist_file/file/ps_main_ag_banjo_en.png",
        "https://aquilacorde.com/wp-content/uploads/2019/04/banjo-oldtime-e1555498790721.png",
        "https://www.ibanez.com/common/product_artist_file/file/pm_main_ag_banjo_en_sp.png",
        "https://images.twinkl.co.uk/tr/image/upload/t_illustration/illustation/Banjo.png"
      ],
      "definitions": [
        "a stringed instrument of the guitar family that has long neck and circular body"
      ]
    },
    {
      "id": "clarinet",
      "image_urls": [
        "https://triumphmusic.ca/wp-content/uploads/2020/10/front2.png",
        "https://www.selmer.fr/media/cache/sylius_shop_product_original/fe/3f/09733e3af0ab2f3ff462977dbe07.png",
        "https://cdn.jpmusicalinstruments.com/uploads/prod_img/2_93_s.png",
        "https://images.squarespace-cdn.com/content/v1/5a694db24c326d6eed9f06d3/1518738205204-ZVXMJCQQ1QP88WPUBQQG/clarinet-diagram-image.png",
        "https://www.grandvintage.it/pub/media/catalog/product/cache/10f519365b01716ddb90abc57de5a837/p/h/phpnk48vd_copy.png"
      ],
      "definitions": [
        "a single-reed instrument with a straight tube"
      ]
    },
    {
      "id": "piano",
      "image_urls": [
        "https://pianophoenix.com/wp-content/uploads/2021/02/Piano-Phoenix-3D-trois-pianos-HQ0160-1500px_conv_jpg.png",
        "https://cdn.korg.com/it/products/upload/778786bc42fe9c8f4f4c4b24eb9bd503_sp.png",
        "https://cdn.shopify.com/s/files/1/1796/0747/products/Piano.png",
        "https://www.skoove.com/blog/wp-content/uploads/2021/04/record-your-creation-768x501.png",
        "https://www.musiccitypianos.com/information/ewExternalFiles/P22LDAO_with_bench%20T-1.png"
      ],
      "definitions": [
        "a keyboard instrument that is played by depressing keys that cause hammers to strike tuned strings and produce sounds",
        "(music) low loudness"
      ]
    },
    {
      "id": "guitar",
      "image_urls": [
        "https://upload.wikimedia.org/wikipedia/commons/4/45/GuitareClassique5.png",
        "https://s3.amazonaws.com/busites_www/takamine/content/images/GD51CE-NAT_h.png",
        "https://s3.amazonaws.com/busites_www/takamine/content/images/GF15CE-NAT_h.png",
        "https://static.gibson.com/product-images/Epiphone/EPIHWP932/Ebony/EASTAREBCH1_front.png",
        "https://images.squarespace-cdn.com/content/v1/5f700f24010a690b2ecd50f9/1601179461721-HBDF36KB5DMT5NWU4AMB/image-asset.png"
      ],
      "definitions": [
        "a stringed instrument usually having six strings; played by strumming or plucking"
      ]
    },
    {
      "id": "flute",
      "image_urls": [
        "https://cdn.shopify.com/s/files/1/0239/5749/products/SIDE-BLOWN-FLUTE-Arabian-Bamboo-Body-Exotic-Scale-Large-1.png",
        "https://cdn.shopify.com/s/files/1/0239/5749/products/SIDE-BLOWN-FLUTE-Oriental-minor-pentatonic-Bamboo-Body-Exotic-Scale-1.png",
        "https://www.pearlflute.com/sites/default/files/2017-08/PFB-305BE_0.png",
        "https://cdn.jpmusicalinstruments.com/uploads/prod_img/2_100_s.png",
        "https://cdn.shopify.com/s/files/1/0239/5749/products/SIDE-BLOWN-FLUTE-Chinese-Bamboo-Body-Exotic-Scale-1.png"
      ],
      "definitions": [
        "a high-pitched woodwind instrument; a slender tube closed at one end with finger holes on one end and an opening near the closed end across which the breath is blown",
        "a tall narrow wineglass",
        "a groove or furrow in cloth etc (particularly a shallow concave groove on the shaft of a column)"
      ]
    },
    {
      "id": "trombone",
      "image_urls": [
        "https://cdn11.bigcommerce.com/s-sjkuycrcgv/images/stencil/1280x1280/products/1589/6796/Shires_Trombone_TBALESSI_Front_1119_2__80790.1613683486.png",
        "https://cdn.jpmusicalinstruments.com/uploads/var/14_103_s.png",
        "https://glistrumenti.com/wp-content/uploads/2020/06/trombone.png",
        "https://cdn.jpmusicalinstruments.com/uploads/prod_img/2_33_s.png",
        "https://images.squarespace-cdn.com/content/v1/5a694db24c326d6eed9f06d3/1518738167229-0KK8VZIZKC5VYX85FEKC/trombone-diagram-image.png"
      ],
      "definitions": [
        "a brass instrument consisting of a long tube whose length can be varied by a U-shaped slide"
      ]
    }
  ]
}